id,name,status,physical_verification,source_url,evidence_file,checked_at,osm_last_edit,osm_version,survey_dates,positive_tags,review_flags,opening_hours,website,website_checked,lat,lon,tag_changes,next_action
node/316743611,Kranji,tag_supported,not_verified,https://www.openstreetmap.org/node/316743611,batch-1.json,2026-09-05T10:24:51.878712+00:00,2025-05-02T12:20:20Z,33,{},"[""wheelchair=yes""]","[""no_recorded_accessibility_survey_date""]",,,False,-6.2245133,106.9798267,{},"Periksa pintu masuk, kondisi fasilitas, hambatan, jam akses dan foto bertanggal di lapangan."
node/316744738,Cibitung,tag_supported,not_verified,https://www.openstreetmap.org/node/316744738,batch-1.json,2026-09-05T10:24:51.878712+00:00,2026-03-08T00:07:32Z,30,{},"[""wheelchair=yes""]","[""no_recorded_accessibility_survey_date""]",,,False,-6.2618245,107.0837982,{},"Periksa pintu masuk, kondisi fasilitas, hambatan, jam akses dan foto bertanggal di lapangan."
node/318718577,Pondok Ranji,tag_supported,not_verified,https://www.openstreetmap.org/node/318718577,batch-1.json,2026-09-05T10:24:51.878712+00:00,2025-05-27T12:23:56Z,19,{},"[""wheelchair=yes""]","[""no_recorded_accessibility_survey_date""]",,,False,-6.2766831,106.7446926,{},"Periksa pintu masuk, kondisi fasilitas, hambatan, jam akses dan foto bertanggal di lapangan."
node/318841469,Citayam,tag_supported,not_verified,https://www.openstreetmap.org/node/318841469,batch-1.json,2026-09-05T10:24:51.878712+00:00,2026-06-27T15:29:14Z,20,{},"[""wheelchair=yes""]","[""no_recorded_accessibility_survey_date""]",,,False,-6.4488237,106.8023619,{},"Periksa pintu masuk, kondisi fasilitas, hambatan, jam akses dan foto bertanggal di lapangan."
node/972186784,XXI,tag_supported,not_verified,https://www.openstreetmap.org/node/972186784,batch-1.json,2026-09-05T10:24:51.878712+00:00,2026-06-17T03:44:25Z,7,{},"[""wheelchair=yes""]","[""no_recorded_accessibility_survey_date""]",Mo-Su 10:00-22:00,,False,-6.2646617,106.7843092,{},"Periksa pintu masuk, kondisi fasilitas, hambatan, jam akses dan foto bertanggal di lapangan."
node/1345742942,KFC,tag_supported,not_verified,https://www.openstreetmap.org/node/1345742942,batch-1.json,2026-09-05T10:24:51.878712+00:00,2019-11-25T00:49:09Z,2,{},"[""wheelchair=yes""]","[""no_recorded_accessibility_survey_date""]",24/7,,False,-6.2265246,106.8015565,{},"Periksa pintu masuk, kondisi fasilitas, hambatan, jam akses dan foto bertanggal di lapangan."
node/1354554844,CFC,tag_supported,not_verified,https://www.openstreetmap.org/node/1354554844,batch-1.json,2026-09-05T10:24:51.878712+00:00,2024-05-10T14:17:05Z,5,{},"[""wheelchair=yes""]","[""no_recorded_accessibility_survey_date""]",24/7,,False,-6.1892346,106.7963777,{},"Periksa pintu masuk, kondisi fasilitas, hambatan, jam akses dan foto bertanggal di lapangan."
node/1579904447,,tag_supported_needs_review,not_verified,https://www.openstreetmap.org/node/1579904447,batch-1.json,2026-09-05T10:24:51.878712+00:00,2023-03-27T09:45:38Z,8,"{""survey:date"": ""2022-06-27""}","[""wheelchair=yes""]","[""access=private"", ""unnamed_object""]",,,False,-6.381081,106.8422871,{},"Periksa pintu masuk, kondisi fasilitas, hambatan, jam akses dan foto bertanggal di lapangan."
node/1691655086,Sekretariat RW 07 (Front Office Taman Anggrek),tag_supported_needs_review,not_verified,https://www.openstreetmap.org/node/1691655086,batch-1.json,2026-09-05T10:24:51.878712+00:00,2023-11-23T03:36:39Z,7,"{""check_date"": ""2023-11-13""}","[""wheelchair=yes""]","[""indoor_or_level_requires_entrance_check""]",,,False,-6.1788679,106.7919629,{},"Periksa pintu masuk, kondisi fasilitas, hambatan, jam akses dan foto bertanggal di lapangan."
node/1708442915,Loewy,tag_supported,not_verified,https://www.openstreetmap.org/node/1708442915,batch-1.json,2026-09-05T10:24:51.878712+00:00,2017-02-14T00:57:51Z,2,{},"[""wheelchair=yes""]","[""no_recorded_accessibility_survey_date""]",,,False,-6.2274971,106.8256943,{},"Periksa pintu masuk, kondisi fasilitas, hambatan, jam akses dan foto bertanggal di lapangan."
node/2063493247,Asrama UI,tag_supported,not_verified,https://www.openstreetmap.org/node/2063493247,batch-1.json,2026-09-05T10:24:51.878712+00:00,2024-03-15T04:07:41Z,4,{},"[""wheelchair=yes""]","[""no_recorded_accessibility_survey_date""]",,,False,-6.3483498,106.8297711,{},"Periksa pintu masuk, kondisi fasilitas, hambatan, jam akses dan foto bertanggal di lapangan."
node/2063493256,Fakultas Ekonomi dan Bisnis,tag_supported,not_verified,https://www.openstreetmap.org/node/2063493256,batch-1.json,2026-09-05T10:24:51.878712+00:00,2024-03-15T12:03:21Z,5,{},"[""wheelchair=yes""]","[""no_recorded_accessibility_survey_date""]",,,False,-6.3594526,106.8258186,{},"Periksa pintu masuk, kondisi fasilitas, hambatan, jam akses dan foto bertanggal di lapangan."
node/2063493261,Fakultas Ekonomi dan Bisnis,tag_supported,not_verified,https://www.openstreetmap.org/node/2063493261,batch-1.json,2026-09-05T10:24:51.878712+00:00,2024-03-15T12:03:21Z,5,{},"[""wheelchair=yes""]","[""no_recorded_accessibility_survey_date""]",,,False,-6.3596138,106.8256942,{},"Periksa pintu masuk, kondisi fasilitas, hambatan, jam akses dan foto bertanggal di lapangan."
node/2063493269,Fakultas Ilmu Pengetahuan Budaya,tag_supported,not_verified,https://www.openstreetmap.org/node/2063493269,batch-1.json,2026-09-05T10:24:51.878712+00:00,2024-03-15T12:03:21Z,5,{},"[""wheelchair=yes""]","[""no_recorded_accessibility_survey_date""]",,,False,-6.361182,106.8294626,{},"Periksa pintu masuk, kondisi fasilitas, hambatan, jam akses dan foto bertanggal di lapangan."
node/2063528168,Shelter Asrama,tag_supported,not_verified,https://www.openstreetmap.org/node/2063528168,batch-1.json,2026-09-05T10:24:51.878712+00:00,2018-11-19T08:46:48Z,3,{},"[""wheelchair=yes""]","[""no_recorded_accessibility_survey_date""]",,,False,-6.3485275,106.8293467,{},"Periksa pintu masuk, kondisi fasilitas, hambatan, jam akses dan foto bertanggal di lapangan."
node/2138698494,Grand Indonesia Amarta Lobby,tag_supported,not_verified,https://www.openstreetmap.org/node/2138698494,batch-1.json,2026-09-05T10:24:51.878712+00:00,2019-12-30T20:32:10Z,4,{},"[""wheelchair=yes""]","[""no_recorded_accessibility_survey_date""]",,,False,-6.1946036,106.819826,{},"Periksa pintu masuk, kondisi fasilitas, hambatan, jam akses dan foto bertanggal di lapangan."
node/2372928209,Universitas Indonesia,tag_supported,not_verified,https://www.openstreetmap.org/node/2372928209,batch-1.json,2026-09-05T10:24:51.878712+00:00,2026-06-27T15:22:56Z,11,{},"[""wheelchair=yes""]","[""no_recorded_accessibility_survey_date""]",,,False,-6.3604315,106.831782,{},"Periksa pintu masuk, kondisi fasilitas, hambatan, jam akses dan foto bertanggal di lapangan."
node/2409741675,Masjid Jami' Al-Falah Pondok Cibubur,tag_supported,not_verified,https://www.openstreetmap.org/node/2409741675,batch-1.json,2026-09-05T10:24:51.878712+00:00,2026-07-06T13:20:52Z,2,{},"[""wheelchair=yes""]","[""no_recorded_accessibility_survey_date""]",24/7,,False,-6.3789243,106.8787907,{},"Periksa pintu masuk, kondisi fasilitas, hambatan, jam akses dan foto bertanggal di lapangan."
node/2567245926,"Sultan Soffat Asmawi ""Pijat & Urut Tulang""",tag_supported,not_verified,https://www.openstreetmap.org/node/2567245926,batch-1.json,2026-09-05T10:24:51.878712+00:00,2017-08-30T08:34:52Z,4,{},"[""wheelchair=yes"", ""toilets:wheelchair=yes""]","[""no_recorded_accessibility_survey_date""]",,,False,-6.2385487,106.9058271,{},"Periksa pintu masuk, kondisi fasilitas, hambatan, jam akses dan foto bertanggal di lapangan."
node/3009762892,Masjid Ukhuwah Islamiyah,tag_supported,not_verified,https://www.openstreetmap.org/node/3009762892,batch-1.json,2026-09-05T10:24:51.878712+00:00,2023-09-12T16:45:02Z,4,{},"[""wheelchair=yes""]","[""no_recorded_accessibility_survey_date""]",,,False,-6.3658093,106.8311115,{},"Periksa pintu masuk, kondisi fasilitas, hambatan, jam akses dan foto bertanggal di lapangan."
node/3415431328,Kebayoran,tag_supported,not_verified,https://www.openstreetmap.org/node/3415431328,batch-1.json,2026-09-05T10:24:51.878712+00:00,2025-06-01T04:53:14Z,12,{},"[""wheelchair=yes""]","[""no_recorded_accessibility_survey_date""]",,,False,-6.2383774,106.7831893,{},"Periksa pintu masuk, kondisi fasilitas, hambatan, jam akses dan foto bertanggal di lapangan."
node/3415431355,Ragunan,tag_supported,not_verified,https://www.openstreetmap.org/node/3415431355,batch-1.json,2026-09-05T10:24:51.878712+00:00,2024-06-24T13:55:59Z,12,{},"[""wheelchair=yes""]","[""no_recorded_accessibility_survey_date""]",,,False,-6.3057626,106.8190175,{},"Periksa pintu masuk, kondisi fasilitas, hambatan, jam akses dan foto bertanggal di lapangan."
node/3642365882,Agen Resmi Lulur Nature Organic : Ibu Nisa,tag_supported,not_verified,https://www.openstreetmap.org/node/3642365882,batch-1.json,2026-09-05T10:24:51.878712+00:00,2015-07-09T10:54:04Z,1,{},"[""wheelchair=yes""]","[""no_recorded_accessibility_survey_date""]",,http://www.lulurnatureorganic.net,False,-6.3572953,106.8508568,{},"Periksa pintu masuk, kondisi fasilitas, hambatan, jam akses dan foto bertanggal di lapangan."
node/3659598581,Ngobas,tag_supported,not_verified,https://www.openstreetmap.org/node/3659598581,batch-1.json,2026-09-05T10:24:51.878712+00:00,2023-10-15T21:08:38Z,5,{},"[""wheelchair=yes""]","[""no_recorded_accessibility_survey_date""]",09:00-21:00,https://ngobas.com/,False,-6.3329511,106.7369118,{},"Periksa pintu masuk, kondisi fasilitas, hambatan, jam akses dan foto bertanggal di lapangan."
node/3838522760,Dapur Solo,tag_supported,not_verified,https://www.openstreetmap.org/node/3838522760,batch-1.json,2026-09-05T10:24:51.878712+00:00,2026-05-15T16:41:44Z,6,{},"[""wheelchair=yes""]","[""no_recorded_accessibility_survey_date""]",,,False,-6.188042,106.8234822,{},"Periksa pintu masuk, kondisi fasilitas, hambatan, jam akses dan foto bertanggal di lapangan."
node/4001927794,Bakmi GM Sunda,tag_supported_needs_review,not_verified,https://www.openstreetmap.org/node/4001927794,batch-1.json,2026-09-05T10:24:51.878712+00:00,2019-12-30T11:08:07Z,5,{},"[""toilets:wheelchair=yes""]","[""indoor_or_level_requires_entrance_check"", ""no_recorded_accessibility_survey_date""]",,,False,-6.1887788,106.8243119,{},"Periksa pintu masuk, kondisi fasilitas, hambatan, jam akses dan foto bertanggal di lapangan."
node/4069790363,CFC,tag_supported,not_verified,https://www.openstreetmap.org/node/4069790363,batch-1.json,2026-09-05T10:24:51.878712+00:00,2024-05-05T07:52:31Z,2,{},"[""wheelchair=yes""]","[""no_recorded_accessibility_survey_date""]",,,False,-6.3009357,106.8996938,{},"Periksa pintu masuk, kondisi fasilitas, hambatan, jam akses dan foto bertanggal di lapangan."
node/4146360260,Grand Hyatt Jakarta,tag_supported,not_verified,https://www.openstreetmap.org/node/4146360260,batch-1.json,2026-09-05T10:24:51.878712+00:00,2026-08-15T18:26:47Z,10,"{""check_date"": ""2026-08-16""}","[""wheelchair=yes""]",[],,,False,-6.1938028,106.8224472,{},"Periksa pintu masuk, kondisi fasilitas, hambatan, jam akses dan foto bertanggal di lapangan."
node/4152501731,Mall Citra Gran,tag_supported,not_verified,https://www.openstreetmap.org/node/4152501731,batch-1.json,2026-09-05T10:24:51.878712+00:00,2021-11-27T09:06:35Z,3,{},"[""wheelchair=yes""]","[""no_recorded_accessibility_survey_date""]",,,False,-6.3823404,106.9276507,{},"Periksa pintu masuk, kondisi fasilitas, hambatan, jam akses dan foto bertanggal di lapangan."
node/4152523896,Mal Ciputra,tag_supported,not_verified,https://www.openstreetmap.org/node/4152523896,batch-1.json,2026-09-05T10:24:51.878712+00:00,2021-11-27T09:11:47Z,3,{},"[""wheelchair=yes"", ""toilets:wheelchair=yes""]","[""no_recorded_accessibility_survey_date""]",,,False,-6.3823382,106.92613,{},"Periksa pintu masuk, kondisi fasilitas, hambatan, jam akses dan foto bertanggal di lapangan."
node/4243802509,Twin Plaza Hotel,tag_supported,not_verified,https://www.openstreetmap.org/node/4243802509,batch-1.json,2026-09-05T10:24:51.878712+00:00,2019-09-10T09:57:54Z,2,{},"[""wheelchair=yes""]","[""no_recorded_accessibility_survey_date""]",,,False,-6.1826158,106.7971419,{},"Periksa pintu masuk, kondisi fasilitas, hambatan, jam akses dan foto bertanggal di lapangan."
node/4243812179,Museum Sejarah Jakarta,tag_supported,not_verified,https://www.openstreetmap.org/node/4243812179,batch-1.json,2026-09-05T10:24:51.878712+00:00,2026-06-22T07:38:40Z,11,{},"[""wheelchair=yes""]","[""no_recorded_accessibility_survey_date""]",Tu-Su 09:00-15:00,,False,-6.1351548,106.813289,{},"Periksa pintu masuk, kondisi fasilitas, hambatan, jam akses dan foto bertanggal di lapangan."
node/4245714333,Sheraton Grand Jakarta Gandaria City Hotel,tag_supported,not_verified,https://www.openstreetmap.org/node/4245714333,batch-1.json,2026-09-05T10:24:51.878712+00:00,2024-05-04T10:41:48Z,6,"{""check_date"": ""2023-10-11""}","[""wheelchair=yes""]",[],,,False,-6.2452177,106.7830538,{},"Periksa pintu masuk, kondisi fasilitas, hambatan, jam akses dan foto bertanggal di lapangan."
node/4245907143,Cafe Batavia,tag_supported,not_verified,https://www.openstreetmap.org/node/4245907143,batch-1.json,2026-09-05T10:24:51.878712+00:00,2022-05-18T05:05:23Z,5,{},"[""wheelchair=yes""]","[""no_recorded_accessibility_survey_date""]",,https://cafebatavia.com/,False,-6.1344159,106.812774,{},"Periksa pintu masuk, kondisi fasilitas, hambatan, jam akses dan foto bertanggal di lapangan."
node/4261963173,The Harvest,tag_supported,not_verified,https://www.openstreetmap.org/node/4261963173,batch-1.json,2026-09-05T10:24:51.878712+00:00,2026-02-06T18:03:33Z,4,{},"[""wheelchair=yes"", ""toilets:wheelchair=yes""]","[""no_recorded_accessibility_survey_date""]",,,False,-6.3882148,106.9428757,{},"Periksa pintu masuk, kondisi fasilitas, hambatan, jam akses dan foto bertanggal di lapangan."
node/4568283595,South Lobby Plaza indonesia,tag_supported_needs_review,not_verified,https://www.openstreetmap.org/node/4568283595,batch-1.json,2026-09-05T10:24:51.878712+00:00,2026-04-29T22:57:50Z,7,{},"[""wheelchair=yes""]","[""access=customers"", ""no_recorded_accessibility_survey_date""]",,,False,-6.194127,106.8214407,{},"Periksa pintu masuk, kondisi fasilitas, hambatan, jam akses dan foto bertanggal di lapangan."
node/4616005749,Shelter FEB,tag_supported,not_verified,https://www.openstreetmap.org/node/4616005749,batch-1.json,2026-09-05T10:24:51.878712+00:00,2022-01-27T09:08:59Z,4,{},"[""wheelchair=yes""]","[""no_recorded_accessibility_survey_date""]",,,False,-6.359361,106.8258301,{},"Periksa pintu masuk, kondisi fasilitas, hambatan, jam akses dan foto bertanggal di lapangan."
node/4621907250,FamilyMart,tag_supported_needs_review,not_verified,https://www.openstreetmap.org/node/4621907250,batch-1.json,2026-09-05T10:24:51.878712+00:00,2026-06-22T07:38:40Z,25,"{""check_date"": ""2023-11-07""}","[""wheelchair=yes""]","[""indoor_or_level_requires_entrance_check""]",Mo-Su 7:00-22:00,https://familymartindonesia.com/,False,-6.2021466,106.8016477,{},"Periksa pintu masuk, kondisi fasilitas, hambatan, jam akses dan foto bertanggal di lapangan."
node/4683340409,,tag_supported,not_verified,https://www.openstreetmap.org/node/4683340409,batch-1.json,2026-09-05T10:24:51.878712+00:00,2020-07-15T09:40:08Z,2,{},"[""wheelchair=yes""]","[""no_recorded_accessibility_survey_date"", ""unnamed_object""]",,,False,-6.201765,106.8007614,{},"Periksa pintu masuk, kondisi fasilitas, hambatan, jam akses dan foto bertanggal di lapangan."
node/4683365743,Ranch Market,tag_supported,not_verified,https://www.openstreetmap.org/node/4683365743,batch-1.json,2026-09-05T10:24:51.878712+00:00,2021-11-19T08:02:52Z,2,{},"[""wheelchair=yes""]","[""no_recorded_accessibility_survey_date""]",,,False,-6.224218,106.8229358,{},"Periksa pintu masuk, kondisi fasilitas, hambatan, jam akses dan foto bertanggal di lapangan."
node/4696829628,Water Joy,tag_supported,not_verified,https://www.openstreetmap.org/node/4696829628,batch-1.json,2026-09-05T10:24:51.878712+00:00,2025-07-08T16:48:46Z,4,{},"[""wheelchair=yes""]","[""no_recorded_accessibility_survey_date""]",,,False,-6.3929865,106.999478,{},"Periksa pintu masuk, kondisi fasilitas, hambatan, jam akses dan foto bertanggal di lapangan."
node/4978747832,KFC,tag_supported,not_verified,https://www.openstreetmap.org/node/4978747832,batch-1.json,2026-09-05T10:24:51.878712+00:00,2021-11-28T11:23:06Z,4,{},"[""wheelchair=yes""]","[""no_recorded_accessibility_survey_date""]",,,False,-6.1373592,106.8144641,{},"Periksa pintu masuk, kondisi fasilitas, hambatan, jam akses dan foto bertanggal di lapangan."
node/5008616541,,tag_supported_needs_review,not_verified,https://www.openstreetmap.org/node/5008616541,batch-1.json,2026-09-05T10:24:51.878712+00:00,2020-04-06T04:25:08Z,3,{},"[""wheelchair=yes""]","[""indoor_or_level_requires_entrance_check"", ""no_recorded_accessibility_survey_date"", ""unnamed_object""]",,,False,-6.2272329,106.8244357,{},"Periksa pintu masuk, kondisi fasilitas, hambatan, jam akses dan foto bertanggal di lapangan."
node/5033660304,Transmart Carrefour,tag_supported_needs_review,not_verified,https://www.openstreetmap.org/node/5033660304,batch-1.json,2026-09-05T10:24:51.878712+00:00,2023-11-07T02:06:14Z,8,{},"[""wheelchair=yes""]","[""indoor_or_level_requires_entrance_check"", ""no_recorded_accessibility_survey_date""]",Mo-Su 10:00-22:00,,False,-6.1774596,106.7914774,{},"Periksa pintu masuk, kondisi fasilitas, hambatan, jam akses dan foto bertanggal di lapangan."
node/5036305391,Jakarta Kota,tag_supported,not_verified,https://www.openstreetmap.org/node/5036305391,batch-1.json,2026-09-05T10:24:51.878712+00:00,2026-08-26T00:27:59Z,15,{},"[""wheelchair=yes""]","[""no_recorded_accessibility_survey_date""]",,,False,-6.1375828,106.8146203,{},"Periksa pintu masuk, kondisi fasilitas, hambatan, jam akses dan foto bertanggal di lapangan."
node/5134335472,Klinik Anggrek,tag_supported,not_verified,https://www.openstreetmap.org/node/5134335472,batch-1.json,2026-09-05T10:24:51.878712+00:00,2018-12-05T03:47:58Z,3,{},"[""wheelchair=yes""]","[""no_recorded_accessibility_survey_date""]",24/7,,False,-6.1589756,106.8703155,{},"Periksa pintu masuk, kondisi fasilitas, hambatan, jam akses dan foto bertanggal di lapangan."
node/5160469522,Yayasan Ayah Bunda Cintaku,tag_supported,not_verified,https://www.openstreetmap.org/node/5160469522,batch-1.json,2026-09-05T10:24:51.878712+00:00,2017-10-11T09:14:47Z,1,{},"[""wheelchair=yes""]","[""no_recorded_accessibility_survey_date""]",,,False,-6.3116282,106.8173314,{},"Periksa pintu masuk, kondisi fasilitas, hambatan, jam akses dan foto bertanggal di lapangan."
node/5204703663,,tag_supported,not_verified,https://www.openstreetmap.org/node/5204703663,batch-1.json,2026-09-05T10:24:51.878712+00:00,2024-07-11T15:57:11Z,3,{},"[""tactile_paving=yes""]","[""no_recorded_accessibility_survey_date"", ""unnamed_object""]",,,False,-6.2400076,107.0082864,{},"Periksa pintu masuk, kondisi fasilitas, hambatan, jam akses dan foto bertanggal di lapangan."
node/5214288935,Merica Asian & Western Restaurant,tag_supported_needs_review,not_verified,https://www.openstreetmap.org/node/5214288935,batch-1.json,2026-09-05T10:24:51.878712+00:00,2023-11-09T00:28:52Z,12,"{""check_date"": ""2023-11-07""}","[""wheelchair=yes""]","[""toilets:access=customers"", ""indoor_or_level_requires_entrance_check""]",Mo-Su 10:00-20:00,,False,-6.2023726,106.8014933,{},"Periksa pintu masuk, kondisi fasilitas, hambatan, jam akses dan foto bertanggal di lapangan."
node/5275452529,World Food Programme,tag_supported,not_verified,https://www.openstreetmap.org/node/5275452529,batch-1.json,2026-09-05T10:24:51.878712+00:00,2017-12-10T15:45:57Z,2,{},"[""wheelchair=yes""]","[""no_recorded_accessibility_survey_date""]",Mo-Fr 09:00-17:00,http://www.wfp.org/countries/indonesia,False,-6.2058491,106.8212849,{},"Periksa pintu masuk, kondisi fasilitas, hambatan, jam akses dan foto bertanggal di lapangan."
node/5380389141,Starbucks,tag_supported,not_verified,https://www.openstreetmap.org/node/5380389141,batch-1.json,2026-09-05T10:24:51.878712+00:00,2022-04-12T12:24:36Z,5,{},"[""wheelchair=yes""]","[""no_recorded_accessibility_survey_date""]",,,False,-6.1742387,106.7884592,{},"Periksa pintu masuk, kondisi fasilitas, hambatan, jam akses dan foto bertanggal di lapangan."
node/5393321444,SOGO,tag_supported,not_verified,https://www.openstreetmap.org/node/5393321444,batch-1.json,2026-09-05T10:24:51.878712+00:00,2022-04-12T12:24:36Z,6,{},"[""wheelchair=yes""]","[""no_recorded_accessibility_survey_date""]",Mo-Su 10:00-22:00,,False,-6.1783663,106.7900955,{},"Periksa pintu masuk, kondisi fasilitas, hambatan, jam akses dan foto bertanggal di lapangan."
node/5407234844,Alfamart,tag_supported,not_verified,https://www.openstreetmap.org/node/5407234844,batch-1.json,2026-09-05T10:24:51.878712+00:00,2026-03-31T17:13:47Z,8,{},"[""wheelchair=yes""]","[""no_recorded_accessibility_survey_date""]",,https://alfamart.co.id,False,-6.1751202,106.7882689,{},"Periksa pintu masuk, kondisi fasilitas, hambatan, jam akses dan foto bertanggal di lapangan."
node/5430903023,,tag_supported_needs_review,not_verified,https://www.openstreetmap.org/node/5430903023,batch-1.json,2026-09-05T10:24:51.878712+00:00,2024-05-04T11:11:49Z,7,{},"[""wheelchair=yes""]","[""indoor_or_level_requires_entrance_check"", ""no_recorded_accessibility_survey_date"", ""unnamed_object""]",24/7,,False,-6.2023205,106.8016942,{},"Periksa pintu masuk, kondisi fasilitas, hambatan, jam akses dan foto bertanggal di lapangan."
node/5483044090,Bengawan Solo,tag_supported_needs_review,not_verified,https://www.openstreetmap.org/node/5483044090,batch-1.json,2026-09-05T10:24:51.878712+00:00,2018-03-16T16:39:39Z,1,{},"[""wheelchair=yes""]","[""indoor_or_level_requires_entrance_check"", ""no_recorded_accessibility_survey_date""]",,,False,-6.2652691,106.8853836,{},"Periksa pintu masuk, kondisi fasilitas, hambatan, jam akses dan foto bertanggal di lapangan."
node/5507749901,Es Teler 77,tag_supported,not_verified,https://www.openstreetmap.org/node/5507749901,batch-1.json,2026-09-05T10:24:51.878712+00:00,2026-06-22T07:38:40Z,10,{},"[""wheelchair=yes""]","[""no_recorded_accessibility_survey_date""]",Mo-Su 09:00-21:00,,False,-6.1930376,106.8038576,{},"Periksa pintu masuk, kondisi fasilitas, hambatan, jam akses dan foto bertanggal di lapangan."
node/5507749905,Roti'O,tag_supported,not_verified,https://www.openstreetmap.org/node/5507749905,batch-1.json,2026-09-05T10:24:51.878712+00:00,2026-02-09T04:12:52Z,7,{},"[""wheelchair=yes""]","[""no_recorded_accessibility_survey_date""]",Mo-Su 10:00-21:00,,False,-6.1927676,106.8037369,{},"Periksa pintu masuk, kondisi fasilitas, hambatan, jam akses dan foto bertanggal di lapangan."
node/5713318139,,tag_supported,not_verified,https://www.openstreetmap.org/node/5713318139,batch-1.json,2026-09-05T10:24:51.878712+00:00,2021-11-27T06:02:30Z,4,{},"[""wheelchair=yes"", ""toilets:wheelchair=yes""]","[""no_recorded_accessibility_survey_date"", ""unnamed_object""]",,,False,-6.3994805,106.9755533,{},"Periksa pintu masuk, kondisi fasilitas, hambatan, jam akses dan foto bertanggal di lapangan."
node/5748466620,Hotel Ciputra Cibubur,tag_supported,not_verified,https://www.openstreetmap.org/node/5748466620,batch-1.json,2026-09-05T10:24:51.878712+00:00,2021-11-27T08:58:23Z,3,{},"[""wheelchair=yes"", ""toilets:wheelchair=yes""]","[""no_recorded_accessibility_survey_date""]",,,False,-6.3827765,106.92579,{},"Periksa pintu masuk, kondisi fasilitas, hambatan, jam akses dan foto bertanggal di lapangan."
node/5793702358,The Coffee Bean & Tea Leaf,tag_supported,not_verified,https://www.openstreetmap.org/node/5793702358,batch-1.json,2026-09-05T10:24:51.878712+00:00,2026-01-29T14:18:33Z,4,{},"[""wheelchair=yes""]","[""no_recorded_accessibility_survey_date""]",Mo-Fr 08:00-21:30; Sa-Su 08:00-19:30,,False,-6.1663337,106.7852894,{},"Periksa pintu masuk, kondisi fasilitas, hambatan, jam akses dan foto bertanggal di lapangan."
node/5806857453,Bank Mandiri,tag_supported,not_verified,https://www.openstreetmap.org/node/5806857453,batch-1.json,2026-09-05T10:24:51.878712+00:00,2021-10-25T05:44:16Z,3,{},"[""wheelchair=yes""]","[""no_recorded_accessibility_survey_date""]",24/7,,False,-6.2016499,106.8007132,{},"Periksa pintu masuk, kondisi fasilitas, hambatan, jam akses dan foto bertanggal di lapangan."
node/5830902685,Alfamart,tag_supported,not_verified,https://www.openstreetmap.org/node/5830902685,batch-1.json,2026-09-05T10:24:51.878712+00:00,2026-03-31T17:13:49Z,13,{},"[""wheelchair=yes""]","[""no_recorded_accessibility_survey_date""]",,https://alfamart.co.id,False,-6.1742296,106.7881061,{},"Periksa pintu masuk, kondisi fasilitas, hambatan, jam akses dan foto bertanggal di lapangan."
node/5830902686,Bakmi Bintang Gading & Bougenville Resto,tag_supported_needs_review,not_verified,https://www.openstreetmap.org/node/5830902686,batch-1.json,2026-09-05T10:24:51.878712+00:00,2022-04-12T12:24:36Z,13,{},"[""wheelchair=yes""]","[""toilets:access=customers"", ""no_recorded_accessibility_survey_date""]",,,False,-6.1742307,106.7881714,{},"Periksa pintu masuk, kondisi fasilitas, hambatan, jam akses dan foto bertanggal di lapangan."
node/5830902688,H&M,tag_supported_needs_review,not_verified,https://www.openstreetmap.org/node/5830902688,batch-1.json,2026-09-05T10:24:51.878712+00:00,2023-12-07T12:54:54Z,6,{},"[""wheelchair=yes""]","[""indoor_or_level_requires_entrance_check"", ""no_recorded_accessibility_survey_date""]",Mo-Su 10:00-22:00,,False,-6.1761904,106.791324,{},"Periksa pintu masuk, kondisi fasilitas, hambatan, jam akses dan foto bertanggal di lapangan."
node/5851233287,BCA,tag_supported,not_verified,https://www.openstreetmap.org/node/5851233287,batch-1.json,2026-09-05T10:24:51.878712+00:00,2024-05-04T11:11:49Z,6,{},"[""wheelchair=yes""]","[""no_recorded_accessibility_survey_date""]",24/7,,False,-6.2027109,106.8010177,{},"Periksa pintu masuk, kondisi fasilitas, hambatan, jam akses dan foto bertanggal di lapangan."
node/5855880085,Bakso Atom Express RS Pelni,tag_supported,not_verified,https://www.openstreetmap.org/node/5855880085,batch-1.json,2026-09-05T10:24:51.878712+00:00,2026-02-09T04:11:54Z,8,{},"[""wheelchair=yes""]","[""no_recorded_accessibility_survey_date""]",,,False,-6.1931291,106.803974,{},"Periksa pintu masuk, kondisi fasilitas, hambatan, jam akses dan foto bertanggal di lapangan."
node/5861166810,Bank Mandiri,tag_supported,not_verified,https://www.openstreetmap.org/node/5861166810,batch-1.json,2026-09-05T10:24:51.878712+00:00,2022-10-21T08:25:26Z,4,{},"[""wheelchair=yes""]","[""no_recorded_accessibility_survey_date""]",,,False,-6.2027213,106.8009902,{},"Periksa pintu masuk, kondisi fasilitas, hambatan, jam akses dan foto bertanggal di lapangan."
node/5863065327,Panin Bank,tag_supported,not_verified,https://www.openstreetmap.org/node/5863065327,batch-1.json,2026-09-05T10:24:51.878712+00:00,2022-04-12T12:24:36Z,6,{},"[""wheelchair=yes""]","[""no_recorded_accessibility_survey_date""]",,,False,-6.1749343,106.7889048,{},"Periksa pintu masuk, kondisi fasilitas, hambatan, jam akses dan foto bertanggal di lapangan."
node/5865520988,FoodHall,tag_supported,not_verified,https://www.openstreetmap.org/node/5865520988,batch-1.json,2026-09-05T10:24:51.878712+00:00,2023-11-22T04:03:46Z,2,"{""check_date"": ""2023-11-20""}","[""wheelchair=yes""]",[],Mo-Su 10:00-22:00,,False,-6.2248899,106.7989928,{},"Periksa pintu masuk, kondisi fasilitas, hambatan, jam akses dan foto bertanggal di lapangan."
node/5871192486,Starbucks,tag_supported_needs_review,not_verified,https://www.openstreetmap.org/node/5871192486,batch-1.json,2026-09-05T10:24:51.878712+00:00,2026-01-20T09:58:12Z,9,{},"[""wheelchair=yes""]","[""indoor_or_level_requires_entrance_check"", ""no_recorded_accessibility_survey_date""]",Mo-Fr 07:00-20:00; Sa 10:00-17:00,,False,-6.2021083,106.7810279,{},"Periksa pintu masuk, kondisi fasilitas, hambatan, jam akses dan foto bertanggal di lapangan."
node/5871201986,BCA,tag_supported_needs_review,not_verified,https://www.openstreetmap.org/node/5871201986,batch-1.json,2026-09-05T10:24:51.878712+00:00,2026-01-20T09:58:12Z,6,{},"[""wheelchair=yes""]","[""indoor_or_level_requires_entrance_check"", ""no_recorded_accessibility_survey_date""]",Mo-Fr 08:30-15:00; PH off,,False,-6.2020976,106.7811578,{},"Periksa pintu masuk, kondisi fasilitas, hambatan, jam akses dan foto bertanggal di lapangan."
node/5881108885,A&W,tag_supported_needs_review,not_verified,https://www.openstreetmap.org/node/5881108885,batch-1.json,2026-09-05T10:24:51.878712+00:00,2020-02-06T00:16:34Z,7,{},"[""wheelchair=yes""]","[""indoor_or_level_requires_entrance_check"", ""no_recorded_accessibility_survey_date""]",,,False,-6.2018518,106.7811241,{},"Periksa pintu masuk, kondisi fasilitas, hambatan, jam akses dan foto bertanggal di lapangan."
node/5892367832,HERO,tag_supported_needs_review,not_verified,https://www.openstreetmap.org/node/5892367832,batch-1.json,2026-09-05T10:24:51.878712+00:00,2023-12-19T14:27:58Z,3,{},"[""wheelchair=yes""]","[""indoor_or_level_requires_entrance_check"", ""no_recorded_accessibility_survey_date""]",Mo-Su 10:00-22:00,,False,-6.1774015,106.7932664,{},"Periksa pintu masuk, kondisi fasilitas, hambatan, jam akses dan foto bertanggal di lapangan."
node/5893874786,Matahari,tag_supported,not_verified,https://www.openstreetmap.org/node/5893874786,batch-1.json,2026-09-05T10:24:51.878712+00:00,2023-10-11T08:15:55Z,5,"{""check_date"": ""2023-10-11""}","[""wheelchair=yes""]",[],Mo-Su 10:00-22:00,,False,-6.179618,106.7927033,{},"Periksa pintu masuk, kondisi fasilitas, hambatan, jam akses dan foto bertanggal di lapangan."
node/5895722485,Hero Supermarket,tag_supported,not_verified,https://www.openstreetmap.org/node/5895722485,batch-1.json,2026-09-05T10:24:51.878712+00:00,2022-11-06T05:02:19Z,4,{},"[""wheelchair=yes""]","[""no_recorded_accessibility_survey_date""]",Mo-Su 10:00-22:00,,False,-6.1685711,106.7862393,{},"Periksa pintu masuk, kondisi fasilitas, hambatan, jam akses dan foto bertanggal di lapangan."
node/5899193419,Restu,tag_supported,not_verified,https://www.openstreetmap.org/node/5899193419,batch-1.json,2026-09-05T10:24:51.878712+00:00,2022-04-12T12:24:36Z,7,{},"[""wheelchair=yes""]","[""no_recorded_accessibility_survey_date""]",,,False,-6.1751099,106.788584,{},"Periksa pintu masuk, kondisi fasilitas, hambatan, jam akses dan foto bertanggal di lapangan."
node/5899193420,Indomaret,tag_supported,not_verified,https://www.openstreetmap.org/node/5899193420,batch-1.json,2026-09-05T10:24:51.878712+00:00,2026-04-06T01:54:07Z,10,{},"[""wheelchair=yes""]","[""no_recorded_accessibility_survey_date""]",24/7,https://www.klikindomaret.com,False,-6.1751083,106.7886581,{},"Periksa pintu masuk, kondisi fasilitas, hambatan, jam akses dan foto bertanggal di lapangan."
node/5899193421,Daily Mart,tag_supported,not_verified,https://www.openstreetmap.org/node/5899193421,batch-1.json,2026-09-05T10:24:51.878712+00:00,2022-04-12T12:24:36Z,4,{},"[""wheelchair=yes""]","[""no_recorded_accessibility_survey_date""]",,,False,-6.1751087,106.7888052,{},"Periksa pintu masuk, kondisi fasilitas, hambatan, jam akses dan foto bertanggal di lapangan."
node/5910875785,Max,tag_supported,not_verified,https://www.openstreetmap.org/node/5910875785,batch-1.json,2026-09-05T10:24:51.878712+00:00,2022-11-06T05:02:19Z,5,{},"[""wheelchair=yes""]","[""no_recorded_accessibility_survey_date""]",Mo-Su 10:00-22:00,,False,-6.1770076,106.7912796,{},"Periksa pintu masuk, kondisi fasilitas, hambatan, jam akses dan foto bertanggal di lapangan."
node/5910875786,Matahari,tag_supported,not_verified,https://www.openstreetmap.org/node/5910875786,batch-1.json,2026-09-05T10:24:51.878712+00:00,2019-08-22T01:01:30Z,3,{},"[""wheelchair=yes""]","[""no_recorded_accessibility_survey_date""]",Mo-Su 10:00-22:00,,False,-6.168137,106.7865916,{},"Periksa pintu masuk, kondisi fasilitas, hambatan, jam akses dan foto bertanggal di lapangan."
node/5915747187,Bakmi Gocit,tag_supported,not_verified,https://www.openstreetmap.org/node/5915747187,batch-1.json,2026-09-05T10:24:51.878712+00:00,2024-03-22T11:49:28Z,9,{},"[""wheelchair=yes""]","[""no_recorded_accessibility_survey_date""]",,,False,-6.1748958,106.7888992,{},"Periksa pintu masuk, kondisi fasilitas, hambatan, jam akses dan foto bertanggal di lapangan."
node/5918084487,Bank Mandiri,tag_supported,not_verified,https://www.openstreetmap.org/node/5918084487,batch-1.json,2026-09-05T10:24:51.878712+00:00,2021-10-25T05:44:16Z,6,{},"[""wheelchair=yes""]","[""no_recorded_accessibility_survey_date""]",,,False,-6.2017204,106.8010272,{},"Periksa pintu masuk, kondisi fasilitas, hambatan, jam akses dan foto bertanggal di lapangan."
node/5923948186,McDonald's,tag_supported,not_verified,https://www.openstreetmap.org/node/5923948186,batch-1.json,2026-09-05T10:24:51.878712+00:00,2022-05-09T04:46:49Z,8,{},"[""wheelchair=yes""]","[""no_recorded_accessibility_survey_date""]",24/7,,False,-6.207267,106.7910976,{},"Periksa pintu masuk, kondisi fasilitas, hambatan, jam akses dan foto bertanggal di lapangan."
node/5969154849,Indomaret,tag_supported,not_verified,https://www.openstreetmap.org/node/5969154849,batch-1.json,2026-09-05T10:24:51.878712+00:00,2026-04-06T01:54:07Z,11,{},"[""wheelchair=yes""]","[""no_recorded_accessibility_survey_date""]",24/7,https://www.klikindomaret.com,False,-6.1771976,106.7896818,{},"Periksa pintu masuk, kondisi fasilitas, hambatan, jam akses dan foto bertanggal di lapangan."
node/5976000985,Cinema XXI,tag_supported_needs_review,not_verified,https://www.openstreetmap.org/node/5976000985,batch-1.json,2026-09-05T10:24:51.878712+00:00,2026-01-13T02:06:58Z,5,{},"[""toilets:wheelchair=yes""]","[""toilets:access=customers"", ""no_recorded_accessibility_survey_date""]",,https://21cineplex.com,False,-6.1681185,106.785847,{},"Periksa pintu masuk, kondisi fasilitas, hambatan, jam akses dan foto bertanggal di lapangan."
node/5988924716,North Pole Cafe,tag_supported_needs_review,not_verified,https://www.openstreetmap.org/node/5988924716,batch-1.json,2026-09-05T10:24:51.878712+00:00,2023-10-12T03:25:41Z,3,"{""check_date"": ""2023-10-11""}","[""wheelchair=yes""]","[""lifecycle_tag_requires_review""]",,,False,-6.2444061,106.7830258,{},"Periksa pintu masuk, kondisi fasilitas, hambatan, jam akses dan foto bertanggal di lapangan."
node/5996815586,,tag_supported,not_verified,https://www.openstreetmap.org/node/5996815586,batch-1.json,2026-09-05T10:24:51.878712+00:00,2019-01-16T12:10:38Z,3,{},"[""wheelchair=yes""]","[""no_recorded_accessibility_survey_date"", ""unnamed_object""]",24/7,,False,-6.1931061,106.8079065,{},"Periksa pintu masuk, kondisi fasilitas, hambatan, jam akses dan foto bertanggal di lapangan."
node/6041302389,SNAPY,tag_supported,not_verified,https://www.openstreetmap.org/node/6041302389,batch-1.json,2026-09-05T10:24:51.878712+00:00,2026-03-01T06:49:07Z,6,"{""check_date"": ""2026-02-28""}","[""wheelchair=yes""]",[],24/7,https://www.snapy.co.id/branch/snapy-tanjung-duren,False,-6.1822972,106.7834245,{},"Periksa pintu masuk, kondisi fasilitas, hambatan, jam akses dan foto bertanggal di lapangan."
node/6049381005,Food Library,tag_supported_needs_review,not_verified,https://www.openstreetmap.org/node/6049381005,batch-1.json,2026-09-05T10:24:51.878712+00:00,2019-08-22T01:01:30Z,3,{},"[""wheelchair=yes""]","[""toilets:access=customers"", ""no_recorded_accessibility_survey_date""]",Mo-Su 10:00-22:00,,False,-6.1678465,106.7863119,{},"Periksa pintu masuk, kondisi fasilitas, hambatan, jam akses dan foto bertanggal di lapangan."
node/6088036886,Century,tag_supported,not_verified,https://www.openstreetmap.org/node/6088036886,batch-1.json,2026-09-05T10:24:51.878712+00:00,2019-11-27T11:27:38Z,6,{},"[""wheelchair=yes""]","[""no_recorded_accessibility_survey_date""]",,,False,-6.2516247,106.8614465,{},"Periksa pintu masuk, kondisi fasilitas, hambatan, jam akses dan foto bertanggal di lapangan."
node/6089948085,Bank Central Asia,tag_supported,not_verified,https://www.openstreetmap.org/node/6089948085,batch-1.json,2026-09-05T10:24:51.878712+00:00,2024-05-04T10:41:48Z,4,"{""check_date"": ""2023-10-11""}","[""wheelchair=yes""]",[],,https://bca.co.id,False,-6.2451776,106.7838146,{},"Periksa pintu masuk, kondisi fasilitas, hambatan, jam akses dan foto bertanggal di lapangan."
node/6114629116,Apotek Gading Jaya,tag_supported,not_verified,https://www.openstreetmap.org/node/6114629116,batch-1.json,2026-09-05T10:24:51.878712+00:00,2023-02-21T03:20:09Z,2,{},"[""wheelchair=yes""]","[""no_recorded_accessibility_survey_date""]",Mo-Su 09:00-22:00,,False,-6.1615556,106.9049415,{},"Periksa pintu masuk, kondisi fasilitas, hambatan, jam akses dan foto bertanggal di lapangan."
node/6114830279,Klinik Utama Cahaya Mentari,tag_supported,not_verified,https://www.openstreetmap.org/node/6114830279,batch-1.json,2026-09-05T10:24:51.878712+00:00,2023-02-21T03:54:06Z,2,{},"[""wheelchair=yes""]","[""no_recorded_accessibility_survey_date""]",24/7,,False,-6.1428829,106.8566912,{},"Periksa pintu masuk, kondisi fasilitas, hambatan, jam akses dan foto bertanggal di lapangan."
node/6117471375,Apotek Medika Sisma Pharma,tag_supported,not_verified,https://www.openstreetmap.org/node/6117471375,batch-1.json,2026-09-05T10:24:51.878712+00:00,2018-12-05T03:47:57Z,1,{},"[""wheelchair=yes""]","[""no_recorded_accessibility_survey_date""]",24/7,,False,-6.1571281,106.8666523,{},"Periksa pintu masuk, kondisi fasilitas, hambatan, jam akses dan foto bertanggal di lapangan."
node/6117483446,Praktek Dokter Umum dr. Rudy Wenarta,tag_supported,not_verified,https://www.openstreetmap.org/node/6117483446,batch-1.json,2026-09-05T10:24:51.878712+00:00,2018-12-05T03:55:45Z,1,{},"[""wheelchair=yes""]","[""no_recorded_accessibility_survey_date""]",Tu 16:30-19:30; Fr 16:30-19:30,,False,-6.1382613,106.8452174,{},"Periksa pintu masuk, kondisi fasilitas, hambatan, jam akses dan foto bertanggal di lapangan."
node/6117483447,Praktek Dokter Umum dr. Sugiarto Sulaiman,tag_supported,not_verified,https://www.openstreetmap.org/node/6117483447,batch-1.json,2026-09-05T10:24:51.878712+00:00,2018-12-05T03:55:45Z,1,{},"[""wheelchair=yes""]","[""no_recorded_accessibility_survey_date""]",Mo 17:30-20:00; We 17:30-20:00,,False,-6.1382946,106.8452027,{},"Periksa pintu masuk, kondisi fasilitas, hambatan, jam akses dan foto bertanggal di lapangan."
node/6117483448,Apotek Cahaya Sehat,tag_supported,not_verified,https://www.openstreetmap.org/node/6117483448,batch-1.json,2026-09-05T10:24:51.878712+00:00,2018-12-05T03:55:45Z,1,{},"[""wheelchair=yes""]","[""no_recorded_accessibility_survey_date""]",,,False,-6.1382253,106.8452315,{},"Periksa pintu masuk, kondisi fasilitas, hambatan, jam akses dan foto bertanggal di lapangan."
node/6117483449,Praktek Dokter Umum Dr. Lie Hermanto,tag_supported,not_verified,https://www.openstreetmap.org/node/6117483449,batch-1.json,2026-09-05T10:24:51.878712+00:00,2018-12-12T05:24:40Z,2,{},"[""wheelchair=yes""]","[""no_recorded_accessibility_survey_date""]","Mo-Fr 09:00-16:00,17:00-20:00",,False,-6.1407955,106.8436557,{},"Periksa pintu masuk, kondisi fasilitas, hambatan, jam akses dan foto bertanggal di lapangan."
node/6117483450,Praktek Dokter Umum dr. Ratnayati A Halim,tag_supported,not_verified,https://www.openstreetmap.org/node/6117483450,batch-1.json,2026-09-05T10:24:51.878712+00:00,2018-12-12T05:24:40Z,2,{},"[""wheelchair=yes""]","[""no_recorded_accessibility_survey_date""]",Mo-Fr 09:00-16:00,,False,-6.1407601,106.8436778,{},"Periksa pintu masuk, kondisi fasilitas, hambatan, jam akses dan foto bertanggal di lapangan."
node/6117483451,Apotek Pademangan Sehat,tag_supported,not_verified,https://www.openstreetmap.org/node/6117483451,batch-1.json,2026-09-05T10:24:51.878712+00:00,2018-12-05T03:55:45Z,1,{},"[""wheelchair=yes""]","[""no_recorded_accessibility_survey_date""]",,,False,-6.1407788,106.8436671,{},"Periksa pintu masuk, kondisi fasilitas, hambatan, jam akses dan foto bertanggal di lapangan."
node/6117530059,apotek dunia sehat,tag_supported,not_verified,https://www.openstreetmap.org/node/6117530059,batch-1.json,2026-09-05T10:24:51.878712+00:00,2018-12-05T04:40:01Z,1,{},"[""wheelchair=yes""]","[""no_recorded_accessibility_survey_date""]",24/7,,False,-6.1173029,106.7831632,{},"Periksa pintu masuk, kondisi fasilitas, hambatan, jam akses dan foto bertanggal di lapangan."
node/6117530068,apotek century,tag_supported,not_verified,https://www.openstreetmap.org/node/6117530068,batch-1.json,2026-09-05T10:24:51.878712+00:00,2018-12-05T04:40:03Z,1,{},"[""wheelchair=yes""]","[""no_recorded_accessibility_survey_date""]",24/7,,False,-6.1168109,106.7795234,{},"Periksa pintu masuk, kondisi fasilitas, hambatan, jam akses dan foto bertanggal di lapangan."
node/6117713385,Bidan Rosdiana,tag_supported,not_verified,https://www.openstreetmap.org/node/6117713385,batch-1.json,2026-09-05T10:24:51.878712+00:00,2019-09-06T00:08:03Z,2,{},"[""wheelchair=yes""]","[""no_recorded_accessibility_survey_date""]",24/7,,False,-6.1363615,106.8354901,{},"Periksa pintu masuk, kondisi fasilitas, hambatan, jam akses dan foto bertanggal di lapangan."
node/6117713386,Praktek Dokter Umum dr. Linda Rosalina P,tag_supported,not_verified,https://www.openstreetmap.org/node/6117713386,batch-1.json,2026-09-05T10:24:51.878712+00:00,2018-12-12T05:24:41Z,2,{},"[""wheelchair=yes""]","[""no_recorded_accessibility_survey_date""]",Mo-Fr 17:00-21:00,,False,-6.1363542,106.8354599,{},"Periksa pintu masuk, kondisi fasilitas, hambatan, jam akses dan foto bertanggal di lapangan."
node/6118072889,puskesmas kecamatan penjaringan,tag_supported,not_verified,https://www.openstreetmap.org/node/6118072889,batch-1.json,2026-09-05T10:24:51.878712+00:00,2018-12-05T08:25:05Z,1,{},"[""wheelchair=yes""]","[""no_recorded_accessibility_survey_date""]",24/7,,False,-6.1380993,106.7809457,{},"Periksa pintu masuk, kondisi fasilitas, hambatan, jam akses dan foto bertanggal di lapangan."
node/6118072895,Dr. sentosa,tag_supported,not_verified,https://www.openstreetmap.org/node/6118072895,batch-1.json,2026-09-05T10:24:51.878712+00:00,2018-12-12T05:24:41Z,2,{},"[""wheelchair=yes""]","[""no_recorded_accessibility_survey_date""]",Mo-Su 16:00-21:00,,False,-6.138268,106.7791365,{},"Periksa pintu masuk, kondisi fasilitas, hambatan, jam akses dan foto bertanggal di lapangan."
node/6118072898,apotek roxy,tag_supported,not_verified,https://www.openstreetmap.org/node/6118072898,batch-1.json,2026-09-05T10:24:51.878712+00:00,2018-12-05T08:25:07Z,1,{},"[""wheelchair=yes""]","[""no_recorded_accessibility_survey_date""]",24/7,,False,-6.1383273,106.7782849,{},"Periksa pintu masuk, kondisi fasilitas, hambatan, jam akses dan foto bertanggal di lapangan."
node/6135130601,OCBC NISP,tag_supported,not_verified,https://www.openstreetmap.org/node/6135130601,batch-1.json,2026-09-05T10:24:51.878712+00:00,2020-02-07T03:39:32Z,5,{},"[""wheelchair=yes""]","[""no_recorded_accessibility_survey_date""]",Mo-Fr 08:00-16:00,,False,-6.2028942,106.801148,{},"Periksa pintu masuk, kondisi fasilitas, hambatan, jam akses dan foto bertanggal di lapangan."
node/6135130602,BPJS Kesehatan / BPJS Ketenagakerjaan,tag_supported,not_verified,https://www.openstreetmap.org/node/6135130602,batch-1.json,2026-09-05T10:24:51.878712+00:00,2018-12-19T02:40:46Z,2,{},"[""wheelchair=yes""]","[""no_recorded_accessibility_survey_date""]",,,False,-6.2027453,106.8010767,{},"Periksa pintu masuk, kondisi fasilitas, hambatan, jam akses dan foto bertanggal di lapangan."
node/6135130607,Parkir Basement DIPO Tower,tag_supported,not_verified,https://www.openstreetmap.org/node/6135130607,batch-1.json,2026-09-05T10:24:51.878712+00:00,2025-08-30T13:40:38Z,5,{},"[""wheelchair=yes""]","[""no_recorded_accessibility_survey_date""]",,,False,-6.2029514,106.8013867,{},"Periksa pintu masuk, kondisi fasilitas, hambatan, jam akses dan foto bertanggal di lapangan."
node/6141704546,Monami,tag_supported,not_verified,https://www.openstreetmap.org/node/6141704546,batch-1.json,2026-09-05T10:24:51.878712+00:00,2026-02-09T04:12:26Z,4,"{""check_date"": ""2026-02-09""}","[""wheelchair=yes""]",[],,,False,-6.1931438,106.8038477,{},"Periksa pintu masuk, kondisi fasilitas, hambatan, jam akses dan foto bertanggal di lapangan."
node/6149039412,Indomaret,tag_supported,not_verified,https://www.openstreetmap.org/node/6149039412,batch-1.json,2026-09-05T10:24:51.878712+00:00,2026-04-06T01:54:07Z,4,{},"[""wheelchair=yes""]","[""no_recorded_accessibility_survey_date""]",,https://www.klikindomaret.com,False,-6.1992577,106.8236214,{},"Periksa pintu masuk, kondisi fasilitas, hambatan, jam akses dan foto bertanggal di lapangan."
node/6180702186,Jak Lingko Tanah Abang 2,tag_supported,not_verified,https://www.openstreetmap.org/node/6180702186,batch-1.json,2026-09-05T10:24:51.878712+00:00,2025-12-13T22:07:36Z,10,{},"[""tactile_paving=yes""]","[""no_recorded_accessibility_survey_date""]",,,False,-6.1837937,106.81161,{},"Periksa pintu masuk, kondisi fasilitas, hambatan, jam akses dan foto bertanggal di lapangan."
node/6187462589,Aroem,tag_supported_needs_review,not_verified,https://www.openstreetmap.org/node/6187462589,batch-1.json,2026-09-05T10:24:51.878712+00:00,2025-10-03T00:42:32Z,5,{},"[""wheelchair=designated""]","[""toilets:access=customers"", ""no_recorded_accessibility_survey_date""]",,,False,-6.1720189,106.8214531,{},"Periksa pintu masuk, kondisi fasilitas, hambatan, jam akses dan foto bertanggal di lapangan."
node/6210485406,,tag_supported,not_verified,https://www.openstreetmap.org/node/6210485406,batch-1.json,2026-09-05T10:24:51.878712+00:00,2022-11-06T05:02:19Z,3,{},"[""wheelchair=yes""]","[""no_recorded_accessibility_survey_date"", ""unnamed_object""]",24/7,,False,-6.1739269,106.7858158,{},"Periksa pintu masuk, kondisi fasilitas, hambatan, jam akses dan foto bertanggal di lapangan."
node/6210486394,Bhinneka Rasa,tag_supported,not_verified,https://www.openstreetmap.org/node/6210486394,batch-1.json,2026-09-05T10:24:51.878712+00:00,2022-04-12T12:24:36Z,7,{},"[""wheelchair=yes""]","[""no_recorded_accessibility_survey_date""]",,,False,-6.1742302,106.788684,{},"Periksa pintu masuk, kondisi fasilitas, hambatan, jam akses dan foto bertanggal di lapangan."
node/6210487587,Restu,tag_supported,not_verified,https://www.openstreetmap.org/node/6210487587,batch-1.json,2026-09-05T10:24:51.878712+00:00,2022-04-12T12:24:36Z,10,{},"[""wheelchair=yes""]","[""no_recorded_accessibility_survey_date""]",,,False,-6.1742274,106.7887617,{},"Periksa pintu masuk, kondisi fasilitas, hambatan, jam akses dan foto bertanggal di lapangan."
node/6210540287,Bank Mayapada,tag_supported,not_verified,https://www.openstreetmap.org/node/6210540287,batch-1.json,2026-09-05T10:24:51.878712+00:00,2026-03-01T17:29:23Z,3,{},"[""wheelchair=yes""]","[""no_recorded_accessibility_survey_date""]",,,False,-6.1765061,106.7837923,{},"Periksa pintu masuk, kondisi fasilitas, hambatan, jam akses dan foto bertanggal di lapangan."
node/6219136086,Perpustakaan Umum Daerah DKI Jakarta,tag_supported,not_verified,https://www.openstreetmap.org/node/6219136086,batch-1.json,2026-09-05T10:24:51.878712+00:00,2026-06-22T07:38:40Z,6,{},"[""wheelchair=yes"", ""tactile_paving=yes""]","[""no_recorded_accessibility_survey_date""]",,https://perpustakaan.jakarta.go.id/,False,-6.1898085,106.838484,{},"Periksa pintu masuk, kondisi fasilitas, hambatan, jam akses dan foto bertanggal di lapangan."
node/6249633581,Pancoran Arah Timur,tag_supported,not_verified,https://www.openstreetmap.org/node/6249633581,batch-1.json,2026-09-05T10:24:51.878712+00:00,2026-03-08T02:44:12Z,17,{},"[""wheelchair=yes""]","[""no_recorded_accessibility_survey_date""]",,,False,-6.2415527,106.8380523,{},"Periksa pintu masuk, kondisi fasilitas, hambatan, jam akses dan foto bertanggal di lapangan."
node/6250752018,Bank Mandiri,tag_supported,not_verified,https://www.openstreetmap.org/node/6250752018,batch-1.json,2026-09-05T10:24:51.878712+00:00,2024-05-10T14:19:00Z,3,{},"[""wheelchair=yes""]","[""no_recorded_accessibility_survey_date""]",,,False,-6.1668058,106.7853755,{},"Periksa pintu masuk, kondisi fasilitas, hambatan, jam akses dan foto bertanggal di lapangan."
node/6270853246,,tag_supported,not_verified,https://www.openstreetmap.org/node/6270853246,batch-1.json,2026-09-05T10:24:51.878712+00:00,2019-02-11T06:54:43Z,1,{},"[""wheelchair=yes""]","[""no_recorded_accessibility_survey_date"", ""unnamed_object""]",,,False,-6.1728617,106.7886514,{},"Periksa pintu masuk, kondisi fasilitas, hambatan, jam akses dan foto bertanggal di lapangan."
node/6285130486,Hypermart,tag_supported,not_verified,https://www.openstreetmap.org/node/6285130486,batch-1.json,2026-09-05T10:24:51.878712+00:00,2026-08-19T13:40:09Z,3,{},"[""wheelchair=yes""]","[""no_recorded_accessibility_survey_date""]",,,False,-6.1165033,106.7911924,{},"Periksa pintu masuk, kondisi fasilitas, hambatan, jam akses dan foto bertanggal di lapangan."
node/6285130489,Bank Central Asia,tag_supported,not_verified,https://www.openstreetmap.org/node/6285130489,batch-1.json,2026-09-05T10:24:51.878712+00:00,2026-05-03T20:15:43Z,4,{},"[""wheelchair=yes""]","[""no_recorded_accessibility_survey_date""]",,,False,-6.1160813,106.7888763,{},"Periksa pintu masuk, kondisi fasilitas, hambatan, jam akses dan foto bertanggal di lapangan."
node/6352360495,Ciné-Macet,tag_supported_needs_review,not_verified,https://www.openstreetmap.org/node/6352360495,batch-1.json,2026-09-05T10:24:51.878712+00:00,2023-09-03T10:48:04Z,2,{},"[""wheelchair=yes""]","[""indoor_or_level_requires_entrance_check"", ""no_recorded_accessibility_survey_date""]",,https://www.facebook.com/CineMacet/,False,-6.1891173,106.8233886,{},"Periksa pintu masuk, kondisi fasilitas, hambatan, jam akses dan foto bertanggal di lapangan."
node/6389027549,Manzone,tag_supported,not_verified,https://www.openstreetmap.org/node/6389027549,batch-1.json,2026-09-05T10:24:51.878712+00:00,2021-11-19T07:13:53Z,2,{},"[""wheelchair=yes""]","[""no_recorded_accessibility_survey_date""]",,,False,-6.2241713,106.8233552,{},"Periksa pintu masuk, kondisi fasilitas, hambatan, jam akses dan foto bertanggal di lapangan."
node/6393628285,Uniqlo,tag_supported,not_verified,https://www.openstreetmap.org/node/6393628285,batch-1.json,2026-09-05T10:24:51.878712+00:00,2021-11-19T07:25:37Z,3,{},"[""wheelchair=yes""]","[""no_recorded_accessibility_survey_date""]",,,False,-6.2246228,106.8233627,{},"Periksa pintu masuk, kondisi fasilitas, hambatan, jam akses dan foto bertanggal di lapangan."
node/6416059460,HokBen (Hoka-Hoka Bento),tag_supported,not_verified,https://www.openstreetmap.org/node/6416059460,batch-1.json,2026-09-05T10:24:51.878712+00:00,2019-04-19T11:44:28Z,1,{},"[""wheelchair=yes""]","[""no_recorded_accessibility_survey_date""]",Mo-Su 10:00-22:00,,False,-6.2726259,106.7417023,{},"Periksa pintu masuk, kondisi fasilitas, hambatan, jam akses dan foto bertanggal di lapangan."
node/6416059482,MR. DIY,tag_supported,not_verified,https://www.openstreetmap.org/node/6416059482,batch-1.json,2026-09-05T10:24:51.878712+00:00,2019-04-19T11:44:29Z,1,{},"[""wheelchair=yes""]","[""no_recorded_accessibility_survey_date""]",10:00-22:00,,False,-6.2724252,106.7416037,{},"Periksa pintu masuk, kondisi fasilitas, hambatan, jam akses dan foto bertanggal di lapangan."
node/6416059483,Century,tag_supported,not_verified,https://www.openstreetmap.org/node/6416059483,batch-1.json,2026-09-05T10:24:51.878712+00:00,2019-04-19T11:44:29Z,1,{},"[""wheelchair=yes""]","[""no_recorded_accessibility_survey_date""]",Mo-Su 10:00-22:00,,False,-6.2730005,106.7422333,{},"Periksa pintu masuk, kondisi fasilitas, hambatan, jam akses dan foto bertanggal di lapangan."
node/6416059484,J.CO,tag_supported,not_verified,https://www.openstreetmap.org/node/6416059484,batch-1.json,2026-09-05T10:24:51.878712+00:00,2019-04-19T11:44:29Z,1,{},"[""wheelchair=yes""]","[""no_recorded_accessibility_survey_date""]",Mo-Su 10:00-22:00,,False,-6.2727252,106.7418256,{},"Periksa pintu masuk, kondisi fasilitas, hambatan, jam akses dan foto bertanggal di lapangan."
node/6416059485,Cahaya,tag_supported,not_verified,https://www.openstreetmap.org/node/6416059485,batch-1.json,2026-09-05T10:24:51.878712+00:00,2019-04-19T11:44:29Z,1,{},"[""wheelchair=yes""]","[""no_recorded_accessibility_survey_date""]",Mo-Su 10:00-22:00,,False,-6.2725099,106.7415494,{},"Periksa pintu masuk, kondisi fasilitas, hambatan, jam akses dan foto bertanggal di lapangan."
node/6417686291,Dapoer Mak,tag_supported_needs_review,not_verified,https://www.openstreetmap.org/node/6417686291,batch-1.json,2026-09-05T10:24:51.878712+00:00,2026-06-22T07:38:40Z,15,{},"[""wheelchair=yes""]","[""indoor_or_level_requires_entrance_check"", ""no_recorded_accessibility_survey_date""]",Mo-Su 07:00-21:00,,False,-6.1748096,106.7888971,{},"Periksa pintu masuk, kondisi fasilitas, hambatan, jam akses dan foto bertanggal di lapangan."
node/6419856042,Rifa Pastel,tag_supported,not_verified,https://www.openstreetmap.org/node/6419856042,batch-1.json,2026-09-05T10:24:51.878712+00:00,2019-04-22T00:37:15Z,2,{},"[""wheelchair=yes""]","[""no_recorded_accessibility_survey_date""]",,,False,-6.1727142,106.7772965,{},"Periksa pintu masuk, kondisi fasilitas, hambatan, jam akses dan foto bertanggal di lapangan."
node/6419856043,Bakmi Siantar,tag_supported,not_verified,https://www.openstreetmap.org/node/6419856043,batch-1.json,2026-09-05T10:24:51.878712+00:00,2019-08-28T00:39:25Z,2,{},"[""wheelchair=yes""]","[""no_recorded_accessibility_survey_date""]",,,False,-6.1726799,106.7773344,{},"Periksa pintu masuk, kondisi fasilitas, hambatan, jam akses dan foto bertanggal di lapangan."
node/6419856044,Bubur Ayam Greenville 323,tag_supported,not_verified,https://www.openstreetmap.org/node/6419856044,batch-1.json,2026-09-05T10:24:51.878712+00:00,2026-06-22T07:38:40Z,4,{},"[""wheelchair=yes""]","[""no_recorded_accessibility_survey_date""]",,,False,-6.1724576,106.7771699,{},"Periksa pintu masuk, kondisi fasilitas, hambatan, jam akses dan foto bertanggal di lapangan."
node/6419861773,,tag_supported,not_verified,https://www.openstreetmap.org/node/6419861773,batch-1.json,2026-09-05T10:24:51.878712+00:00,2022-11-06T05:02:19Z,2,{},"[""wheelchair=yes""]","[""no_recorded_accessibility_survey_date"", ""unnamed_object""]",,,False,-6.1725698,106.7773127,{},"Periksa pintu masuk, kondisi fasilitas, hambatan, jam akses dan foto bertanggal di lapangan."
node/6419861774,,tag_supported,not_verified,https://www.openstreetmap.org/node/6419861774,batch-1.json,2026-09-05T10:24:51.878712+00:00,2019-04-22T00:37:15Z,1,{},"[""wheelchair=yes""]","[""no_recorded_accessibility_survey_date"", ""unnamed_object""]",,,False,-6.1725546,106.7773318,{},"Periksa pintu masuk, kondisi fasilitas, hambatan, jam akses dan foto bertanggal di lapangan."
node/6424566289,Kantin DIPO TOWER,tag_supported_needs_review,not_verified,https://www.openstreetmap.org/node/6424566289,batch-1.json,2026-09-05T10:24:51.878712+00:00,2019-11-18T02:21:22Z,2,{},"[""wheelchair=yes""]","[""indoor_or_level_requires_entrance_check"", ""no_recorded_accessibility_survey_date""]",,,False,-6.2024822,106.8009639,{},"Periksa pintu masuk, kondisi fasilitas, hambatan, jam akses dan foto bertanggal di lapangan."
node/6424681185,,tag_supported,not_verified,https://www.openstreetmap.org/node/6424681185,batch-1.json,2026-09-05T10:24:51.878712+00:00,2019-04-24T04:36:47Z,1,{},"[""wheelchair=yes""]","[""no_recorded_accessibility_survey_date"", ""unnamed_object""]",,,False,-6.1723991,106.7883982,{},"Periksa pintu masuk, kondisi fasilitas, hambatan, jam akses dan foto bertanggal di lapangan."
node/6428157165,Solaria,tag_supported,not_verified,https://www.openstreetmap.org/node/6428157165,batch-2.json,2026-09-05T10:24:51.878712+00:00,2019-12-30T11:13:06Z,2,{},"[""wheelchair=yes""]","[""no_recorded_accessibility_survey_date""]",Mo-Su 10:00-22:00,,False,-6.1893544,106.7965986,{},"Periksa pintu masuk, kondisi fasilitas, hambatan, jam akses dan foto bertanggal di lapangan."
node/6428157167,Chatime,tag_supported,not_verified,https://www.openstreetmap.org/node/6428157167,batch-2.json,2026-09-05T10:24:51.878712+00:00,2024-05-10T14:17:05Z,2,{},"[""wheelchair=yes""]","[""no_recorded_accessibility_survey_date""]",Mo-Su 10:00-22:00,,False,-6.1893698,106.7963808,{},"Periksa pintu masuk, kondisi fasilitas, hambatan, jam akses dan foto bertanggal di lapangan."
node/6430201099,Surya,tag_supported,not_verified,https://www.openstreetmap.org/node/6430201099,batch-2.json,2026-09-05T10:24:51.878712+00:00,2026-03-01T17:29:23Z,2,{},"[""wheelchair=yes""]","[""no_recorded_accessibility_survey_date""]",,,False,-6.1744009,106.783442,{},"Periksa pintu masuk, kondisi fasilitas, hambatan, jam akses dan foto bertanggal di lapangan."
node/6430201100,Surya AC Mobil,tag_supported,not_verified,https://www.openstreetmap.org/node/6430201100,batch-2.json,2026-09-05T10:24:51.878712+00:00,2026-03-01T17:29:23Z,2,{},"[""wheelchair=yes""]","[""no_recorded_accessibility_survey_date""]",,,False,-6.1744408,106.7834408,{},"Periksa pintu masuk, kondisi fasilitas, hambatan, jam akses dan foto bertanggal di lapangan."
node/6444986233,,tag_supported,not_verified,https://www.openstreetmap.org/node/6444986233,batch-2.json,2026-09-05T10:24:51.878712+00:00,2026-04-24T20:26:00Z,6,{},"[""wheelchair=yes""]","[""no_recorded_accessibility_survey_date"", ""unnamed_object""]",,,False,-6.1273134,106.8341,{},"Periksa pintu masuk, kondisi fasilitas, hambatan, jam akses dan foto bertanggal di lapangan."
node/6479675032,Irco,tag_supported,not_verified,https://www.openstreetmap.org/node/6479675032,batch-2.json,2026-09-05T10:24:51.878712+00:00,2024-05-04T13:42:49Z,2,{},"[""wheelchair=yes""]","[""no_recorded_accessibility_survey_date""]",,,False,-6.1691982,106.7750881,{},"Periksa pintu masuk, kondisi fasilitas, hambatan, jam akses dan foto bertanggal di lapangan."
node/6482029949,Racikan Nusantara,tag_supported,not_verified,https://www.openstreetmap.org/node/6482029949,batch-2.json,2026-09-05T10:24:51.878712+00:00,2022-04-12T12:24:36Z,6,{},"[""wheelchair=yes""]","[""no_recorded_accessibility_survey_date""]",Mo-Su 06:30-23:00,,False,-6.1745361,106.7888788,{},"Periksa pintu masuk, kondisi fasilitas, hambatan, jam akses dan foto bertanggal di lapangan."
node/6530666759,ACE Hardware,tag_supported,not_verified,https://www.openstreetmap.org/node/6530666759,batch-2.json,2026-09-05T10:24:51.878712+00:00,2019-09-01T16:28:00Z,2,{},"[""wheelchair=yes""]","[""no_recorded_accessibility_survey_date""]",Mo-Su 10:00-22:00,,False,-6.1093347,106.7407367,{},"Periksa pintu masuk, kondisi fasilitas, hambatan, jam akses dan foto bertanggal di lapangan."
node/6530666760,The FoodHall,tag_supported,not_verified,https://www.openstreetmap.org/node/6530666760,batch-2.json,2026-09-05T10:24:51.878712+00:00,2019-06-07T01:46:00Z,1,{},"[""wheelchair=yes""]","[""no_recorded_accessibility_survey_date""]",Mo-Su 10:00-22:00,,False,-6.1086453,106.7403477,{},"Periksa pintu masuk, kondisi fasilitas, hambatan, jam akses dan foto bertanggal di lapangan."
node/6530666762,Sate Khas Senayan,tag_supported,not_verified,https://www.openstreetmap.org/node/6530666762,batch-2.json,2026-09-05T10:24:51.878712+00:00,2019-06-07T01:46:00Z,1,{},"[""wheelchair=yes""]","[""no_recorded_accessibility_survey_date""]",,,False,-6.1122057,106.7436992,{},"Periksa pintu masuk, kondisi fasilitas, hambatan, jam akses dan foto bertanggal di lapangan."
node/6530666763,Wake Cup,tag_supported,not_verified,https://www.openstreetmap.org/node/6530666763,batch-2.json,2026-09-05T10:24:51.878712+00:00,2019-12-30T11:13:06Z,3,{},"[""wheelchair=yes""]","[""no_recorded_accessibility_survey_date""]",,,False,-6.1128085,106.7433605,{},"Periksa pintu masuk, kondisi fasilitas, hambatan, jam akses dan foto bertanggal di lapangan."
node/6530666767,High Grounds,tag_supported,not_verified,https://www.openstreetmap.org/node/6530666767,batch-2.json,2026-09-05T10:24:51.878712+00:00,2024-03-18T18:11:54Z,3,{},"[""wheelchair=designated""]","[""no_recorded_accessibility_survey_date""]",24/7,,False,-6.1127571,106.7431525,{},"Periksa pintu masuk, kondisi fasilitas, hambatan, jam akses dan foto bertanggal di lapangan."
node/6530666921,Fun World,tag_supported,not_verified,https://www.openstreetmap.org/node/6530666921,batch-2.json,2026-09-05T10:24:51.878712+00:00,2019-09-01T16:28:00Z,2,{},"[""wheelchair=yes""]","[""no_recorded_accessibility_survey_date""]",Mo-Su 10:00-22:00,,False,-6.168363,106.7870017,{},"Periksa pintu masuk, kondisi fasilitas, hambatan, jam akses dan foto bertanggal di lapangan."
node/6530666923,MR.DIY,tag_supported,not_verified,https://www.openstreetmap.org/node/6530666923,batch-2.json,2026-09-05T10:24:51.878712+00:00,2022-11-06T05:02:19Z,2,{},"[""wheelchair=yes""]","[""no_recorded_accessibility_survey_date""]",Mo-Su 10:00-22:00,,False,-6.1684665,106.7869997,{},"Periksa pintu masuk, kondisi fasilitas, hambatan, jam akses dan foto bertanggal di lapangan."
node/6530697057,Lima-Lima,tag_supported,not_verified,https://www.openstreetmap.org/node/6530697057,batch-2.json,2026-09-05T10:24:51.878712+00:00,2023-11-16T02:50:20Z,8,"{""check_date"": ""2023-11-13""}","[""wheelchair=yes"", ""toilets:wheelchair=yes""]",[],"PH,Mo-Su 10:00-22:00",https://limalima.id,False,-6.1796527,106.7927555,{},"Periksa pintu masuk, kondisi fasilitas, hambatan, jam akses dan foto bertanggal di lapangan."
node/6544033479,,tag_supported,not_verified,https://www.openstreetmap.org/node/6544033479,batch-2.json,2026-09-05T10:24:51.878712+00:00,2025-07-02T03:18:14Z,3,{},"[""wheelchair=yes""]","[""no_recorded_accessibility_survey_date"", ""unnamed_object""]",24/7,,False,-6.1739198,106.7854168,{},"Periksa pintu masuk, kondisi fasilitas, hambatan, jam akses dan foto bertanggal di lapangan."
node/6549137761,,tag_supported,not_verified,https://www.openstreetmap.org/node/6549137761,batch-2.json,2026-09-05T10:24:51.878712+00:00,2024-05-19T20:28:00Z,10,{},"[""wheelchair=yes""]","[""no_recorded_accessibility_survey_date"", ""unnamed_object""]",05:30-22:00,,False,-6.3906926,106.8374898,{},"Periksa pintu masuk, kondisi fasilitas, hambatan, jam akses dan foto bertanggal di lapangan."
node/6564166177,Bakmi Ho Liaw,tag_supported,not_verified,https://www.openstreetmap.org/node/6564166177,batch-2.json,2026-09-05T10:24:51.878712+00:00,2019-06-22T02:39:03Z,1,{},"[""wheelchair=yes""]","[""no_recorded_accessibility_survey_date""]",,,False,-6.1709442,106.9039812,{},"Periksa pintu masuk, kondisi fasilitas, hambatan, jam akses dan foto bertanggal di lapangan."
node/6577753463,Lebak Bulus Bank Syariah Indonesia,tag_supported,not_verified,https://www.openstreetmap.org/node/6577753463,batch-2.json,2026-09-05T10:24:51.878712+00:00,2026-06-27T14:44:21Z,9,{},"[""wheelchair=yes""]","[""no_recorded_accessibility_survey_date""]",,,False,-6.2892744,106.7749355,{},"Periksa pintu masuk, kondisi fasilitas, hambatan, jam akses dan foto bertanggal di lapangan."
node/6604464785,Tunaspoker,tag_supported_needs_review,not_verified,https://www.openstreetmap.org/node/6604464785,batch-2.json,2026-09-05T10:24:51.878712+00:00,2019-07-11T06:45:03Z,1,{},"[""wheelchair=yes""]","[""name_requires_manual_quality_review_not_proof_of_fake"", ""no_recorded_accessibility_survey_date""]",,http://tunaspoker.club/,False,-6.2714155,106.7524204,{},"Periksa pintu masuk, kondisi fasilitas, hambatan, jam akses dan foto bertanggal di lapangan."
node/6604475785,Poker-Online-tunaspoker,tag_supported_needs_review,not_verified,https://www.openstreetmap.org/node/6604475785,batch-2.json,2026-09-05T10:24:51.878712+00:00,2019-07-11T06:48:26Z,1,{},"[""wheelchair=yes""]","[""name_requires_manual_quality_review_not_proof_of_fake"", ""no_recorded_accessibility_survey_date""]",,http://tunaspoker.club,False,-6.188342,106.8822098,{},"Periksa pintu masuk, kondisi fasilitas, hambatan, jam akses dan foto bertanggal di lapangan."
node/6642030856,Bakmi Lung Kee,tag_supported,not_verified,https://www.openstreetmap.org/node/6642030856,batch-2.json,2026-09-05T10:24:51.878712+00:00,2026-02-28T17:38:31Z,6,{},"[""wheelchair=yes""]","[""no_recorded_accessibility_survey_date""]","Mo-Su 07:00-15:00,17:00-24:00",,False,-6.1827814,106.7836961,{},"Periksa pintu masuk, kondisi fasilitas, hambatan, jam akses dan foto bertanggal di lapangan."
node/6711469484,TOMORO Coffee,tag_supported,not_verified,https://www.openstreetmap.org/node/6711469484,batch-2.json,2026-09-05T10:24:51.878712+00:00,2026-03-01T06:49:07Z,4,{},"[""wheelchair=yes""]","[""no_recorded_accessibility_survey_date""]",,,False,-6.1823879,106.7837509,{},"Periksa pintu masuk, kondisi fasilitas, hambatan, jam akses dan foto bertanggal di lapangan."
node/6718719193,Mitarik Laiker,tag_supported_needs_review,not_verified,https://www.openstreetmap.org/node/6718719193,batch-2.json,2026-09-05T10:24:51.878712+00:00,2021-11-28T03:31:35Z,5,{},"[""wheelchair=yes""]","[""indoor_or_level_requires_entrance_check"", ""no_recorded_accessibility_survey_date""]",Mo-Su 10:00-22:00,,False,-6.2660997,106.7850823,{},"Periksa pintu masuk, kondisi fasilitas, hambatan, jam akses dan foto bertanggal di lapangan."
node/6718719195,Do An,tag_supported_needs_review,not_verified,https://www.openstreetmap.org/node/6718719195,batch-2.json,2026-09-05T10:24:51.878712+00:00,2021-11-28T03:31:30Z,2,{},"[""wheelchair=yes""]","[""indoor_or_level_requires_entrance_check"", ""no_recorded_accessibility_survey_date""]",Mo-Su 10:00-22:00,,False,-6.2661599,106.7850605,{},"Periksa pintu masuk, kondisi fasilitas, hambatan, jam akses dan foto bertanggal di lapangan."
node/6718719196,Yong Tau Fu,tag_supported_needs_review,not_verified,https://www.openstreetmap.org/node/6718719196,batch-2.json,2026-09-05T10:24:51.878712+00:00,2021-11-28T03:31:36Z,4,{},"[""wheelchair=yes""]","[""indoor_or_level_requires_entrance_check"", ""no_recorded_accessibility_survey_date""]",Mo-Su 10:00-22:00,,False,-6.266038,106.78508,{},"Periksa pintu masuk, kondisi fasilitas, hambatan, jam akses dan foto bertanggal di lapangan."
node/6718719197,Chatime,tag_supported_needs_review,not_verified,https://www.openstreetmap.org/node/6718719197,batch-2.json,2026-09-05T10:24:51.878712+00:00,2021-11-28T03:31:46Z,4,{},"[""wheelchair=yes""]","[""indoor_or_level_requires_entrance_check"", ""no_recorded_accessibility_survey_date""]",Mo-Su 10:00-22:00,,False,-6.2659903,106.7850557,{},"Periksa pintu masuk, kondisi fasilitas, hambatan, jam akses dan foto bertanggal di lapangan."
node/6718719203,Ichiban Sushi,tag_supported_needs_review,not_verified,https://www.openstreetmap.org/node/6718719203,batch-2.json,2026-09-05T10:24:51.878712+00:00,2021-11-28T03:31:19Z,2,{},"[""wheelchair=yes""]","[""indoor_or_level_requires_entrance_check"", ""no_recorded_accessibility_survey_date""]",Mo-Su 10:00-22:00,,False,-6.2659462,106.7847891,{},"Periksa pintu masuk, kondisi fasilitas, hambatan, jam akses dan foto bertanggal di lapangan."
node/6718719205,Dairy Queen,tag_supported_needs_review,not_verified,https://www.openstreetmap.org/node/6718719205,batch-2.json,2026-09-05T10:24:51.878712+00:00,2021-11-28T03:29:35Z,4,{},"[""wheelchair=yes""]","[""indoor_or_level_requires_entrance_check"", ""no_recorded_accessibility_survey_date""]",Mo-Su 10:00-22:00,,False,-6.2662234,106.7846288,{},"Periksa pintu masuk, kondisi fasilitas, hambatan, jam akses dan foto bertanggal di lapangan."
node/6718719209,Quickly,tag_supported_needs_review,not_verified,https://www.openstreetmap.org/node/6718719209,batch-2.json,2026-09-05T10:24:51.878712+00:00,2021-11-28T03:29:41Z,2,{},"[""wheelchair=yes""]","[""indoor_or_level_requires_entrance_check"", ""no_recorded_accessibility_survey_date""]",,,False,-6.2662802,106.7846742,{},"Periksa pintu masuk, kondisi fasilitas, hambatan, jam akses dan foto bertanggal di lapangan."
node/6718719210,Auntie Anne's,tag_supported_needs_review,not_verified,https://www.openstreetmap.org/node/6718719210,batch-2.json,2026-09-05T10:24:51.878712+00:00,2021-11-28T03:29:48Z,2,{},"[""wheelchair=yes""]","[""indoor_or_level_requires_entrance_check"", ""no_recorded_accessibility_survey_date""]",,,False,-6.2663386,106.7847795,{},"Periksa pintu masuk, kondisi fasilitas, hambatan, jam akses dan foto bertanggal di lapangan."
node/6718719211,Cold Stone Creamery,tag_supported,not_verified,https://www.openstreetmap.org/node/6718719211,batch-2.json,2026-09-05T10:24:51.878712+00:00,2021-11-28T03:29:54Z,4,{},"[""wheelchair=yes""]","[""no_recorded_accessibility_survey_date""]",,,False,-6.266125,106.784804,{},"Periksa pintu masuk, kondisi fasilitas, hambatan, jam akses dan foto bertanggal di lapangan."
node/6718719212,Yoshinoya,tag_supported_needs_review,not_verified,https://www.openstreetmap.org/node/6718719212,batch-2.json,2026-09-05T10:24:51.878712+00:00,2021-11-28T03:30:00Z,4,{},"[""wheelchair=yes""]","[""indoor_or_level_requires_entrance_check"", ""no_recorded_accessibility_survey_date""]",Mo-Su 10:00-22:00,,False,-6.2660547,106.7846905,{},"Periksa pintu masuk, kondisi fasilitas, hambatan, jam akses dan foto bertanggal di lapangan."
node/6718719213,Hoka-Hoka Bento,tag_supported_needs_review,not_verified,https://www.openstreetmap.org/node/6718719213,batch-2.json,2026-09-05T10:24:51.878712+00:00,2021-11-28T03:29:23Z,6,{},"[""wheelchair=yes""]","[""indoor_or_level_requires_entrance_check"", ""no_recorded_accessibility_survey_date""]",,,False,-6.2662514,106.7844278,{},"Periksa pintu masuk, kondisi fasilitas, hambatan, jam akses dan foto bertanggal di lapangan."
node/6718719214,Chop Buntut Cak Yo,tag_supported,not_verified,https://www.openstreetmap.org/node/6718719214,batch-2.json,2026-09-05T10:24:51.878712+00:00,2021-11-28T03:29:34Z,3,{},"[""wheelchair=yes""]","[""no_recorded_accessibility_survey_date""]",Mo-Su 10:00-22:00,,False,-6.266246,106.7845592,{},"Periksa pintu masuk, kondisi fasilitas, hambatan, jam akses dan foto bertanggal di lapangan."
node/6718719215,Muji,tag_supported_needs_review,not_verified,https://www.openstreetmap.org/node/6718719215,batch-2.json,2026-09-05T10:24:51.878712+00:00,2021-11-28T03:29:28Z,2,{},"[""wheelchair=yes""]","[""indoor_or_level_requires_entrance_check"", ""no_recorded_accessibility_survey_date""]",Mo-Su 10:00-22:00,,False,-6.266246,106.7844948,{},"Periksa pintu masuk, kondisi fasilitas, hambatan, jam akses dan foto bertanggal di lapangan."
node/6718719216,Ace Hardware,tag_supported_needs_review,not_verified,https://www.openstreetmap.org/node/6718719216,batch-2.json,2026-09-05T10:24:51.878712+00:00,2021-11-28T03:28:34Z,6,{},"[""wheelchair=yes""]","[""indoor_or_level_requires_entrance_check"", ""no_recorded_accessibility_survey_date""]",Mo-Su 10:00-22:00,,False,-6.2657463,106.7842536,{},"Periksa pintu masuk, kondisi fasilitas, hambatan, jam akses dan foto bertanggal di lapangan."
node/6718719217,Electronic City,tag_supported_needs_review,not_verified,https://www.openstreetmap.org/node/6718719217,batch-2.json,2026-09-05T10:24:51.878712+00:00,2021-11-28T03:28:51Z,3,{},"[""wheelchair=yes""]","[""indoor_or_level_requires_entrance_check"", ""no_recorded_accessibility_survey_date""]",Mo-Su 10:00-22:00,,False,-6.2659285,106.7842561,{},"Periksa pintu masuk, kondisi fasilitas, hambatan, jam akses dan foto bertanggal di lapangan."
node/6718719220,Hanamasa,tag_supported_needs_review,not_verified,https://www.openstreetmap.org/node/6718719220,batch-2.json,2026-09-05T10:24:51.878712+00:00,2021-11-28T03:31:52Z,2,{},"[""wheelchair=yes""]","[""indoor_or_level_requires_entrance_check"", ""no_recorded_accessibility_survey_date""]",Mo-Su 10:00-22:00,,False,-6.2659154,106.7851198,{},"Periksa pintu masuk, kondisi fasilitas, hambatan, jam akses dan foto bertanggal di lapangan."
node/6718719221,Periplus,tag_supported_needs_review,not_verified,https://www.openstreetmap.org/node/6718719221,batch-2.json,2026-09-05T10:24:51.878712+00:00,2021-11-28T03:30:11Z,2,{},"[""wheelchair=yes""]","[""indoor_or_level_requires_entrance_check"", ""no_recorded_accessibility_survey_date""]",,,False,-6.2659208,106.7845967,{},"Periksa pintu masuk, kondisi fasilitas, hambatan, jam akses dan foto bertanggal di lapangan."
node/6718719222,The Coffee Bean & Tea Leaf,tag_supported_needs_review,not_verified,https://www.openstreetmap.org/node/6718719222,batch-2.json,2026-09-05T10:24:51.878712+00:00,2021-11-28T03:29:53Z,4,{},"[""wheelchair=yes""]","[""indoor_or_level_requires_entrance_check"", ""no_recorded_accessibility_survey_date""]",Mo-Su 10:00-22:00,,False,-6.2661234,106.7847121,{},"Periksa pintu masuk, kondisi fasilitas, hambatan, jam akses dan foto bertanggal di lapangan."
node/6718719224,Gramedia,tag_supported_needs_review,not_verified,https://www.openstreetmap.org/node/6718719224,batch-2.json,2026-09-05T10:24:51.878712+00:00,2021-11-28T03:31:02Z,6,{},"[""wheelchair=yes""]","[""indoor_or_level_requires_entrance_check"", ""no_recorded_accessibility_survey_date""]",,,False,-6.2656835,106.7848167,{},"Periksa pintu masuk, kondisi fasilitas, hambatan, jam akses dan foto bertanggal di lapangan."
node/6718719225,Planet Sport,tag_supported_needs_review,not_verified,https://www.openstreetmap.org/node/6718719225,batch-2.json,2026-09-05T10:24:51.878712+00:00,2021-11-28T03:31:07Z,2,{},"[""wheelchair=yes""]","[""indoor_or_level_requires_entrance_check"", ""no_recorded_accessibility_survey_date""]",Mo-Su 10:00-22:00,,False,-6.2657741,106.7848167,{},"Periksa pintu masuk, kondisi fasilitas, hambatan, jam akses dan foto bertanggal di lapangan."
node/6718719226,HERO,tag_supported_needs_review,not_verified,https://www.openstreetmap.org/node/6718719226,batch-2.json,2026-09-05T10:24:51.878712+00:00,2021-11-28T03:30:56Z,2,{},"[""wheelchair=yes""]","[""indoor_or_level_requires_entrance_check"", ""no_recorded_accessibility_survey_date""]",,,False,-6.2655982,106.7848167,{},"Periksa pintu masuk, kondisi fasilitas, hambatan, jam akses dan foto bertanggal di lapangan."
node/6718719228,Metro,tag_supported_needs_review,not_verified,https://www.openstreetmap.org/node/6718719228,batch-2.json,2026-09-05T10:24:51.878712+00:00,2026-06-22T07:38:40Z,6,{},"[""wheelchair=yes""]","[""indoor_or_level_requires_entrance_check"", ""no_recorded_accessibility_survey_date""]",Mo-Su 10:00-22:00,https://www.metroindonesia.com,False,-6.2643622,106.7845611,{},"Periksa pintu masuk, kondisi fasilitas, hambatan, jam akses dan foto bertanggal di lapangan."
node/6718719229,Uniqlo,tag_supported_needs_review,not_verified,https://www.openstreetmap.org/node/6718719229,batch-2.json,2026-09-05T10:24:51.878712+00:00,2021-11-28T03:30:27Z,4,{},"[""wheelchair=yes""]","[""indoor_or_level_requires_entrance_check"", ""no_recorded_accessibility_survey_date""]",,,False,-6.2647888,106.7847096,{},"Periksa pintu masuk, kondisi fasilitas, hambatan, jam akses dan foto bertanggal di lapangan."
node/6718719230,H&M,tag_supported_needs_review,not_verified,https://www.openstreetmap.org/node/6718719230,batch-2.json,2026-09-05T10:24:51.878712+00:00,2021-11-28T03:30:32Z,3,{},"[""wheelchair=yes""]","[""indoor_or_level_requires_entrance_check"", ""no_recorded_accessibility_survey_date""]",Mo-Su 10:00-22:00,,False,-6.2649292,106.7847099,{},"Periksa pintu masuk, kondisi fasilitas, hambatan, jam akses dan foto bertanggal di lapangan."
node/6718719231,Bakmi GM,tag_supported_needs_review,not_verified,https://www.openstreetmap.org/node/6718719231,batch-2.json,2026-09-05T10:24:51.878712+00:00,2021-11-28T03:28:28Z,4,{},"[""wheelchair=yes""]","[""indoor_or_level_requires_entrance_check"", ""no_recorded_accessibility_survey_date""]",Mo-Su 10:00-22:00,,False,-6.26512,106.7842132,{},"Periksa pintu masuk, kondisi fasilitas, hambatan, jam akses dan foto bertanggal di lapangan."
node/6718719233,Starbucks,tag_supported_needs_review,not_verified,https://www.openstreetmap.org/node/6718719233,batch-2.json,2026-09-05T10:24:51.878712+00:00,2021-11-28T03:28:16Z,4,{},"[""wheelchair=yes""]","[""indoor_or_level_requires_entrance_check"", ""no_recorded_accessibility_survey_date""]",Mo-Su 10:00-22:00,,False,-6.2647977,106.7842117,{},"Periksa pintu masuk, kondisi fasilitas, hambatan, jam akses dan foto bertanggal di lapangan."
node/6718719234,Stradivarius,tag_supported_needs_review,not_verified,https://www.openstreetmap.org/node/6718719234,batch-2.json,2026-09-05T10:24:51.878712+00:00,2021-11-28T03:28:40Z,2,{},"[""wheelchair=yes""]","[""indoor_or_level_requires_entrance_check"", ""no_recorded_accessibility_survey_date""]",Mo-Su 10:00-22:00,,False,-6.2658393,106.7841867,{},"Periksa pintu masuk, kondisi fasilitas, hambatan, jam akses dan foto bertanggal di lapangan."
node/6718719235,Cotton On,tag_supported_needs_review,not_verified,https://www.openstreetmap.org/node/6718719235,batch-2.json,2026-09-05T10:24:51.878712+00:00,2021-11-28T03:28:45Z,2,{},"[""wheelchair=yes""]","[""indoor_or_level_requires_entrance_check"", ""no_recorded_accessibility_survey_date""]",Mo-Su 10:00-22:00,,False,-6.2658393,106.7842567,{},"Periksa pintu masuk, kondisi fasilitas, hambatan, jam akses dan foto bertanggal di lapangan."
node/6734044677,Gramedia,tag_supported,not_verified,https://www.openstreetmap.org/node/6734044677,batch-2.json,2026-09-05T10:24:51.878712+00:00,2019-08-22T01:01:30Z,1,{},"[""wheelchair=yes""]","[""no_recorded_accessibility_survey_date""]",Mo-Su 10:00-22:00,,False,-6.1677798,106.7864655,{},"Periksa pintu masuk, kondisi fasilitas, hambatan, jam akses dan foto bertanggal di lapangan."
node/6734044679,Bina Ban,tag_supported,not_verified,https://www.openstreetmap.org/node/6734044679,batch-2.json,2026-09-05T10:24:51.878712+00:00,2026-03-08T15:56:51Z,2,{},"[""wheelchair=yes""]","[""no_recorded_accessibility_survey_date""]",Mo-Sa 08:00-17:00,,False,-6.1739301,106.7852653,{},"Periksa pintu masuk, kondisi fasilitas, hambatan, jam akses dan foto bertanggal di lapangan."
node/6738342381,Timezone,tag_supported_needs_review,not_verified,https://www.openstreetmap.org/node/6738342381,batch-2.json,2026-09-05T10:24:51.878712+00:00,2019-08-23T10:08:31Z,1,{},"[""wheelchair=yes""]","[""indoor_or_level_requires_entrance_check"", ""no_recorded_accessibility_survey_date""]",Mo-Su 10:00-22:00,,False,-6.1874219,106.7393604,{},"Periksa pintu masuk, kondisi fasilitas, hambatan, jam akses dan foto bertanggal di lapangan."
node/6738342383,Parkson,tag_supported_needs_review,not_verified,https://www.openstreetmap.org/node/6738342383,batch-2.json,2026-09-05T10:24:51.878712+00:00,2024-04-27T18:10:45Z,2,{},"[""wheelchair=yes""]","[""indoor_or_level_requires_entrance_check"", ""no_recorded_accessibility_survey_date""]",Mo-Su 10:00-22:00,,False,-6.1899011,106.7397492,{},"Periksa pintu masuk, kondisi fasilitas, hambatan, jam akses dan foto bertanggal di lapangan."
node/6738342384,Food Avenue,tag_supported,not_verified,https://www.openstreetmap.org/node/6738342384,batch-2.json,2026-09-05T10:24:51.878712+00:00,2019-08-23T10:08:31Z,1,{},"[""wheelchair=yes""]","[""no_recorded_accessibility_survey_date""]",Mo-Su 10:00-22:00,,False,-6.1900552,106.7387419,{},"Periksa pintu masuk, kondisi fasilitas, hambatan, jam akses dan foto bertanggal di lapangan."
node/6738365285,Food Garden,tag_supported_needs_review,not_verified,https://www.openstreetmap.org/node/6738365285,batch-2.json,2026-09-05T10:24:51.878712+00:00,2019-08-23T10:18:11Z,2,{},"[""wheelchair=yes""]","[""indoor_or_level_requires_entrance_check"", ""no_recorded_accessibility_survey_date""]",Fr-Su 10:00-22:00,,False,-6.1881791,106.7386891,{},"Periksa pintu masuk, kondisi fasilitas, hambatan, jam akses dan foto bertanggal di lapangan."
node/6738365286,Matahari,tag_supported_needs_review,not_verified,https://www.openstreetmap.org/node/6738365286,batch-2.json,2026-09-05T10:24:51.878712+00:00,2020-12-09T07:01:47Z,2,{},"[""wheelchair=yes""]","[""indoor_or_level_requires_entrance_check"", ""no_recorded_accessibility_survey_date""]",Mo-Su 10:00-22:00,,False,-6.1899002,106.7394464,{},"Periksa pintu masuk, kondisi fasilitas, hambatan, jam akses dan foto bertanggal di lapangan."
node/6763932252,Indomaret Fresh Duta Indah,tag_supported,not_verified,https://www.openstreetmap.org/node/6763932252,batch-2.json,2026-09-05T10:24:51.878712+00:00,2026-05-31T09:36:48Z,4,{},"[""wheelchair=yes""]","[""no_recorded_accessibility_survey_date""]",,https://www.klikindomaret.com,False,-6.2856822,106.9362535,{},"Periksa pintu masuk, kondisi fasilitas, hambatan, jam akses dan foto bertanggal di lapangan."
node/6816794564,Maytag,tag_supported,not_verified,https://www.openstreetmap.org/node/6816794564,batch-2.json,2026-09-05T10:24:51.878712+00:00,2022-04-12T12:24:36Z,3,{},"[""wheelchair=yes""]","[""no_recorded_accessibility_survey_date""]",,,False,-6.1748517,106.7888974,{},"Periksa pintu masuk, kondisi fasilitas, hambatan, jam akses dan foto bertanggal di lapangan."
node/6853031217,Bakmi Ayam Lili 166,tag_supported_needs_review,not_verified,https://www.openstreetmap.org/node/6853031217,batch-2.json,2026-09-05T10:24:51.878712+00:00,2019-10-05T04:36:07Z,1,{},"[""wheelchair=yes""]","[""toilets:access=customers"", ""no_recorded_accessibility_survey_date""]",Mo-Su 06:30-11:00,,False,-6.1725142,106.7768335,{},"Periksa pintu masuk, kondisi fasilitas, hambatan, jam akses dan foto bertanggal di lapangan."
node/6854603689,Solaria,tag_supported,not_verified,https://www.openstreetmap.org/node/6854603689,batch-2.json,2026-09-05T10:24:51.878712+00:00,2019-10-06T05:27:47Z,1,{},"[""wheelchair=yes""]","[""no_recorded_accessibility_survey_date""]",,,False,-6.1951254,106.817454,{},"Periksa pintu masuk, kondisi fasilitas, hambatan, jam akses dan foto bertanggal di lapangan."
node/6894784585,BNI,tag_supported,not_verified,https://www.openstreetmap.org/node/6894784585,batch-2.json,2026-09-05T10:24:51.878712+00:00,2023-08-22T12:31:17Z,4,{},"[""wheelchair=yes""]","[""no_recorded_accessibility_survey_date""]",Mo-Fr 08:00-14:00,,False,-6.1940073,106.8235872,{},"Periksa pintu masuk, kondisi fasilitas, hambatan, jam akses dan foto bertanggal di lapangan."
node/6894784586,FamilyMart,tag_supported,not_verified,https://www.openstreetmap.org/node/6894784586,batch-2.json,2026-09-05T10:24:51.878712+00:00,2023-08-22T12:31:30Z,3,{},"[""wheelchair=yes""]","[""no_recorded_accessibility_survey_date""]",Mo-Sa 08:00-17:00,,False,-6.1938532,106.8235785,{},"Periksa pintu masuk, kondisi fasilitas, hambatan, jam akses dan foto bertanggal di lapangan."
node/6914084820,Bakmi Kohon Toboali,tag_supported,not_verified,https://www.openstreetmap.org/node/6914084820,batch-2.json,2026-09-05T10:24:51.878712+00:00,2019-10-25T00:02:15Z,1,{},"[""wheelchair=yes""]","[""no_recorded_accessibility_survey_date""]",,,False,-6.1745533,106.7782479,{},"Periksa pintu masuk, kondisi fasilitas, hambatan, jam akses dan foto bertanggal di lapangan."
node/6923955557,Miniso,tag_supported,not_verified,https://www.openstreetmap.org/node/6923955557,batch-2.json,2026-09-05T10:24:51.878712+00:00,2021-11-28T03:33:03Z,2,{},"[""wheelchair=yes""]","[""no_recorded_accessibility_survey_date""]",,,False,-6.2666787,106.7831965,{},"Periksa pintu masuk, kondisi fasilitas, hambatan, jam akses dan foto bertanggal di lapangan."
node/6923955559,,tag_supported,not_verified,https://www.openstreetmap.org/node/6923955559,batch-2.json,2026-09-05T10:24:51.878712+00:00,2021-11-28T03:31:13Z,2,{},"[""wheelchair=yes""]","[""no_recorded_accessibility_survey_date"", ""unnamed_object""]",,,False,-6.2658539,106.7847983,{},"Periksa pintu masuk, kondisi fasilitas, hambatan, jam akses dan foto bertanggal di lapangan."
node/6923955560,Century,tag_supported_needs_review,not_verified,https://www.openstreetmap.org/node/6923955560,batch-2.json,2026-09-05T10:24:51.878712+00:00,2021-11-28T03:30:40Z,2,{},"[""wheelchair=yes""]","[""indoor_or_level_requires_entrance_check"", ""no_recorded_accessibility_survey_date""]",,,False,-6.2649651,106.7848554,{},"Periksa pintu masuk, kondisi fasilitas, hambatan, jam akses dan foto bertanggal di lapangan."
node/6923955561,Ciputra Bakery,tag_supported_needs_review,not_verified,https://www.openstreetmap.org/node/6923955561,batch-2.json,2026-09-05T10:24:51.878712+00:00,2021-11-28T03:29:15Z,3,{},"[""wheelchair=yes""]","[""indoor_or_level_requires_entrance_check"", ""no_recorded_accessibility_survey_date""]",,,False,-6.2658452,106.7844323,{},"Periksa pintu masuk, kondisi fasilitas, hambatan, jam akses dan foto bertanggal di lapangan."
node/6924753117,Bakmie Effata,tag_supported_needs_review,not_verified,https://www.openstreetmap.org/node/6924753117,batch-2.json,2026-09-05T10:24:51.878712+00:00,2026-06-22T07:38:40Z,6,{},"[""wheelchair=yes""]","[""indoor_or_level_requires_entrance_check"", ""no_recorded_accessibility_survey_date""]",Mo-Sa 06:00-16:00,,False,-6.2018156,106.7810574,{},"Periksa pintu masuk, kondisi fasilitas, hambatan, jam akses dan foto bertanggal di lapangan."
node/6924772807,Crossroads Cafe,tag_supported_needs_review,not_verified,https://www.openstreetmap.org/node/6924772807,batch-2.json,2026-09-05T10:24:51.878712+00:00,2020-01-04T11:15:51Z,4,{},"[""wheelchair=yes""]","[""indoor_or_level_requires_entrance_check"", ""no_recorded_accessibility_survey_date""]",,,False,-6.2019363,106.7809093,{},"Periksa pintu masuk, kondisi fasilitas, hambatan, jam akses dan foto bertanggal di lapangan."
node/6927005155,Rakuni Bakery,tag_supported,not_verified,https://www.openstreetmap.org/node/6927005155,batch-2.json,2026-09-05T10:24:51.878712+00:00,2026-01-29T14:18:06Z,6,{},"[""wheelchair=yes""]","[""no_recorded_accessibility_survey_date""]",Mo-Su 07:30-17:30,,False,-6.1666848,106.7854213,{},"Periksa pintu masuk, kondisi fasilitas, hambatan, jam akses dan foto bertanggal di lapangan."
node/6938921888,Kebab Monster,tag_supported,not_verified,https://www.openstreetmap.org/node/6938921888,batch-2.json,2026-09-05T10:24:51.878712+00:00,2026-06-22T07:38:40Z,6,{},"[""wheelchair=yes""]","[""no_recorded_accessibility_survey_date""]",24/7,https://www.kebabmonster.com/,False,-6.200914,106.7832156,{},"Periksa pintu masuk, kondisi fasilitas, hambatan, jam akses dan foto bertanggal di lapangan."
node/6941632279,Kiri Desu,tag_supported,not_verified,https://www.openstreetmap.org/node/6941632279,batch-2.json,2026-09-05T10:24:51.878712+00:00,2020-03-11T07:30:52Z,4,{},"[""wheelchair=yes""]","[""no_recorded_accessibility_survey_date""]",,,False,-6.2007771,106.783278,{},"Periksa pintu masuk, kondisi fasilitas, hambatan, jam akses dan foto bertanggal di lapangan."
node/6941632283,Martabak Djoeragan Mardjoe,tag_supported,not_verified,https://www.openstreetmap.org/node/6941632283,batch-2.json,2026-09-05T10:24:51.878712+00:00,2026-06-22T07:38:40Z,4,{},"[""wheelchair=yes""]","[""no_recorded_accessibility_survey_date""]","Mo-Sa 00:00-24:00; Su 00:00-00:30,11:00-24:00",,False,-6.200778,106.7832445,{},"Periksa pintu masuk, kondisi fasilitas, hambatan, jam akses dan foto bertanggal di lapangan."
node/6950244735,Rice Pasta,tag_supported,not_verified,https://www.openstreetmap.org/node/6950244735,batch-2.json,2026-09-05T10:24:51.878712+00:00,2020-02-05T02:25:22Z,5,{},"[""wheelchair=yes""]","[""no_recorded_accessibility_survey_date""]",Mo-Sa 06:30-16:30,,False,-6.2018646,106.7809348,{},"Periksa pintu masuk, kondisi fasilitas, hambatan, jam akses dan foto bertanggal di lapangan."
node/6954192885,"Nasi Uduk ""Emak"" Guru Mughni",tag_supported,not_verified,https://www.openstreetmap.org/node/6954192885,batch-2.json,2026-09-05T10:24:51.878712+00:00,2024-10-11T05:21:51Z,3,{},"[""wheelchair=yes""]","[""no_recorded_accessibility_survey_date""]",Mo-Fr 11:00-00:00,,False,-6.229616,106.8219259,{},"Periksa pintu masuk, kondisi fasilitas, hambatan, jam akses dan foto bertanggal di lapangan."
node/6991209088,Warung Bohai,tag_supported_needs_review,not_verified,https://www.openstreetmap.org/node/6991209088,batch-2.json,2026-09-05T10:24:51.878712+00:00,2020-01-04T11:15:51Z,2,{},"[""wheelchair=yes""]","[""indoor_or_level_requires_entrance_check"", ""no_recorded_accessibility_survey_date""]",,,False,-6.2018122,106.7811084,{},"Periksa pintu masuk, kondisi fasilitas, hambatan, jam akses dan foto bertanggal di lapangan."
node/6991209089,"Masakan Khas Manado ""Rasa Sayange""",tag_supported_needs_review,not_verified,https://www.openstreetmap.org/node/6991209089,batch-2.json,2026-09-05T10:24:51.878712+00:00,2020-01-04T11:15:51Z,2,{},"[""wheelchair=yes""]","[""indoor_or_level_requires_entrance_check"", ""no_recorded_accessibility_survey_date""]",,,False,-6.2018065,106.7811415,{},"Periksa pintu masuk, kondisi fasilitas, hambatan, jam akses dan foto bertanggal di lapangan."
node/6991209091,"Bakso, Bakwan Malang & Mie Ayam Mangkok ""Mas Bagol""",tag_supported_needs_review,not_verified,https://www.openstreetmap.org/node/6991209091,batch-2.json,2026-09-05T10:24:51.878712+00:00,2020-01-17T11:46:01Z,5,{},"[""wheelchair=yes""]","[""indoor_or_level_requires_entrance_check"", ""no_recorded_accessibility_survey_date""]",,,False,-6.2018179,106.7810099,{},"Periksa pintu masuk, kondisi fasilitas, hambatan, jam akses dan foto bertanggal di lapangan."
node/7027707285,Smorre Brod,tag_supported,not_verified,https://www.openstreetmap.org/node/7027707285,batch-2.json,2026-09-05T10:24:51.878712+00:00,2026-03-17T07:20:56Z,4,{},"[""wheelchair=yes""]","[""no_recorded_accessibility_survey_date""]",Mo-Su 10:00-22:00,,False,-6.2439769,106.7835058,{},"Periksa pintu masuk, kondisi fasilitas, hambatan, jam akses dan foto bertanggal di lapangan."
node/7027707385,Sushi Tei,tag_supported,not_verified,https://www.openstreetmap.org/node/7027707385,batch-2.json,2026-09-05T10:24:51.878712+00:00,2026-03-17T07:20:56Z,4,{},"[""wheelchair=yes""]","[""no_recorded_accessibility_survey_date""]",Mo-Su 10:00-22:00,https://www.sushitei.com/,False,-6.2452249,106.7835399,{},"Periksa pintu masuk, kondisi fasilitas, hambatan, jam akses dan foto bertanggal di lapangan."
node/7034787029,Khao Khao Urban Thai - Neo Soho,tag_supported_needs_review,not_verified,https://www.openstreetmap.org/node/7034787029,batch-2.json,2026-09-05T10:24:51.878712+00:00,2026-06-22T07:38:40Z,4,{},"[""wheelchair=yes""]","[""indoor_or_level_requires_entrance_check"", ""no_recorded_accessibility_survey_date""]",Mo-Su 10:00-22:00,https://www.instagram.com/khaokhaothai/,False,-6.1749643,106.790419,{},"Periksa pintu masuk, kondisi fasilitas, hambatan, jam akses dan foto bertanggal di lapangan."
node/7035211509,HokBen Kiosk,tag_supported_needs_review,not_verified,https://www.openstreetmap.org/node/7035211509,batch-2.json,2026-09-05T10:24:51.878712+00:00,2023-11-02T04:28:08Z,4,"{""check_date"": ""2023-11-01""}","[""wheelchair=yes""]","[""lifecycle_tag_requires_review""]",,,False,-6.2019052,106.7806502,{},"Periksa pintu masuk, kondisi fasilitas, hambatan, jam akses dan foto bertanggal di lapangan."
node/7041219363,GBI Glow Fellowship Centre,tag_supported,not_verified,https://www.openstreetmap.org/node/7041219363,batch-2.json,2026-09-05T10:24:51.878712+00:00,2023-10-05T10:05:19Z,3,{},"[""wheelchair=yes""]","[""no_recorded_accessibility_survey_date""]",,https://www.glowfc.com/,False,-6.1977689,106.8171591,{},"Periksa pintu masuk, kondisi fasilitas, hambatan, jam akses dan foto bertanggal di lapangan."
node/7055864766,Alfamart,tag_supported,not_verified,https://www.openstreetmap.org/node/7055864766,batch-2.json,2026-09-05T10:24:51.878712+00:00,2026-03-31T17:13:49Z,4,{},"[""wheelchair=yes""]","[""no_recorded_accessibility_survey_date""]",Mo-Su 07:00-22:00,https://alfamart.co.id,False,-6.1937821,106.7864296,{},"Periksa pintu masuk, kondisi fasilitas, hambatan, jam akses dan foto bertanggal di lapangan."
node/7057450418,Ayam & Bebek Kremes Kriuuuk,tag_supported_needs_review,not_verified,https://www.openstreetmap.org/node/7057450418,batch-2.json,2026-09-05T10:24:51.878712+00:00,2026-06-22T07:38:40Z,5,{},"[""wheelchair=yes""]","[""indoor_or_level_requires_entrance_check"", ""no_recorded_accessibility_survey_date""]",Mo-Su 10:00-22:00,,False,-6.1972334,106.8174151,{},"Periksa pintu masuk, kondisi fasilitas, hambatan, jam akses dan foto bertanggal di lapangan."
node/7057450421,Century - Thamrin Residences,tag_supported_needs_review,not_verified,https://www.openstreetmap.org/node/7057450421,batch-2.json,2026-09-05T10:24:51.878712+00:00,2020-01-21T10:50:29Z,2,{},"[""wheelchair=yes""]","[""indoor_or_level_requires_entrance_check"", ""no_recorded_accessibility_survey_date""]",,,False,-6.1971591,106.8174173,{},"Periksa pintu masuk, kondisi fasilitas, hambatan, jam akses dan foto bertanggal di lapangan."
node/7059982329,Warkop Matahari,tag_supported,not_verified,https://www.openstreetmap.org/node/7059982329,batch-2.json,2026-09-05T10:24:51.878712+00:00,2019-12-16T11:55:45Z,1,{},"[""wheelchair=yes""]","[""no_recorded_accessibility_survey_date""]",,,False,-6.256954,106.9665451,{},"Periksa pintu masuk, kondisi fasilitas, hambatan, jam akses dan foto bertanggal di lapangan."
node/7060205195,,tag_supported_needs_review,not_verified,https://www.openstreetmap.org/node/7060205195,batch-2.json,2026-09-05T10:24:51.878712+00:00,2026-05-29T07:22:46Z,9,{},"[""wheelchair=yes""]","[""access=private"", ""no_recorded_accessibility_survey_date"", ""unnamed_object""]",,,False,-6.212559,106.8302354,{},"Periksa pintu masuk, kondisi fasilitas, hambatan, jam akses dan foto bertanggal di lapangan."
node/7065528785,Sushi Tei,tag_supported,not_verified,https://www.openstreetmap.org/node/7065528785,batch-2.json,2026-09-05T10:24:51.878712+00:00,2023-10-18T09:40:03Z,2,"{""check_date"": ""2023-10-18""}","[""wheelchair=yes""]",[],Mo-Su 10:00-22:00,https://www.sushitei.co.id/,False,-6.2276722,106.7976222,{},"Periksa pintu masuk, kondisi fasilitas, hambatan, jam akses dan foto bertanggal di lapangan."
node/7074244003,My Crepes,tag_supported_needs_review,not_verified,https://www.openstreetmap.org/node/7074244003,batch-2.json,2026-09-05T10:24:51.878712+00:00,2020-02-05T02:25:22Z,5,{},"[""wheelchair=yes""]","[""indoor_or_level_requires_entrance_check"", ""no_recorded_accessibility_survey_date""]",,,False,-6.2019074,106.7806307,{},"Periksa pintu masuk, kondisi fasilitas, hambatan, jam akses dan foto bertanggal di lapangan."
node/7074244004,Sticky Fingers,tag_supported,not_verified,https://www.openstreetmap.org/node/7074244004,batch-2.json,2026-09-05T10:24:51.878712+00:00,2019-12-21T07:10:24Z,1,{},"[""wheelchair=yes""]","[""no_recorded_accessibility_survey_date""]",,,False,-6.2019167,106.7805113,{},"Periksa pintu masuk, kondisi fasilitas, hambatan, jam akses dan foto bertanggal di lapangan."
node/7074244006,Omon's Corner,tag_supported,not_verified,https://www.openstreetmap.org/node/7074244006,batch-2.json,2026-09-05T10:24:51.878712+00:00,2020-02-05T02:25:22Z,4,{},"[""wheelchair=yes""]","[""no_recorded_accessibility_survey_date""]",,,False,-6.201909,106.7806085,{},"Periksa pintu masuk, kondisi fasilitas, hambatan, jam akses dan foto bertanggal di lapangan."
node/7074244007,Good Waffle,tag_supported_needs_review,not_verified,https://www.openstreetmap.org/node/7074244007,batch-2.json,2026-09-05T10:24:51.878712+00:00,2020-01-04T11:15:51Z,2,{},"[""wheelchair=yes""]","[""indoor_or_level_requires_entrance_check"", ""no_recorded_accessibility_survey_date""]",,,False,-6.2018254,106.7809335,{},"Periksa pintu masuk, kondisi fasilitas, hambatan, jam akses dan foto bertanggal di lapangan."
node/7076060046,Bundaran HI ASTRA,tag_supported,not_verified,https://www.openstreetmap.org/node/7076060046,batch-2.json,2026-09-05T10:24:51.878712+00:00,2024-07-01T05:44:37Z,3,{},"[""tactile_paving=yes""]","[""no_recorded_accessibility_survey_date""]",,,False,-6.1936831,106.8229881,{},"Periksa pintu masuk, kondisi fasilitas, hambatan, jam akses dan foto bertanggal di lapangan."
node/7097153163,Kopi Uti,tag_supported,not_verified,https://www.openstreetmap.org/node/7097153163,batch-2.json,2026-09-05T10:24:51.878712+00:00,2022-05-17T17:58:44Z,2,{},"[""wheelchair=yes""]","[""no_recorded_accessibility_survey_date""]",,,False,-6.1931635,106.803974,{},"Periksa pintu masuk, kondisi fasilitas, hambatan, jam akses dan foto bertanggal di lapangan."
node/7097153164,Kantin Karyawan RS. Pelni,tag_supported,not_verified,https://www.openstreetmap.org/node/7097153164,batch-2.json,2026-09-05T10:24:51.878712+00:00,2026-02-09T04:11:45Z,5,{},"[""wheelchair=yes""]","[""no_recorded_accessibility_survey_date""]",,,False,-6.1930939,106.8039748,{},"Periksa pintu masuk, kondisi fasilitas, hambatan, jam akses dan foto bertanggal di lapangan."
node/7133587336,Oku Tei,tag_supported,not_verified,https://www.openstreetmap.org/node/7133587336,batch-2.json,2026-09-05T10:24:51.878712+00:00,2020-02-05T02:25:22Z,2,{},"[""wheelchair=yes""]","[""no_recorded_accessibility_survey_date""]",,,False,-6.2019135,106.7805623,{},"Periksa pintu masuk, kondisi fasilitas, hambatan, jam akses dan foto bertanggal di lapangan."
node/7178451816,Lokal,tag_supported_needs_review,not_verified,https://www.openstreetmap.org/node/7178451816,batch-2.json,2026-09-05T10:24:51.878712+00:00,2021-11-28T03:30:38Z,2,{},"[""wheelchair=yes""]","[""indoor_or_level_requires_entrance_check"", ""no_recorded_accessibility_survey_date""]",,,False,-6.2651006,106.7846936,{},"Periksa pintu masuk, kondisi fasilitas, hambatan, jam akses dan foto bertanggal di lapangan."
node/7178451817,Toys City,tag_supported_needs_review,not_verified,https://www.openstreetmap.org/node/7178451817,batch-2.json,2026-09-05T10:24:51.878712+00:00,2021-11-28T03:30:51Z,2,{},"[""wheelchair=yes""]","[""indoor_or_level_requires_entrance_check"", ""no_recorded_accessibility_survey_date""]",,,False,-6.2655053,106.7847584,{},"Periksa pintu masuk, kondisi fasilitas, hambatan, jam akses dan foto bertanggal di lapangan."
node/7178451818,Hop Hop,tag_supported_needs_review,not_verified,https://www.openstreetmap.org/node/7178451818,batch-2.json,2026-09-05T10:24:51.878712+00:00,2021-11-28T03:29:03Z,3,{},"[""wheelchair=yes""]","[""indoor_or_level_requires_entrance_check"", ""no_recorded_accessibility_survey_date""]",Mo-Su 10:00-22:00,,False,-6.2660907,106.7843295,{},"Periksa pintu masuk, kondisi fasilitas, hambatan, jam akses dan foto bertanggal di lapangan."
node/7178451820,Musholla,tag_supported_needs_review,not_verified,https://www.openstreetmap.org/node/7178451820,batch-2.json,2026-09-05T10:24:51.878712+00:00,2025-09-06T10:56:10Z,3,{},"[""wheelchair=yes""]","[""indoor_or_level_requires_entrance_check"", ""no_recorded_accessibility_survey_date""]",,,False,-6.2660642,106.7842354,{},"Periksa pintu masuk, kondisi fasilitas, hambatan, jam akses dan foto bertanggal di lapangan."
node/7178451821,Le Gourmet,tag_supported_needs_review,not_verified,https://www.openstreetmap.org/node/7178451821,batch-2.json,2026-09-05T10:24:51.878712+00:00,2021-11-28T03:29:15Z,2,{},"[""wheelchair=yes""]","[""indoor_or_level_requires_entrance_check"", ""no_recorded_accessibility_survey_date""]",,,False,-6.265936,106.7844389,{},"Periksa pintu masuk, kondisi fasilitas, hambatan, jam akses dan foto bertanggal di lapangan."
node/7178451822,Amante,tag_supported_needs_review,not_verified,https://www.openstreetmap.org/node/7178451822,batch-2.json,2026-09-05T10:24:51.878712+00:00,2021-11-28T03:29:09Z,2,{},"[""wheelchair=yes""]","[""indoor_or_level_requires_entrance_check"", ""no_recorded_accessibility_survey_date""]",,,False,-6.266028,106.7843603,{},"Periksa pintu masuk, kondisi fasilitas, hambatan, jam akses dan foto bertanggal di lapangan."
node/7185719604,Bigbab,tag_supported,not_verified,https://www.openstreetmap.org/node/7185719604,batch-2.json,2026-09-05T10:24:51.878712+00:00,2020-02-23T08:50:16Z,2,{},"[""wheelchair=yes""]","[""no_recorded_accessibility_survey_date""]",,,False,-6.2019112,106.7805858,{},"Periksa pintu masuk, kondisi fasilitas, hambatan, jam akses dan foto bertanggal di lapangan."
node/7196702711,Sports Station,tag_supported_needs_review,not_verified,https://www.openstreetmap.org/node/7196702711,batch-2.json,2026-09-05T10:24:51.878712+00:00,2022-12-30T11:43:04Z,2,{},"[""wheelchair=yes""]","[""indoor_or_level_requires_entrance_check"", ""no_recorded_accessibility_survey_date""]",,,False,-6.2208857,106.8333964,{},"Periksa pintu masuk, kondisi fasilitas, hambatan, jam akses dan foto bertanggal di lapangan."
node/7196702716,Fook Yew,tag_supported_needs_review,not_verified,https://www.openstreetmap.org/node/7196702716,batch-2.json,2026-09-05T10:24:51.878712+00:00,2021-11-28T03:25:47Z,2,{},"[""wheelchair=yes""]","[""indoor_or_level_requires_entrance_check"", ""no_recorded_accessibility_survey_date""]",,,False,-6.2452375,106.7838518,{},"Periksa pintu masuk, kondisi fasilitas, hambatan, jam akses dan foto bertanggal di lapangan."
node/7246570539,Hakuya,tag_supported,not_verified,https://www.openstreetmap.org/node/7246570539,batch-2.json,2026-09-05T10:24:51.878712+00:00,2020-02-27T03:56:33Z,1,{},"[""wheelchair=yes""]","[""no_recorded_accessibility_survey_date""]",,,False,-6.201915,106.7805442,{},"Periksa pintu masuk, kondisi fasilitas, hambatan, jam akses dan foto bertanggal di lapangan."
node/7287518267,Les Privat Bahasa Jerman | Pengajar asli Jerman,tag_supported,not_verified,https://www.openstreetmap.org/node/7287518267,batch-2.json,2026-09-05T10:24:51.878712+00:00,2026-06-22T07:44:36Z,3,{},"[""wheelchair=yes""]","[""no_recorded_accessibility_survey_date""]",Tu-Su 07:00-20:30,https://les-bahasa-jerman.business.site/,False,-6.1975104,106.7194328,{},"Periksa pintu masuk, kondisi fasilitas, hambatan, jam akses dan foto bertanggal di lapangan."
node/7333022676,Hugo Boss,tag_supported,not_verified,https://www.openstreetmap.org/node/7333022676,batch-2.json,2026-09-05T10:24:51.878712+00:00,2021-11-28T03:33:24Z,2,{},"[""wheelchair=yes""]","[""no_recorded_accessibility_survey_date""]",,,False,-6.2658214,106.7831186,{},"Periksa pintu masuk, kondisi fasilitas, hambatan, jam akses dan foto bertanggal di lapangan."
node/7333022677,Massimo Dutti,tag_supported,not_verified,https://www.openstreetmap.org/node/7333022677,batch-2.json,2026-09-05T10:24:51.878712+00:00,2021-11-28T03:33:19Z,2,{},"[""wheelchair=yes""]","[""no_recorded_accessibility_survey_date""]",,,False,-6.2659441,106.7831133,{},"Periksa pintu masuk, kondisi fasilitas, hambatan, jam akses dan foto bertanggal di lapangan."
node/7333022680,PIM 2 XXI,tag_supported,not_verified,https://www.openstreetmap.org/node/7333022680,batch-2.json,2026-09-05T10:24:51.878712+00:00,2026-06-17T03:44:25Z,5,{},"[""wheelchair=yes""]","[""no_recorded_accessibility_survey_date""]",Mo-Su 10:00-22:00,,False,-6.2659371,106.7828665,{},"Periksa pintu masuk, kondisi fasilitas, hambatan, jam akses dan foto bertanggal di lapangan."
node/7333022681,Nike,tag_supported,not_verified,https://www.openstreetmap.org/node/7333022681,batch-2.json,2026-09-05T10:24:51.878712+00:00,2021-11-28T03:33:41Z,2,{},"[""wheelchair=yes""]","[""no_recorded_accessibility_survey_date""]",,,False,-6.2656348,106.7830542,{},"Periksa pintu masuk, kondisi fasilitas, hambatan, jam akses dan foto bertanggal di lapangan."
node/7333022682,Sour Sally,tag_supported,not_verified,https://www.openstreetmap.org/node/7333022682,batch-2.json,2026-09-05T10:24:51.878712+00:00,2021-11-28T03:32:14Z,2,{},"[""wheelchair=yes""]","[""no_recorded_accessibility_survey_date""]",,,False,-6.2673185,106.7841137,{},"Periksa pintu masuk, kondisi fasilitas, hambatan, jam akses dan foto bertanggal di lapangan."
node/7333022684,Nanny's Pavillon,tag_supported,not_verified,https://www.openstreetmap.org/node/7333022684,batch-2.json,2026-09-05T10:24:51.878712+00:00,2021-11-28T03:32:08Z,2,{},"[""wheelchair=yes""]","[""no_recorded_accessibility_survey_date""]",,,False,-6.2672545,106.7839903,{},"Periksa pintu masuk, kondisi fasilitas, hambatan, jam akses dan foto bertanggal di lapangan."
node/7355084686,Rumah Sakit Pondok Indah,tag_supported,not_verified,https://www.openstreetmap.org/node/7355084686,batch-2.json,2026-09-05T10:24:51.878712+00:00,2023-12-22T06:01:29Z,2,{},"[""wheelchair=yes""]","[""no_recorded_accessibility_survey_date""]",24/7,,False,-6.2836316,106.7816699,{},"Periksa pintu masuk, kondisi fasilitas, hambatan, jam akses dan foto bertanggal di lapangan."
node/7433265417,Apotek Century,tag_supported,not_verified,https://www.openstreetmap.org/node/7433265417,batch-2.json,2026-09-05T10:24:51.878712+00:00,2026-05-04T11:28:23Z,3,{},"[""wheelchair=yes""]","[""no_recorded_accessibility_survey_date""]",,,False,-6.2230278,106.8424728,{},"Periksa pintu masuk, kondisi fasilitas, hambatan, jam akses dan foto bertanggal di lapangan."
node/7647951818,Mama Foods Agen Frozen Foods,tag_supported,not_verified,https://www.openstreetmap.org/node/7647951818,batch-2.json,2026-09-05T10:24:51.878712+00:00,2026-06-09T03:09:58Z,4,{},"[""wheelchair=yes""]","[""no_recorded_accessibility_survey_date""]",Mo-Su 07:00-19:00,https://mamafoodss.business.site/,False,-6.2277195,107.00627,{},"Periksa pintu masuk, kondisi fasilitas, hambatan, jam akses dan foto bertanggal di lapangan."
node/7768925846,,tag_supported,not_verified,https://www.openstreetmap.org/node/7768925846,batch-2.json,2026-09-05T10:24:51.878712+00:00,2020-07-30T05:54:36Z,1,{},"[""tactile_paving=yes""]","[""no_recorded_accessibility_survey_date"", ""unnamed_object""]",,,False,-6.2245405,106.8269162,{},"Periksa pintu masuk, kondisi fasilitas, hambatan, jam akses dan foto bertanggal di lapangan."
node/7768925847,,tag_supported,not_verified,https://www.openstreetmap.org/node/7768925847,batch-2.json,2026-09-05T10:24:51.878712+00:00,2020-07-30T05:54:36Z,1,{},"[""tactile_paving=yes""]","[""no_recorded_accessibility_survey_date"", ""unnamed_object""]",,,False,-6.2243019,106.8269922,{},"Periksa pintu masuk, kondisi fasilitas, hambatan, jam akses dan foto bertanggal di lapangan."
node/7834955511,Gyu-Kaku,tag_supported,not_verified,https://www.openstreetmap.org/node/7834955511,batch-2.json,2026-09-05T10:24:51.878712+00:00,2025-06-22T15:32:01Z,3,{},"[""wheelchair=yes""]","[""no_recorded_accessibility_survey_date""]",,https://gyu-kaku.id,False,-6.2122847,106.8038939,{},"Periksa pintu masuk, kondisi fasilitas, hambatan, jam akses dan foto bertanggal di lapangan."
node/7892364524,FamilyMart,tag_supported,not_verified,https://www.openstreetmap.org/node/7892364524,batch-2.json,2026-09-05T10:24:51.878712+00:00,2026-05-03T20:28:12Z,4,{},"[""wheelchair=yes""]","[""no_recorded_accessibility_survey_date""]",Mo-Su 08:00-21:00,,False,-6.215597,106.8176651,{},"Periksa pintu masuk, kondisi fasilitas, hambatan, jam akses dan foto bertanggal di lapangan."
node/7892364527,FamilyMart,tag_supported,not_verified,https://www.openstreetmap.org/node/7892364527,batch-2.json,2026-09-05T10:24:51.878712+00:00,2023-08-22T12:33:02Z,2,{},"[""wheelchair=yes""]","[""no_recorded_accessibility_survey_date""]",Mo-Su 05:00-23:30,,False,-6.2467693,106.7917884,{},"Periksa pintu masuk, kondisi fasilitas, hambatan, jam akses dan foto bertanggal di lapangan."
node/8150405275,,tag_supported,not_verified,https://www.openstreetmap.org/node/8150405275,batch-2.json,2026-09-05T10:24:51.878712+00:00,2023-08-20T12:00:59Z,2,{},"[""tactile_paving=yes""]","[""no_recorded_accessibility_survey_date"", ""unnamed_object""]",,,False,-6.3993623,106.8096663,{},"Periksa pintu masuk, kondisi fasilitas, hambatan, jam akses dan foto bertanggal di lapangan."
node/8164895275,,tag_supported,not_verified,https://www.openstreetmap.org/node/8164895275,batch-2.json,2026-09-05T10:24:51.878712+00:00,2025-10-16T07:52:11Z,4,{},"[""wheelchair=yes"", ""amenity=toilets + wheelchair=yes""]","[""no_recorded_accessibility_survey_date"", ""unnamed_object""]",24/7,,False,-6.3145381,106.701506,{},"Periksa pintu masuk, kondisi fasilitas, hambatan, jam akses dan foto bertanggal di lapangan."
node/8303410176,,tag_supported,not_verified,https://www.openstreetmap.org/node/8303410176,batch-2.json,2026-09-05T10:24:51.878712+00:00,2025-03-26T14:13:47Z,2,{},"[""wheelchair=yes""]","[""no_recorded_accessibility_survey_date"", ""unnamed_object""]",,,False,-6.2316009,106.8414684,{},"Periksa pintu masuk, kondisi fasilitas, hambatan, jam akses dan foto bertanggal di lapangan."
node/8634501445,,tag_supported_needs_review,not_verified,https://www.openstreetmap.org/node/8634501445,batch-2.json,2026-09-05T10:24:51.878712+00:00,2023-03-27T09:45:38Z,6,"{""survey:date"": ""2022-06-27""}","[""wheelchair=yes""]","[""access=private"", ""unnamed_object""]",,,False,-6.3811594,106.8422748,{},"Periksa pintu masuk, kondisi fasilitas, hambatan, jam akses dan foto bertanggal di lapangan."
node/8678490555,Sekretariat Akses,tag_supported,not_verified,https://www.openstreetmap.org/node/8678490555,batch-2.json,2026-09-05T10:24:51.878712+00:00,2023-08-22T18:32:04Z,3,{},"[""wheelchair=yes""]","[""no_recorded_accessibility_survey_date""]",24/7,https://bimbelcpns.com/,False,-6.2583534,106.7525718,{},"Periksa pintu masuk, kondisi fasilitas, hambatan, jam akses dan foto bertanggal di lapangan."
node/8704847390,Grand Caman Hotel,tag_supported,not_verified,https://www.openstreetmap.org/node/8704847390,batch-2.json,2026-09-05T10:24:51.878712+00:00,2021-09-13T03:42:54Z,3,{},"[""wheelchair=yes""]","[""no_recorded_accessibility_survey_date""]",,https://www.grandcamanhotel.com/,False,-6.2641382,106.9448041,{},"Periksa pintu masuk, kondisi fasilitas, hambatan, jam akses dan foto bertanggal di lapangan."
node/8705154970,McDonald's,tag_supported,not_verified,https://www.openstreetmap.org/node/8705154970,batch-2.json,2026-09-05T10:24:51.878712+00:00,2022-04-09T06:07:52Z,3,{},"[""wheelchair=yes""]","[""no_recorded_accessibility_survey_date""]",24/7,https://mcdonalds.co.id/,False,-6.2326417,106.9654036,{},"Periksa pintu masuk, kondisi fasilitas, hambatan, jam akses dan foto bertanggal di lapangan."
node/8772002074,Kopi Kawaji,tag_supported,not_verified,https://www.openstreetmap.org/node/8772002074,batch-2.json,2026-09-05T10:24:51.878712+00:00,2022-05-04T08:19:41Z,3,{},"[""wheelchair=yes""]","[""no_recorded_accessibility_survey_date""]",,,False,-6.2562283,106.934745,{},"Periksa pintu masuk, kondisi fasilitas, hambatan, jam akses dan foto bertanggal di lapangan."
node/9134413700,,tag_supported,not_verified,https://www.openstreetmap.org/node/9134413700,batch-2.json,2026-09-05T10:24:51.878712+00:00,2024-05-27T03:37:57Z,3,{},"[""wheelchair=yes""]","[""no_recorded_accessibility_survey_date"", ""unnamed_object""]",,,False,-6.4008725,106.8295493,{},"Periksa pintu masuk, kondisi fasilitas, hambatan, jam akses dan foto bertanggal di lapangan."
node/9176896882,,tag_supported_needs_review,not_verified,https://www.openstreetmap.org/node/9176896882,batch-2.json,2026-09-05T10:24:51.878712+00:00,2024-02-07T00:49:03Z,3,{},"[""wheelchair=yes""]","[""access=private"", ""no_recorded_accessibility_survey_date"", ""unnamed_object""]",24/7,,False,-6.3245922,106.8177177,{},"Periksa pintu masuk, kondisi fasilitas, hambatan, jam akses dan foto bertanggal di lapangan."
node/9333138701,,tag_supported_needs_review,not_verified,https://www.openstreetmap.org/node/9333138701,batch-2.json,2026-09-05T10:24:51.878712+00:00,2025-12-23T09:13:16Z,2,{},"[""wheelchair=yes""]","[""access=destination"", ""no_recorded_accessibility_survey_date"", ""unnamed_object""]",,,False,-6.2926996,107.1869561,{},"Periksa pintu masuk, kondisi fasilitas, hambatan, jam akses dan foto bertanggal di lapangan."
node/9371419661,,tag_supported,not_verified,https://www.openstreetmap.org/node/9371419661,batch-2.json,2026-09-05T10:24:51.878712+00:00,2023-08-13T02:49:18Z,2,{},"[""wheelchair=yes""]","[""no_recorded_accessibility_survey_date"", ""unnamed_object""]",21:00-05:00,,False,-6.3695483,106.8497927,{},"Periksa pintu masuk, kondisi fasilitas, hambatan, jam akses dan foto bertanggal di lapangan."
node/9435354451,,tag_supported,not_verified,https://www.openstreetmap.org/node/9435354451,batch-2.json,2026-09-05T10:24:51.878712+00:00,2022-12-12T09:08:25Z,5,{},"[""wheelchair=yes""]","[""no_recorded_accessibility_survey_date"", ""unnamed_object""]",,,False,-6.3906314,106.8356555,{},"Periksa pintu masuk, kondisi fasilitas, hambatan, jam akses dan foto bertanggal di lapangan."
node/9435387299,,tag_supported,not_verified,https://www.openstreetmap.org/node/9435387299,batch-2.json,2026-09-05T10:24:51.878712+00:00,2024-07-08T09:52:02Z,10,{},"[""wheelchair=yes""]","[""no_recorded_accessibility_survey_date"", ""unnamed_object""]",Mo-Su 04:00-22:00,,False,-6.3903273,106.8357244,{},"Periksa pintu masuk, kondisi fasilitas, hambatan, jam akses dan foto bertanggal di lapangan."
node/9535043770,,tag_supported,not_verified,https://www.openstreetmap.org/node/9535043770,batch-2.json,2026-09-05T10:24:51.878712+00:00,2022-03-11T06:10:23Z,2,{},"[""tactile_paving=yes""]","[""no_recorded_accessibility_survey_date"", ""unnamed_object""]",,,False,-6.3232328,106.8355458,{},"Periksa pintu masuk, kondisi fasilitas, hambatan, jam akses dan foto bertanggal di lapangan."
node/9660319864,,tag_supported,not_verified,https://www.openstreetmap.org/node/9660319864,batch-2.json,2026-09-05T10:24:51.878712+00:00,2025-03-26T14:13:47Z,3,{},"[""wheelchair=yes""]","[""no_recorded_accessibility_survey_date"", ""unnamed_object""]",,,False,-6.2307883,106.8433835,{},"Periksa pintu masuk, kondisi fasilitas, hambatan, jam akses dan foto bertanggal di lapangan."
node/9696703844,,tag_supported_needs_review,not_verified,https://www.openstreetmap.org/node/9696703844,batch-3.json,2026-09-05T10:24:51.878712+00:00,2026-03-06T20:05:36Z,3,{},"[""wheelchair=yes""]","[""access=destination"", ""no_recorded_accessibility_survey_date"", ""unnamed_object""]",,,False,-6.189611,106.8174854,{},"Periksa pintu masuk, kondisi fasilitas, hambatan, jam akses dan foto bertanggal di lapangan."
node/9744089960,Wayang Cafè,tag_supported_needs_review,not_verified,https://www.openstreetmap.org/node/9744089960,batch-3.json,2026-09-05T10:24:51.878712+00:00,2023-10-10T06:16:06Z,5,"{""check_date"": ""2023-10-10""}","[""wheelchair=yes""]","[""indoor_or_level_requires_entrance_check""]",07:30-23:00,,False,-6.2398502,106.8309659,"{""addr:housename"": {""before"": ""Mercure Jakarta Gatot Subroto"", ""now"": ""Mercure Jakarta Gator Subroto""}}","Periksa pintu masuk, kondisi fasilitas, hambatan, jam akses dan foto bertanggal di lapangan."
node/9751137214,KFC,tag_supported,not_verified,https://www.openstreetmap.org/node/9751137214,batch-3.json,2026-09-05T10:24:51.878712+00:00,2026-05-04T11:32:28Z,2,{},"[""wheelchair=yes""]","[""no_recorded_accessibility_survey_date""]",,,False,-6.222768,106.8431034,{},"Periksa pintu masuk, kondisi fasilitas, hambatan, jam akses dan foto bertanggal di lapangan."
node/9862769894,Yaspen Tugu Ibu Depok 2,tag_supported,not_verified,https://www.openstreetmap.org/node/9862769894,batch-3.json,2026-09-05T10:24:51.878712+00:00,2022-07-09T15:35:44Z,2,"{""check_date"": ""2022-07-09""}","[""wheelchair=yes""]",[],,,False,-6.3900071,106.8363764,{},"Periksa pintu masuk, kondisi fasilitas, hambatan, jam akses dan foto bertanggal di lapangan."
node/9869372522,Yaspen Tugu Ibu Depok 2,tag_supported,not_verified,https://www.openstreetmap.org/node/9869372522,batch-3.json,2026-09-05T10:24:51.878712+00:00,2023-04-26T11:46:34Z,5,"{""check_date"": ""2020-07-06""}","[""wheelchair=yes""]",[],Mo-Sa 06:30-18:00,https://amayaspentuguibu.sch.id/,False,-6.3900069,106.8363517,{},"Periksa pintu masuk, kondisi fasilitas, hambatan, jam akses dan foto bertanggal di lapangan."
node/9873347463,,tag_supported_needs_review,not_verified,https://www.openstreetmap.org/node/9873347463,batch-3.json,2026-09-05T10:24:51.878712+00:00,2022-07-08T02:01:00Z,1,{},"[""wheelchair=yes""]","[""access=private"", ""no_recorded_accessibility_survey_date"", ""unnamed_object""]",,,False,-6.388943,106.8383492,{},"Periksa pintu masuk, kondisi fasilitas, hambatan, jam akses dan foto bertanggal di lapangan."
node/9876673091,,tag_supported,not_verified,https://www.openstreetmap.org/node/9876673091,batch-3.json,2026-09-05T10:24:51.878712+00:00,2022-12-10T15:24:48Z,3,{},"[""wheelchair=yes""]","[""no_recorded_accessibility_survey_date"", ""unnamed_object""]",05:30-22:00,,False,-6.3913036,106.8374453,{},"Periksa pintu masuk, kondisi fasilitas, hambatan, jam akses dan foto bertanggal di lapangan."
node/9876710123,,tag_supported,not_verified,https://www.openstreetmap.org/node/9876710123,batch-3.json,2026-09-05T10:24:51.878712+00:00,2022-12-10T15:16:06Z,2,{},"[""wheelchair=yes""]","[""no_recorded_accessibility_survey_date"", ""unnamed_object""]",05:30-22:00,,False,-6.3890986,106.8359801,{},"Periksa pintu masuk, kondisi fasilitas, hambatan, jam akses dan foto bertanggal di lapangan."
node/9876710124,,tag_supported,not_verified,https://www.openstreetmap.org/node/9876710124,batch-3.json,2026-09-05T10:24:51.878712+00:00,2024-05-24T13:24:01Z,3,{},"[""wheelchair=yes""]","[""no_recorded_accessibility_survey_date"", ""unnamed_object""]",05:30-22:00,,False,-6.3888019,106.8360512,{},"Periksa pintu masuk, kondisi fasilitas, hambatan, jam akses dan foto bertanggal di lapangan."
node/9876710125,,tag_supported,not_verified,https://www.openstreetmap.org/node/9876710125,batch-3.json,2026-09-05T10:24:51.878712+00:00,2022-12-10T15:13:22Z,3,{},"[""wheelchair=yes""]","[""no_recorded_accessibility_survey_date"", ""unnamed_object""]",Mo-Su 05:30-22:00,,False,-6.3887792,106.8373172,{},"Periksa pintu masuk, kondisi fasilitas, hambatan, jam akses dan foto bertanggal di lapangan."
node/9876710126,,tag_supported,not_verified,https://www.openstreetmap.org/node/9876710126,batch-3.json,2026-09-05T10:24:51.878712+00:00,2022-12-10T15:11:37Z,2,{},"[""wheelchair=yes""]","[""no_recorded_accessibility_survey_date"", ""unnamed_object""]",05:30-22:00,,False,-6.3888069,106.8376049,{},"Periksa pintu masuk, kondisi fasilitas, hambatan, jam akses dan foto bertanggal di lapangan."
node/9876717689,,tag_supported,not_verified,https://www.openstreetmap.org/node/9876717689,batch-3.json,2026-09-05T10:24:51.878712+00:00,2022-12-10T15:22:05Z,3,{},"[""wheelchair=yes""]","[""no_recorded_accessibility_survey_date"", ""unnamed_object""]",05:30-22:00,,False,-6.389406,106.8359256,{},"Periksa pintu masuk, kondisi fasilitas, hambatan, jam akses dan foto bertanggal di lapangan."
node/9876719317,,tag_supported,not_verified,https://www.openstreetmap.org/node/9876719317,batch-3.json,2026-09-05T10:24:51.878712+00:00,2022-12-10T15:24:48Z,3,{},"[""wheelchair=yes""]","[""no_recorded_accessibility_survey_date"", ""unnamed_object""]",05:30-22:00,,False,-6.3897892,106.8377356,{},"Periksa pintu masuk, kondisi fasilitas, hambatan, jam akses dan foto bertanggal di lapangan."
node/9877726800,,tag_supported_needs_review,not_verified,https://www.openstreetmap.org/node/9877726800,batch-3.json,2026-09-05T10:24:51.878712+00:00,2024-05-28T11:19:43Z,7,{},"[""wheelchair=yes""]","[""access=permit"", ""no_recorded_accessibility_survey_date"", ""unnamed_object""]",05:30-22:00,,False,-6.3898405,106.8358307,{},"Periksa pintu masuk, kondisi fasilitas, hambatan, jam akses dan foto bertanggal di lapangan."
node/9891572918,Telkomsel,tag_supported_needs_review,not_verified,https://www.openstreetmap.org/node/9891572918,batch-3.json,2026-09-05T10:24:51.878712+00:00,2024-05-04T13:42:49Z,4,{},"[""wheelchair=yes""]","[""indoor_or_level_requires_entrance_check"", ""no_recorded_accessibility_survey_date""]",Mo-Su 10:00-22:00,,False,-6.177494,106.7912452,{},"Periksa pintu masuk, kondisi fasilitas, hambatan, jam akses dan foto bertanggal di lapangan."
node/9891580818,Telkomsel,tag_supported,not_verified,https://www.openstreetmap.org/node/9891580818,batch-3.json,2026-09-05T10:24:51.878712+00:00,2026-05-04T11:05:13Z,3,{},"[""wheelchair=yes""]","[""no_recorded_accessibility_survey_date""]",Mo-Su 11:00-21:00,,False,-6.2239859,106.8424029,{},"Periksa pintu masuk, kondisi fasilitas, hambatan, jam akses dan foto bertanggal di lapangan."
node/9918887952,Warteg Bahari Sentosa,tag_supported,not_verified,https://www.openstreetmap.org/node/9918887952,batch-3.json,2026-09-05T10:24:51.878712+00:00,2022-07-29T10:40:32Z,1,"{""check_date"": ""2022-07-29""}","[""wheelchair=yes""]",[],,,False,-6.2748609,106.816123,{},"Periksa pintu masuk, kondisi fasilitas, hambatan, jam akses dan foto bertanggal di lapangan."
node/9936549071,Jambo Kupi,tag_supported,not_verified,https://www.openstreetmap.org/node/9936549071,batch-3.json,2026-09-05T10:24:51.878712+00:00,2022-08-07T04:24:58Z,1,"{""check_date"": ""2022-08-07""}","[""wheelchair=yes""]",[],,,False,-6.2729394,106.8150611,{},"Periksa pintu masuk, kondisi fasilitas, hambatan, jam akses dan foto bertanggal di lapangan."
node/9938494551,ACE Hardware,tag_supported_needs_review,not_verified,https://www.openstreetmap.org/node/9938494551,batch-3.json,2026-09-05T10:24:51.878712+00:00,2023-10-13T06:59:39Z,4,"{""check_date"": ""2023-10-13""}","[""wheelchair=yes""]","[""indoor_or_level_requires_entrance_check""]","PH,Mo-Su 10:00-22:00",https://www.acehardware.co.id,False,-6.179647,106.7927165,{},"Periksa pintu masuk, kondisi fasilitas, hambatan, jam akses dan foto bertanggal di lapangan."
node/9941538889,Angkringan Tulung Agung,tag_supported,not_verified,https://www.openstreetmap.org/node/9941538889,batch-3.json,2026-09-05T10:24:51.878712+00:00,2022-08-09T04:32:08Z,1,"{""check_date"": ""2022-08-09""}","[""wheelchair=yes""]",[],,,False,-6.274026,106.8163051,{},"Periksa pintu masuk, kondisi fasilitas, hambatan, jam akses dan foto bertanggal di lapangan."
node/10048902218,Mie Aceh Jaly-jaly,tag_supported,not_verified,https://www.openstreetmap.org/node/10048902218,batch-3.json,2026-09-05T10:24:51.878712+00:00,2022-09-24T11:19:19Z,1,"{""check_date"": ""2022-09-24""}","[""wheelchair=yes""]",[],,,False,-6.2388638,106.8452934,{},"Periksa pintu masuk, kondisi fasilitas, hambatan, jam akses dan foto bertanggal di lapangan."
node/10052801764,,tag_supported,not_verified,https://www.openstreetmap.org/node/10052801764,batch-3.json,2026-09-05T10:24:51.878712+00:00,2025-04-10T23:01:31Z,2,{},"[""wheelchair=yes""]","[""no_recorded_accessibility_survey_date"", ""unnamed_object""]",,,False,-6.1259734,106.8327742,{},"Periksa pintu masuk, kondisi fasilitas, hambatan, jam akses dan foto bertanggal di lapangan."
node/10055077085,,tag_supported_needs_review,not_verified,https://www.openstreetmap.org/node/10055077085,batch-3.json,2026-09-05T10:24:51.878712+00:00,2025-04-10T00:09:26Z,2,{},"[""wheelchair=yes""]","[""indoor_or_level_requires_entrance_check"", ""no_recorded_accessibility_survey_date"", ""unnamed_object""]",,,False,-6.124853,106.8333186,{},"Periksa pintu masuk, kondisi fasilitas, hambatan, jam akses dan foto bertanggal di lapangan."
node/10065441769,,tag_supported,not_verified,https://www.openstreetmap.org/node/10065441769,batch-3.json,2026-09-05T10:24:51.878712+00:00,2022-09-30T21:54:21Z,1,{},"[""wheelchair=yes"", ""amenity=toilets + wheelchair=yes""]","[""no_recorded_accessibility_survey_date"", ""unnamed_object""]",,,False,-6.3096598,106.8209586,{},"Periksa pintu masuk, kondisi fasilitas, hambatan, jam akses dan foto bertanggal di lapangan."
node/10092539766,Gerbang Komplek Perumahan Podok Safari Indah,tag_supported,not_verified,https://www.openstreetmap.org/node/10092539766,batch-3.json,2026-09-05T10:24:51.878712+00:00,2025-05-04T02:26:33Z,6,{},"[""wheelchair=yes""]","[""no_recorded_accessibility_survey_date""]",,,False,-6.2624567,106.7298085,{},"Periksa pintu masuk, kondisi fasilitas, hambatan, jam akses dan foto bertanggal di lapangan."
node/10116013517,Jas Jis Jus & Cafe,tag_supported,not_verified,https://www.openstreetmap.org/node/10116013517,batch-3.json,2026-09-05T10:24:51.878712+00:00,2022-10-25T14:31:12Z,14,{},"[""wheelchair=yes""]","[""no_recorded_accessibility_survey_date""]",,,False,-6.4573575,106.7976225,{},"Periksa pintu masuk, kondisi fasilitas, hambatan, jam akses dan foto bertanggal di lapangan."
node/10117207274,Warung Nasi Rizky,tag_supported,not_verified,https://www.openstreetmap.org/node/10117207274,batch-3.json,2026-09-05T10:24:51.878712+00:00,2023-02-13T19:59:10Z,14,{},"[""wheelchair=yes""]","[""no_recorded_accessibility_survey_date""]",24/7,,False,-6.397826,106.7975711,{},"Periksa pintu masuk, kondisi fasilitas, hambatan, jam akses dan foto bertanggal di lapangan."
node/10120273239,Warkop TIO,tag_supported,not_verified,https://www.openstreetmap.org/node/10120273239,batch-3.json,2026-09-05T10:24:51.878712+00:00,2025-10-13T15:34:35Z,13,{},"[""wheelchair=yes""]","[""no_recorded_accessibility_survey_date""]",,,False,-6.4332554,106.792115,{},"Periksa pintu masuk, kondisi fasilitas, hambatan, jam akses dan foto bertanggal di lapangan."
node/10122913073,Gado-gado Portal Mbak Sri,tag_supported,not_verified,https://www.openstreetmap.org/node/10122913073,batch-3.json,2026-09-05T10:24:51.878712+00:00,2025-10-11T12:44:00Z,12,"{""check_date"": ""2025-10-11""}","[""wheelchair=yes""]",[],,,False,-6.4422555,106.7918729,{},"Periksa pintu masuk, kondisi fasilitas, hambatan, jam akses dan foto bertanggal di lapangan."
node/10124251638,Rumah Makan Maimbau,tag_supported,not_verified,https://www.openstreetmap.org/node/10124251638,batch-3.json,2026-09-05T10:24:51.878712+00:00,2026-04-10T11:18:21Z,28,{},"[""wheelchair=yes""]","[""no_recorded_accessibility_survey_date""]",,,False,-6.4415541,106.7979784,"{""name"": {""before"": ""RM Padang MAIMBAU"", ""now"": ""Rumah Makan Maimbau""}}","Periksa pintu masuk, kondisi fasilitas, hambatan, jam akses dan foto bertanggal di lapangan."
node/10126297504,Warung Ririn,tag_supported,not_verified,https://www.openstreetmap.org/node/10126297504,batch-3.json,2026-09-05T10:24:51.878712+00:00,2022-10-24T15:31:35Z,8,{},"[""wheelchair=yes""]","[""no_recorded_accessibility_survey_date""]",,,False,-6.4382479,106.8076752,{},"Periksa pintu masuk, kondisi fasilitas, hambatan, jam akses dan foto bertanggal di lapangan."
node/10127438991,WARKOP Seblak,tag_supported,not_verified,https://www.openstreetmap.org/node/10127438991,batch-3.json,2026-09-05T10:24:51.878712+00:00,2026-03-31T02:39:00Z,19,{},"[""wheelchair=yes""]","[""no_recorded_accessibility_survey_date""]",,,False,-6.4408394,106.7913898,{},"Periksa pintu masuk, kondisi fasilitas, hambatan, jam akses dan foto bertanggal di lapangan."
node/10127944132,Sumber Rejeki Cell,tag_supported,not_verified,https://www.openstreetmap.org/node/10127944132,batch-3.json,2026-09-05T10:24:51.878712+00:00,2022-10-25T11:47:21Z,4,{},"[""wheelchair=yes""]","[""no_recorded_accessibility_survey_date""]",,,False,-6.4476232,106.7990204,{},"Periksa pintu masuk, kondisi fasilitas, hambatan, jam akses dan foto bertanggal di lapangan."
node/10129575358,Toko Berkah Abadi Makmur Sentosa,tag_supported,not_verified,https://www.openstreetmap.org/node/10129575358,batch-3.json,2026-09-05T10:24:51.878712+00:00,2023-03-24T03:10:53Z,14,{},"[""wheelchair=yes""]","[""no_recorded_accessibility_survey_date""]",,,False,-6.471887,106.8031498,{},"Periksa pintu masuk, kondisi fasilitas, hambatan, jam akses dan foto bertanggal di lapangan."
node/10130695264,Kedai Kopi Limo,tag_supported,not_verified,https://www.openstreetmap.org/node/10130695264,batch-3.json,2026-09-05T10:24:51.878712+00:00,2022-10-26T16:57:13Z,10,{},"[""wheelchair=yes""]","[""no_recorded_accessibility_survey_date""]",,,False,-6.3780433,106.7702476,{},"Periksa pintu masuk, kondisi fasilitas, hambatan, jam akses dan foto bertanggal di lapangan."
node/10132456590,Restoran Sederhana,tag_supported,not_verified,https://www.openstreetmap.org/node/10132456590,batch-3.json,2026-09-05T10:24:51.878712+00:00,2022-10-27T11:37:32Z,1,"{""check_date"": ""2022-10-27""}","[""wheelchair=yes""]",[],,,False,-6.2797481,106.8196136,{},"Periksa pintu masuk, kondisi fasilitas, hambatan, jam akses dan foto bertanggal di lapangan."
node/10134998483,Angkringan,tag_supported,not_verified,https://www.openstreetmap.org/node/10134998483,batch-3.json,2026-09-05T10:24:51.878712+00:00,2022-10-28T08:49:28Z,4,{},"[""wheelchair=yes""]","[""no_recorded_accessibility_survey_date""]",,,False,-6.4765502,106.8035603,{},"Periksa pintu masuk, kondisi fasilitas, hambatan, jam akses dan foto bertanggal di lapangan."
node/10135062937,Warkop Berkah,tag_supported,not_verified,https://www.openstreetmap.org/node/10135062937,batch-3.json,2026-09-05T10:24:51.878712+00:00,2022-10-28T09:30:26Z,10,{},"[""wheelchair=yes""]","[""no_recorded_accessibility_survey_date""]",,,False,-6.4634006,106.8028125,{},"Periksa pintu masuk, kondisi fasilitas, hambatan, jam akses dan foto bertanggal di lapangan."
node/10135542083,Warkop TAJA,tag_supported,not_verified,https://www.openstreetmap.org/node/10135542083,batch-3.json,2026-09-05T10:24:51.878712+00:00,2025-12-08T12:15:45Z,13,{},"[""wheelchair=yes""]","[""no_recorded_accessibility_survey_date""]",,,False,-6.4102043,106.8007091,{},"Periksa pintu masuk, kondisi fasilitas, hambatan, jam akses dan foto bertanggal di lapangan."
node/10136541082,Warmindo Reza,tag_supported,not_verified,https://www.openstreetmap.org/node/10136541082,batch-3.json,2026-09-05T10:24:51.878712+00:00,2023-03-17T03:46:24Z,12,{},"[""wheelchair=yes""]","[""no_recorded_accessibility_survey_date""]",,,False,-6.4482356,106.7992048,{},"Periksa pintu masuk, kondisi fasilitas, hambatan, jam akses dan foto bertanggal di lapangan."
node/10147371095,Angkringan,tag_supported,not_verified,https://www.openstreetmap.org/node/10147371095,batch-3.json,2026-09-05T10:24:51.878712+00:00,2026-01-05T13:34:06Z,11,{},"[""wheelchair=yes""]","[""no_recorded_accessibility_survey_date""]",,,False,-6.4142762,106.7980506,{},"Periksa pintu masuk, kondisi fasilitas, hambatan, jam akses dan foto bertanggal di lapangan."
node/10164515385,,tag_supported_needs_review,not_verified,https://www.openstreetmap.org/node/10164515385,batch-3.json,2026-09-05T10:24:51.878712+00:00,2024-04-04T03:36:30Z,2,{},"[""wheelchair=yes""]","[""access=private"", ""no_recorded_accessibility_survey_date"", ""unnamed_object""]",,,False,-6.35313,106.6935457,{},"Periksa pintu masuk, kondisi fasilitas, hambatan, jam akses dan foto bertanggal di lapangan."
node/10171344557,Warkop Barokah,tag_supported,not_verified,https://www.openstreetmap.org/node/10171344557,batch-3.json,2026-09-05T10:24:51.878712+00:00,2022-11-09T12:23:54Z,10,{},"[""wheelchair=yes""]","[""no_recorded_accessibility_survey_date""]",,,False,-6.3768771,106.7703317,{},"Periksa pintu masuk, kondisi fasilitas, hambatan, jam akses dan foto bertanggal di lapangan."
node/10173587793,Warkop Malik,tag_supported,not_verified,https://www.openstreetmap.org/node/10173587793,batch-3.json,2026-09-05T10:24:51.878712+00:00,2022-11-10T13:14:49Z,10,{},"[""wheelchair=yes""]","[""no_recorded_accessibility_survey_date""]",,,False,-6.4034561,106.7858883,{},"Periksa pintu masuk, kondisi fasilitas, hambatan, jam akses dan foto bertanggal di lapangan."
node/10187320875,Klinik Utama SpeedLab,tag_supported,not_verified,https://www.openstreetmap.org/node/10187320875,batch-3.json,2026-09-05T10:24:51.878712+00:00,2022-11-16T01:48:06Z,1,"{""check_date"": ""2022-11-16""}","[""wheelchair=yes""]",[],08:00-22:00,https://reg.sppedlab.id,False,-6.2693692,106.81588,"{""phone"": {""before"": ""+62 821 8088 2250"", ""now"": ""+62 821-8088-2250""}}","Periksa pintu masuk, kondisi fasilitas, hambatan, jam akses dan foto bertanggal di lapangan."
node/10277068519,Taman Literasi Martha Tiahahu,tag_supported_needs_review,not_verified,https://www.openstreetmap.org/node/10277068519,batch-3.json,2026-09-05T10:24:51.878712+00:00,2023-03-30T14:51:24Z,3,{},"[""tactile_paving=yes""]","[""wheelchair=no"", ""no_recorded_accessibility_survey_date""]",Mo-Su 07:00-22:00,,False,-6.2435015,106.798874,{},"Periksa pintu masuk, kondisi fasilitas, hambatan, jam akses dan foto bertanggal di lapangan."
node/10550639393,Warkop Nero,tag_supported,not_verified,https://www.openstreetmap.org/node/10550639393,batch-3.json,2026-09-05T10:24:51.878712+00:00,2025-09-18T16:08:31Z,15,"{""check_date"": ""2025-09-18""}","[""wheelchair=yes""]",[],,,False,-6.439024,106.7971544,{},"Periksa pintu masuk, kondisi fasilitas, hambatan, jam akses dan foto bertanggal di lapangan."
node/10554018661,Klinik SouthernUK,tag_supported,not_verified,https://www.openstreetmap.org/node/10554018661,batch-3.json,2026-09-05T10:24:51.878712+00:00,2023-01-14T06:33:11Z,1,{},"[""wheelchair=yes""]","[""no_recorded_accessibility_survey_date""]",,,False,-6.2078757,106.8675387,{},"Periksa pintu masuk, kondisi fasilitas, hambatan, jam akses dan foto bertanggal di lapangan."
node/10575251317,SPBU Cipayung Jaya,tag_supported,not_verified,https://www.openstreetmap.org/node/10575251317,batch-3.json,2026-09-05T10:24:51.878712+00:00,2025-09-11T15:45:40Z,7,{},"[""wheelchair=yes""]","[""no_recorded_accessibility_survey_date""]",24/7,,False,-6.4389832,106.7975573,{},"Periksa pintu masuk, kondisi fasilitas, hambatan, jam akses dan foto bertanggal di lapangan."
node/10578919319,Rumah Makan Ibu Titin,tag_supported,not_verified,https://www.openstreetmap.org/node/10578919319,batch-3.json,2026-09-05T10:24:51.878712+00:00,2023-02-01T17:10:24Z,10,{},"[""wheelchair=yes""]","[""no_recorded_accessibility_survey_date""]",,,False,-6.4523871,106.7991246,{},"Periksa pintu masuk, kondisi fasilitas, hambatan, jam akses dan foto bertanggal di lapangan."
node/10580074843,"Warkop BERKAH ""76""",tag_supported,not_verified,https://www.openstreetmap.org/node/10580074843,batch-3.json,2026-09-05T10:24:51.878712+00:00,2026-03-02T18:22:08Z,16,"{""check_date"": ""2026-03-03""}","[""wheelchair=yes""]",[],24/7,,False,-6.4266782,106.7963114,{},"Periksa pintu masuk, kondisi fasilitas, hambatan, jam akses dan foto bertanggal di lapangan."
node/10589907896,Warung Gondrong,tag_supported,not_verified,https://www.openstreetmap.org/node/10589907896,batch-3.json,2026-09-05T10:24:51.878712+00:00,2023-04-22T01:23:24Z,32,{},"[""wheelchair=yes""]","[""no_recorded_accessibility_survey_date""]",,,False,-6.4516205,106.7991092,"{""check_date:opening_hours"": {""before"": ""2026-07-11"", ""now"": ""2023-01-29""}, ""name"": {""before"": ""Warung Kopi Gondrong"", ""now"": ""Warung Gondrong""}}","Periksa pintu masuk, kondisi fasilitas, hambatan, jam akses dan foto bertanggal di lapangan."
node/10594206760,Warung Mamah Vero,tag_supported,not_verified,https://www.openstreetmap.org/node/10594206760,batch-3.json,2026-09-05T10:24:51.878712+00:00,2025-10-25T14:16:46Z,22,"{""check_date"": ""2025-10-25""}","[""wheelchair=yes""]",[],,,False,-6.4416713,106.7979997,"{""amenity"": {""before"": null, ""now"": ""cafe""}, ""name"": {""before"": ""Warung Mamah VERO"", ""now"": ""Warung Mamah Vero""}, ""shop"": {""before"": ""general"", ""now"": null}}","Periksa pintu masuk, kondisi fasilitas, hambatan, jam akses dan foto bertanggal di lapangan."
node/10616334720,Gang Rantai,tag_supported,not_verified,https://www.openstreetmap.org/node/10616334720,batch-3.json,2026-09-05T10:24:51.878712+00:00,2023-02-07T19:02:13Z,10,{},"[""wheelchair=yes""]","[""no_recorded_accessibility_survey_date""]",,,False,-6.4962051,106.7533706,"{""changing_table"": {""before"": ""no"", ""now"": null}, ""check_date:opening_hours"": {""before"": ""2026-07-10"", ""now"": ""2023-02-08""}, ""diet:gluten_free"": {""before"": ""no"", ""now"": null}, ""name"": {""before"": ""Warkopmindo BANGJAY"", ""now"": ""Gang Rantai""}, ""opening_hours"": {""before"": ""24/7"", ""now"": null}, ""opening_hours:signed"": {""before"": null, ""now"": ""no""}}","Periksa pintu masuk, kondisi fasilitas, hambatan, jam akses dan foto bertanggal di lapangan."
node/10666033364,Mardhani Clinic,tag_supported,not_verified,https://www.openstreetmap.org/node/10666033364,batch-3.json,2026-09-05T10:24:51.878712+00:00,2023-02-16T02:28:30Z,2,{},"[""wheelchair=yes""]","[""no_recorded_accessibility_survey_date""]",Mo-Su 07:00-21:00,,False,-6.3176302,107.2918394,{},"Periksa pintu masuk, kondisi fasilitas, hambatan, jam akses dan foto bertanggal di lapangan."
node/10718812549,Warung Bang Asir,tag_supported,not_verified,https://www.openstreetmap.org/node/10718812549,batch-3.json,2026-09-05T10:24:51.878712+00:00,2023-05-26T12:37:10Z,18,{},"[""wheelchair=yes""]","[""no_recorded_accessibility_survey_date""]",,,False,-6.4481984,106.8026096,{},"Periksa pintu masuk, kondisi fasilitas, hambatan, jam akses dan foto bertanggal di lapangan."
node/10729581936,INDORAMA,tag_supported,not_verified,https://www.openstreetmap.org/node/10729581936,batch-3.json,2026-09-05T10:24:51.878712+00:00,2025-12-17T19:20:42Z,23,"{""check_date"": ""2025-12-18""}","[""wheelchair=yes""]",[],24/7,,False,-6.3141667,106.7342505,{},"Periksa pintu masuk, kondisi fasilitas, hambatan, jam akses dan foto bertanggal di lapangan."
node/10731191100,Warteg Kharisma,tag_supported,not_verified,https://www.openstreetmap.org/node/10731191100,batch-3.json,2026-09-05T10:24:51.878712+00:00,2023-03-12T18:41:15Z,10,{},"[""wheelchair=yes""]","[""no_recorded_accessibility_survey_date""]",,,False,-6.3128815,106.7290672,{},"Periksa pintu masuk, kondisi fasilitas, hambatan, jam akses dan foto bertanggal di lapangan."
node/10732644219,Warkop Gira,tag_supported,not_verified,https://www.openstreetmap.org/node/10732644219,batch-3.json,2026-09-05T10:24:51.878712+00:00,2023-05-14T15:10:36Z,16,{},"[""wheelchair=yes""]","[""no_recorded_accessibility_survey_date""]",,,False,-6.4354023,106.8084074,{},"Periksa pintu masuk, kondisi fasilitas, hambatan, jam akses dan foto bertanggal di lapangan."
node/10734067951,Warkop Neng Sari,tag_supported,not_verified,https://www.openstreetmap.org/node/10734067951,batch-3.json,2026-09-05T10:24:51.878712+00:00,2023-03-23T11:21:58Z,12,{},"[""wheelchair=yes""]","[""no_recorded_accessibility_survey_date""]",,,False,-6.4378001,106.7969935,{},"Periksa pintu masuk, kondisi fasilitas, hambatan, jam akses dan foto bertanggal di lapangan."
node/10736305604,Pecel Lele Pakde Bude,tag_supported,not_verified,https://www.openstreetmap.org/node/10736305604,batch-3.json,2026-09-05T10:24:51.878712+00:00,2023-03-15T06:04:14Z,11,{},"[""wheelchair=yes""]","[""no_recorded_accessibility_survey_date""]",,,False,-6.3983292,106.8097351,{},"Periksa pintu masuk, kondisi fasilitas, hambatan, jam akses dan foto bertanggal di lapangan."
node/10736452419,Warung Kopi,tag_supported,not_verified,https://www.openstreetmap.org/node/10736452419,batch-3.json,2026-09-05T10:24:51.878712+00:00,2025-10-25T14:17:31Z,6,"{""check_date"": ""2025-10-25""}","[""wheelchair=yes""]",[],,,False,-6.4410469,106.797543,{},"Periksa pintu masuk, kondisi fasilitas, hambatan, jam akses dan foto bertanggal di lapangan."
node/10736464881,Warung Kopi,tag_supported,not_verified,https://www.openstreetmap.org/node/10736464881,batch-3.json,2026-09-05T10:24:51.878712+00:00,2025-10-25T14:16:59Z,5,{},"[""wheelchair=yes""]","[""no_recorded_accessibility_survey_date""]",,,False,-6.4410469,106.797543,{},"Periksa pintu masuk, kondisi fasilitas, hambatan, jam akses dan foto bertanggal di lapangan."
node/10736467808,Warung Pasirindo,tag_supported,not_verified,https://www.openstreetmap.org/node/10736467808,batch-3.json,2026-09-05T10:24:51.878712+00:00,2025-10-25T14:17:04Z,6,{},"[""wheelchair=yes""]","[""no_recorded_accessibility_survey_date""]",,,False,-6.4410469,106.797543,{},"Periksa pintu masuk, kondisi fasilitas, hambatan, jam akses dan foto bertanggal di lapangan."
node/10738410609,Warung Teh Ida Dinata,tag_supported,not_verified,https://www.openstreetmap.org/node/10738410609,batch-3.json,2026-09-05T10:24:51.878712+00:00,2025-12-04T14:16:56Z,11,{},"[""wheelchair=yes""]","[""no_recorded_accessibility_survey_date""]",,,False,-6.450231,106.7859379,{},"Periksa pintu masuk, kondisi fasilitas, hambatan, jam akses dan foto bertanggal di lapangan."
node/10740491235,Warung Citama,tag_supported,not_verified,https://www.openstreetmap.org/node/10740491235,batch-3.json,2026-09-05T10:24:51.878712+00:00,2023-03-17T03:48:00Z,6,{},"[""wheelchair=yes""]","[""no_recorded_accessibility_survey_date""]",,,False,-6.4484585,106.7992091,{},"Periksa pintu masuk, kondisi fasilitas, hambatan, jam akses dan foto bertanggal di lapangan."
node/10745283257,Warteg Mba Nur,tag_supported,not_verified,https://www.openstreetmap.org/node/10745283257,batch-3.json,2026-09-05T10:24:51.878712+00:00,2023-03-19T14:23:11Z,10,{},"[""wheelchair=yes""]","[""no_recorded_accessibility_survey_date""]",,,False,-6.3544876,106.7759338,{},"Periksa pintu masuk, kondisi fasilitas, hambatan, jam akses dan foto bertanggal di lapangan."
node/10750865649,Warteg Dapur Ipah,tag_supported,not_verified,https://www.openstreetmap.org/node/10750865649,batch-3.json,2026-09-05T10:24:51.878712+00:00,2023-03-21T13:58:15Z,12,{},"[""wheelchair=yes""]","[""no_recorded_accessibility_survey_date""]",,,False,-6.419992,106.7961383,{},"Periksa pintu masuk, kondisi fasilitas, hambatan, jam akses dan foto bertanggal di lapangan."
node/10753525470,Warteg Berkah Jaya,tag_supported,not_verified,https://www.openstreetmap.org/node/10753525470,batch-3.json,2026-09-05T10:24:51.878712+00:00,2023-03-22T14:45:50Z,10,{},"[""wheelchair=yes""]","[""no_recorded_accessibility_survey_date""]",,,False,-6.4533043,106.7990814,{},"Periksa pintu masuk, kondisi fasilitas, hambatan, jam akses dan foto bertanggal di lapangan."
node/10754907234,WARTEG Ganda Mulya,tag_supported,not_verified,https://www.openstreetmap.org/node/10754907234,batch-3.json,2026-09-05T10:24:51.878712+00:00,2026-03-25T22:51:25Z,16,"{""check_date"": ""2025-10-11""}","[""wheelchair=yes""]",[],,,False,-6.4414432,106.7921308,{},"Periksa pintu masuk, kondisi fasilitas, hambatan, jam akses dan foto bertanggal di lapangan."
node/10766977363,Warkop PANGHEGAR,tag_supported,not_verified,https://www.openstreetmap.org/node/10766977363,batch-3.json,2026-09-05T10:24:51.878712+00:00,2025-12-29T18:58:40Z,13,{},"[""wheelchair=yes""]","[""no_recorded_accessibility_survey_date""]",,,False,-6.4142453,106.7930962,{},"Periksa pintu masuk, kondisi fasilitas, hambatan, jam akses dan foto bertanggal di lapangan."
node/10779470307,Warung Imelda,tag_supported,not_verified,https://www.openstreetmap.org/node/10779470307,batch-3.json,2026-09-05T10:24:51.878712+00:00,2023-04-02T11:22:10Z,4,{},"[""wheelchair=yes""]","[""no_recorded_accessibility_survey_date""]",,,False,-6.3599801,106.7758608,{},"Periksa pintu masuk, kondisi fasilitas, hambatan, jam akses dan foto bertanggal di lapangan."
node/10779523135,Jayana Tobacco,tag_supported,not_verified,https://www.openstreetmap.org/node/10779523135,batch-3.json,2026-09-05T10:24:51.878712+00:00,2023-12-11T13:05:06Z,5,{},"[""wheelchair=yes""]","[""no_recorded_accessibility_survey_date""]",,,False,-6.3601843,106.7759265,{},"Periksa pintu masuk, kondisi fasilitas, hambatan, jam akses dan foto bertanggal di lapangan."
node/10788459964,Warteg Kharisma Bahari,tag_supported,not_verified,https://www.openstreetmap.org/node/10788459964,batch-3.json,2026-09-05T10:24:51.878712+00:00,2023-04-05T17:34:48Z,10,{},"[""wheelchair=yes""]","[""no_recorded_accessibility_survey_date""]",,,False,-6.4553859,106.7982529,{},"Periksa pintu masuk, kondisi fasilitas, hambatan, jam akses dan foto bertanggal di lapangan."
node/10790562302,Toko Tembakau ANF,tag_supported,not_verified,https://www.openstreetmap.org/node/10790562302,batch-3.json,2026-09-05T10:24:51.878712+00:00,2023-04-06T16:52:41Z,4,{},"[""wheelchair=yes""]","[""no_recorded_accessibility_survey_date""]",,,False,-6.4508058,106.8016629,{},"Periksa pintu masuk, kondisi fasilitas, hambatan, jam akses dan foto bertanggal di lapangan."
node/10793161752,W. Nasi Lembur Kuring,tag_supported,not_verified,https://www.openstreetmap.org/node/10793161752,batch-3.json,2026-09-05T10:24:51.878712+00:00,2023-04-09T12:32:30Z,12,{},"[""wheelchair=yes""]","[""no_recorded_accessibility_survey_date""]",,,False,-6.4482225,106.8029058,{},"Periksa pintu masuk, kondisi fasilitas, hambatan, jam akses dan foto bertanggal di lapangan."
node/10846143570,Warung Haji Madin,tag_supported,not_verified,https://www.openstreetmap.org/node/10846143570,batch-3.json,2026-09-05T10:24:51.878712+00:00,2023-04-27T12:41:53Z,4,{},"[""wheelchair=yes""]","[""no_recorded_accessibility_survey_date""]",,,False,-6.3076547,106.7211179,{},"Periksa pintu masuk, kondisi fasilitas, hambatan, jam akses dan foto bertanggal di lapangan."
node/10875183359,Cafe Steam,tag_supported,not_verified,https://www.openstreetmap.org/node/10875183359,batch-3.json,2026-09-05T10:24:51.878712+00:00,2026-01-05T13:33:33Z,12,{},"[""wheelchair=yes""]","[""no_recorded_accessibility_survey_date""]",,,False,-6.4113207,106.799887,{},"Periksa pintu masuk, kondisi fasilitas, hambatan, jam akses dan foto bertanggal di lapangan."
node/10895603534,Warung Gang Gereja,tag_supported,not_verified,https://www.openstreetmap.org/node/10895603534,batch-3.json,2026-09-05T10:24:51.878712+00:00,2023-05-14T08:15:08Z,4,{},"[""wheelchair=yes""]","[""no_recorded_accessibility_survey_date""]",,,False,-6.4457605,106.8036249,{},"Periksa pintu masuk, kondisi fasilitas, hambatan, jam akses dan foto bertanggal di lapangan."
node/10904665416,Warung Regency,tag_supported,not_verified,https://www.openstreetmap.org/node/10904665416,batch-3.json,2026-09-05T10:24:51.878712+00:00,2023-05-17T08:36:29Z,4,{},"[""wheelchair=yes""]","[""no_recorded_accessibility_survey_date""]",,,False,-6.4254549,106.8119976,{},"Periksa pintu masuk, kondisi fasilitas, hambatan, jam akses dan foto bertanggal di lapangan."
node/10927657494,Warung Dipo,tag_supported,not_verified,https://www.openstreetmap.org/node/10927657494,batch-3.json,2026-09-05T10:24:51.878712+00:00,2023-05-26T00:43:28Z,14,{},"[""wheelchair=yes""]","[""no_recorded_accessibility_survey_date""]",,,False,-6.4133725,106.8140815,{},"Periksa pintu masuk, kondisi fasilitas, hambatan, jam akses dan foto bertanggal di lapangan."
node/10927769770,Warteg Aliya,tag_supported,not_verified,https://www.openstreetmap.org/node/10927769770,batch-3.json,2026-09-05T10:24:51.878712+00:00,2023-05-26T02:38:41Z,12,{},"[""wheelchair=yes""]","[""no_recorded_accessibility_survey_date""]",,,False,-6.43733,106.7968845,{},"Periksa pintu masuk, kondisi fasilitas, hambatan, jam akses dan foto bertanggal di lapangan."
node/10933944780,Warteg Nurkhalis,tag_supported,not_verified,https://www.openstreetmap.org/node/10933944780,batch-3.json,2026-09-05T10:24:51.878712+00:00,2023-05-28T13:07:19Z,10,{},"[""wheelchair=yes""]","[""no_recorded_accessibility_survey_date""]",,,False,-6.4559826,106.7981389,{},"Periksa pintu masuk, kondisi fasilitas, hambatan, jam akses dan foto bertanggal di lapangan."
node/11030262974,Warkop D SAS,tag_supported,not_verified,https://www.openstreetmap.org/node/11030262974,batch-3.json,2026-09-05T10:24:51.878712+00:00,2023-07-06T15:11:57Z,9,{},"[""wheelchair=yes""]","[""no_recorded_accessibility_survey_date""]",,,False,-6.3165511,106.7151134,{},"Periksa pintu masuk, kondisi fasilitas, hambatan, jam akses dan foto bertanggal di lapangan."
node/11031903572,Warung Kopi Bukit Serua,tag_supported,not_verified,https://www.openstreetmap.org/node/11031903572,batch-3.json,2026-09-05T10:24:51.878712+00:00,2023-07-07T08:14:08Z,9,{},"[""wheelchair=yes""]","[""no_recorded_accessibility_survey_date""]",,,False,-6.3171302,106.72129,{},"Periksa pintu masuk, kondisi fasilitas, hambatan, jam akses dan foto bertanggal di lapangan."
node/11076430044,,tag_supported_needs_review,not_verified,https://www.openstreetmap.org/node/11076430044,batch-3.json,2026-09-05T10:24:51.878712+00:00,2026-03-04T23:37:32Z,2,{},"[""wheelchair=yes""]","[""access=customers"", ""no_recorded_accessibility_survey_date"", ""unnamed_object""]",,,False,-6.1806877,106.8301447,{},"Periksa pintu masuk, kondisi fasilitas, hambatan, jam akses dan foto bertanggal di lapangan."
node/11078588688,,tag_supported,not_verified,https://www.openstreetmap.org/node/11078588688,batch-3.json,2026-09-05T10:24:51.878712+00:00,2024-05-20T07:54:33Z,2,{},"[""tactile_paving=yes""]","[""no_recorded_accessibility_survey_date"", ""unnamed_object""]",,,False,-6.3202992,106.6822041,{},"Periksa pintu masuk, kondisi fasilitas, hambatan, jam akses dan foto bertanggal di lapangan."
node/11078588693,,tag_supported,not_verified,https://www.openstreetmap.org/node/11078588693,batch-3.json,2026-09-05T10:24:51.878712+00:00,2023-07-31T11:50:07Z,1,{},"[""tactile_paving=yes""]","[""no_recorded_accessibility_survey_date"", ""unnamed_object""]",,,False,-6.3184177,106.6808009,{},"Periksa pintu masuk, kondisi fasilitas, hambatan, jam akses dan foto bertanggal di lapangan."
node/11078588700,,tag_supported,not_verified,https://www.openstreetmap.org/node/11078588700,batch-3.json,2026-09-05T10:24:51.878712+00:00,2023-07-31T11:50:07Z,1,{},"[""tactile_paving=yes""]","[""no_recorded_accessibility_survey_date"", ""unnamed_object""]",,,False,-6.3198263,106.6819316,{},"Periksa pintu masuk, kondisi fasilitas, hambatan, jam akses dan foto bertanggal di lapangan."
node/11078607213,,tag_supported,not_verified,https://www.openstreetmap.org/node/11078607213,batch-3.json,2026-09-05T10:24:51.878712+00:00,2023-07-31T11:50:07Z,1,{},"[""tactile_paving=yes""]","[""no_recorded_accessibility_survey_date"", ""unnamed_object""]",,,False,-6.3208836,106.6828525,{},"Periksa pintu masuk, kondisi fasilitas, hambatan, jam akses dan foto bertanggal di lapangan."
node/11078607214,,tag_supported,not_verified,https://www.openstreetmap.org/node/11078607214,batch-3.json,2026-09-05T10:24:51.878712+00:00,2023-07-31T11:50:07Z,1,{},"[""tactile_paving=yes""]","[""no_recorded_accessibility_survey_date"", ""unnamed_object""]",,,False,-6.3205403,106.6840724,{},"Periksa pintu masuk, kondisi fasilitas, hambatan, jam akses dan foto bertanggal di lapangan."
node/11078607224,,tag_supported,not_verified,https://www.openstreetmap.org/node/11078607224,batch-3.json,2026-09-05T10:24:51.878712+00:00,2023-07-31T11:50:07Z,1,{},"[""tactile_paving=yes""]","[""no_recorded_accessibility_survey_date"", ""unnamed_object""]",,,False,-6.3209906,106.6830672,{},"Periksa pintu masuk, kondisi fasilitas, hambatan, jam akses dan foto bertanggal di lapangan."
node/11078607226,,tag_supported,not_verified,https://www.openstreetmap.org/node/11078607226,batch-3.json,2026-09-05T10:24:51.878712+00:00,2023-07-31T11:50:07Z,1,{},"[""tactile_paving=yes""]","[""no_recorded_accessibility_survey_date"", ""unnamed_object""]",,,False,-6.3208375,106.6835831,{},"Periksa pintu masuk, kondisi fasilitas, hambatan, jam akses dan foto bertanggal di lapangan."
node/11078607227,,tag_supported,not_verified,https://www.openstreetmap.org/node/11078607227,batch-3.json,2026-09-05T10:24:51.878712+00:00,2023-07-31T11:50:07Z,1,{},"[""tactile_paving=yes""]","[""no_recorded_accessibility_survey_date"", ""unnamed_object""]",,,False,-6.3206532,106.6842037,{},"Periksa pintu masuk, kondisi fasilitas, hambatan, jam akses dan foto bertanggal di lapangan."
node/11078607311,,tag_supported,not_verified,https://www.openstreetmap.org/node/11078607311,batch-3.json,2026-09-05T10:24:51.878712+00:00,2023-07-31T11:50:07Z,1,{},"[""tactile_paving=yes""]","[""no_recorded_accessibility_survey_date"", ""unnamed_object""]",,,False,-6.3214849,106.6824443,{},"Periksa pintu masuk, kondisi fasilitas, hambatan, jam akses dan foto bertanggal di lapangan."
node/11078607312,,tag_supported,not_verified,https://www.openstreetmap.org/node/11078607312,batch-3.json,2026-09-05T10:24:51.878712+00:00,2023-07-31T11:50:07Z,1,{},"[""tactile_paving=yes""]","[""no_recorded_accessibility_survey_date"", ""unnamed_object""]",,,False,-6.321755,106.6825446,{},"Periksa pintu masuk, kondisi fasilitas, hambatan, jam akses dan foto bertanggal di lapangan."
node/11078607313,,tag_supported,not_verified,https://www.openstreetmap.org/node/11078607313,batch-3.json,2026-09-05T10:24:51.878712+00:00,2023-07-31T11:50:07Z,1,{},"[""tactile_paving=yes""]","[""no_recorded_accessibility_survey_date"", ""unnamed_object""]",,,False,-6.3224019,106.6827845,{},"Periksa pintu masuk, kondisi fasilitas, hambatan, jam akses dan foto bertanggal di lapangan."
node/11078607314,,tag_supported,not_verified,https://www.openstreetmap.org/node/11078607314,batch-3.json,2026-09-05T10:24:51.878712+00:00,2023-07-31T11:50:07Z,1,{},"[""tactile_paving=yes""]","[""no_recorded_accessibility_survey_date"", ""unnamed_object""]",,,False,-6.3233124,106.6830905,{},"Periksa pintu masuk, kondisi fasilitas, hambatan, jam akses dan foto bertanggal di lapangan."
node/11078607315,,tag_supported,not_verified,https://www.openstreetmap.org/node/11078607315,batch-3.json,2026-09-05T10:24:51.878712+00:00,2023-07-31T11:50:07Z,1,{},"[""tactile_paving=yes""]","[""no_recorded_accessibility_survey_date"", ""unnamed_object""]",,,False,-6.3251268,106.6836913,{},"Periksa pintu masuk, kondisi fasilitas, hambatan, jam akses dan foto bertanggal di lapangan."
node/11078607316,,tag_supported,not_verified,https://www.openstreetmap.org/node/11078607316,batch-3.json,2026-09-05T10:24:51.878712+00:00,2023-07-31T11:50:07Z,1,{},"[""tactile_paving=yes""]","[""no_recorded_accessibility_survey_date"", ""unnamed_object""]",,,False,-6.3260108,106.6839843,{},"Periksa pintu masuk, kondisi fasilitas, hambatan, jam akses dan foto bertanggal di lapangan."
node/11078607317,,tag_supported,not_verified,https://www.openstreetmap.org/node/11078607317,batch-3.json,2026-09-05T10:24:51.878712+00:00,2023-07-31T11:50:07Z,1,{},"[""tactile_paving=yes""]","[""no_recorded_accessibility_survey_date"", ""unnamed_object""]",,,False,-6.3260869,106.6840095,{},"Periksa pintu masuk, kondisi fasilitas, hambatan, jam akses dan foto bertanggal di lapangan."
node/11078607318,,tag_supported,not_verified,https://www.openstreetmap.org/node/11078607318,batch-3.json,2026-09-05T10:24:51.878712+00:00,2023-07-31T11:50:07Z,1,{},"[""tactile_paving=yes""]","[""no_recorded_accessibility_survey_date"", ""unnamed_object""]",,,False,-6.3262729,106.6840712,{},"Periksa pintu masuk, kondisi fasilitas, hambatan, jam akses dan foto bertanggal di lapangan."
node/11078679771,,tag_supported,not_verified,https://www.openstreetmap.org/node/11078679771,batch-3.json,2026-09-05T10:24:51.878712+00:00,2023-07-31T12:24:51Z,1,{},"[""tactile_paving=yes""]","[""no_recorded_accessibility_survey_date"", ""unnamed_object""]",,,False,-6.323856,106.6835788,{},"Periksa pintu masuk, kondisi fasilitas, hambatan, jam akses dan foto bertanggal di lapangan."
node/11078679772,,tag_supported,not_verified,https://www.openstreetmap.org/node/11078679772,batch-3.json,2026-09-05T10:24:51.878712+00:00,2023-07-31T12:24:51Z,1,{},"[""tactile_paving=yes""]","[""no_recorded_accessibility_survey_date"", ""unnamed_object""]",,,False,-6.3247537,106.6838784,{},"Periksa pintu masuk, kondisi fasilitas, hambatan, jam akses dan foto bertanggal di lapangan."
node/11078679773,,tag_supported,not_verified,https://www.openstreetmap.org/node/11078679773,batch-3.json,2026-09-05T10:24:51.878712+00:00,2023-07-31T12:24:51Z,1,{},"[""tactile_paving=yes""]","[""no_recorded_accessibility_survey_date"", ""unnamed_object""]",,,False,-6.3261535,106.6843456,{},"Periksa pintu masuk, kondisi fasilitas, hambatan, jam akses dan foto bertanggal di lapangan."
node/11107507589,,tag_supported,not_verified,https://www.openstreetmap.org/node/11107507589,batch-3.json,2026-09-05T10:24:51.878712+00:00,2023-08-11T12:27:34Z,1,{},"[""wheelchair=yes""]","[""no_recorded_accessibility_survey_date"", ""unnamed_object""]",,,False,-6.2614174,106.9937417,{},"Periksa pintu masuk, kondisi fasilitas, hambatan, jam akses dan foto bertanggal di lapangan."
node/11153751434,Carrots Bar,tag_supported,not_verified,https://www.openstreetmap.org/node/11153751434,batch-3.json,2026-09-05T10:24:51.878712+00:00,2023-08-29T17:42:25Z,1,{},"[""wheelchair=yes""]","[""no_recorded_accessibility_survey_date""]",Tu-Sa 18:00-24:00,,False,-6.2266714,106.8071824,"{""mobile"": {""before"": ""+62 812 2221 5568"", ""now"": ""+62812-2221-5568""}}","Periksa pintu masuk, kondisi fasilitas, hambatan, jam akses dan foto bertanggal di lapangan."
node/11161430039,,tag_supported,not_verified,https://www.openstreetmap.org/node/11161430039,batch-3.json,2026-09-05T10:24:51.878712+00:00,2024-03-19T07:36:00Z,2,{},"[""wheelchair=yes""]","[""no_recorded_accessibility_survey_date"", ""unnamed_object""]",,,False,-6.2022599,106.8232633,{},"Periksa pintu masuk, kondisi fasilitas, hambatan, jam akses dan foto bertanggal di lapangan."
node/11217060697,Aromatica,tag_supported_needs_review,not_verified,https://www.openstreetmap.org/node/11217060697,batch-3.json,2026-09-05T10:24:51.878712+00:00,2023-09-25T20:51:38Z,2,"{""check_date"": ""2023-09-26""}","[""wheelchair=yes""]","[""indoor_or_level_requires_entrance_check""]",,,False,-6.1131072,106.6893016,{},"Periksa pintu masuk, kondisi fasilitas, hambatan, jam akses dan foto bertanggal di lapangan."
node/11222351455,Market Ranch,tag_supported,not_verified,https://www.openstreetmap.org/node/11222351455,batch-3.json,2026-09-05T10:24:51.878712+00:00,2023-09-27T11:46:05Z,1,"{""check_date"": ""2023-09-27""}","[""wheelchair=yes""]",[],,,False,-6.2526172,106.8015152,{},"Periksa pintu masuk, kondisi fasilitas, hambatan, jam akses dan foto bertanggal di lapangan."
node/11222584390,Tos.Ca,tag_supported_needs_review,not_verified,https://www.openstreetmap.org/node/11222584390,batch-3.json,2026-09-05T10:24:51.878712+00:00,2023-09-27T13:40:02Z,1,"{""check_date"": ""2023-09-27""}","[""wheelchair=yes""]","[""indoor_or_level_requires_entrance_check""]",,,False,-6.2539817,106.8018144,{},"Periksa pintu masuk, kondisi fasilitas, hambatan, jam akses dan foto bertanggal di lapangan."
node/11226313203,Weirdough Bakehouse,tag_supported_needs_review,not_verified,https://www.openstreetmap.org/node/11226313203,batch-3.json,2026-09-05T10:24:51.878712+00:00,2023-09-29T08:54:06Z,2,"{""check_date"": ""2023-09-29""}","[""wheelchair=yes""]","[""indoor_or_level_requires_entrance_check""]",,,False,-6.2536808,106.8015431,{},"Periksa pintu masuk, kondisi fasilitas, hambatan, jam akses dan foto bertanggal di lapangan."
node/11226409596,Weirdough,tag_supported,not_verified,https://www.openstreetmap.org/node/11226409596,batch-3.json,2026-09-05T10:24:51.878712+00:00,2023-09-29T07:30:01Z,1,"{""check_date"": ""2023-09-29""}","[""wheelchair=yes""]",[],,,False,-6.2534208,106.801531,{},"Periksa pintu masuk, kondisi fasilitas, hambatan, jam akses dan foto bertanggal di lapangan."
node/11228640235,Boaz,tag_supported_needs_review,not_verified,https://www.openstreetmap.org/node/11228640235,batch-3.json,2026-09-05T10:24:51.878712+00:00,2023-09-30T09:52:54Z,1,"{""check_date"": ""2023-09-30""}","[""wheelchair=yes""]","[""indoor_or_level_requires_entrance_check""]",,,False,-6.2533713,106.8017462,{},"Periksa pintu masuk, kondisi fasilitas, hambatan, jam akses dan foto bertanggal di lapangan."
node/11232909856,Alfamidi,tag_supported,not_verified,https://www.openstreetmap.org/node/11232909856,batch-3.json,2026-09-05T10:24:51.878712+00:00,2025-04-30T09:12:21Z,2,"{""check_date"": ""2023-10-02""}","[""wheelchair=yes""]",[],,,False,-6.3377746,106.8132507,{},"Periksa pintu masuk, kondisi fasilitas, hambatan, jam akses dan foto bertanggal di lapangan."
node/11234894267,Rà Premiere,tag_supported,not_verified,https://www.openstreetmap.org/node/11234894267,batch-3.json,2026-09-05T10:24:51.878712+00:00,2023-10-04T15:04:01Z,3,"{""check_date"": ""2023-10-03""}","[""wheelchair=yes""]",[],,,False,-6.2936419,106.8022559,{},"Periksa pintu masuk, kondisi fasilitas, hambatan, jam akses dan foto bertanggal di lapangan."
node/11235385382,Layàna Cilandak,tag_supported_needs_review,not_verified,https://www.openstreetmap.org/node/11235385382,batch-3.json,2026-09-05T10:24:51.878712+00:00,2023-10-04T15:04:01Z,3,"{""check_date"": ""2023-10-04""}","[""wheelchair=yes""]","[""indoor_or_level_requires_entrance_check""]",,,False,-6.2936783,106.8024512,{},"Periksa pintu masuk, kondisi fasilitas, hambatan, jam akses dan foto bertanggal di lapangan."
node/11238512934,Rumangsa,tag_supported_needs_review,not_verified,https://www.openstreetmap.org/node/11238512934,batch-3.json,2026-09-05T10:24:51.878712+00:00,2023-10-04T15:04:01Z,1,{},"[""wheelchair=designated""]","[""indoor_or_level_requires_entrance_check"", ""no_recorded_accessibility_survey_date""]",,,False,-6.2936507,106.8022231,{},"Periksa pintu masuk, kondisi fasilitas, hambatan, jam akses dan foto bertanggal di lapangan."
node/11248180407,GBK Corner,tag_supported,not_verified,https://www.openstreetmap.org/node/11248180407,batch-3.json,2026-09-05T10:24:51.878712+00:00,2023-10-08T13:17:44Z,1,{},"[""toilets:wheelchair=yes""]","[""no_recorded_accessibility_survey_date""]",,,False,-6.2178342,106.8017312,{},"Periksa pintu masuk, kondisi fasilitas, hambatan, jam akses dan foto bertanggal di lapangan."
node/11254203544,,tag_supported_needs_review,not_verified,https://www.openstreetmap.org/node/11254203544,batch-3.json,2026-09-05T10:24:51.878712+00:00,2024-03-28T13:02:00Z,3,"{""check_date"": ""2023-10-11""}","[""wheelchair=yes""]","[""indoor_or_level_requires_entrance_check"", ""unnamed_object""]",,,False,-6.2267928,106.8195,{},"Periksa pintu masuk, kondisi fasilitas, hambatan, jam akses dan foto bertanggal di lapangan."
node/11256537900,Kopi Nako,tag_supported_needs_review,not_verified,https://www.openstreetmap.org/node/11256537900,batch-3.json,2026-09-05T10:24:51.878712+00:00,2023-10-13T04:11:38Z,2,"{""check_date"": ""2023-10-13""}","[""wheelchair=yes""]","[""indoor_or_level_requires_entrance_check""]",10:00-22:00,,False,-6.2262951,106.8191707,{},"Periksa pintu masuk, kondisi fasilitas, hambatan, jam akses dan foto bertanggal di lapangan."
node/11256916505,Tanamera,tag_supported_needs_review,not_verified,https://www.openstreetmap.org/node/11256916505,batch-3.json,2026-09-05T10:24:51.878712+00:00,2024-03-03T01:33:27Z,3,"{""check_date"": ""2023-10-12""}","[""wheelchair=yes""]","[""indoor_or_level_requires_entrance_check""]",,https://tanameracoffee.com/,False,-6.2236254,106.8096599,{},"Periksa pintu masuk, kondisi fasilitas, hambatan, jam akses dan foto bertanggal di lapangan."
node/11258952029,DRC DR's Clinic,tag_supported_needs_review,not_verified,https://www.openstreetmap.org/node/11258952029,batch-3.json,2026-09-05T10:24:51.878712+00:00,2023-10-13T04:12:48Z,2,"{""check_date"": ""2023-10-13""}","[""wheelchair=yes""]","[""indoor_or_level_requires_entrance_check""]",Mo-Fr 10:00-17:00; Sa-Su 10:00-15:00,,False,-6.2263473,106.8190977,{},"Periksa pintu masuk, kondisi fasilitas, hambatan, jam akses dan foto bertanggal di lapangan."
node/11258952030,Dari Hari Dental Clinic,tag_supported_needs_review,not_verified,https://www.openstreetmap.org/node/11258952030,batch-3.json,2026-09-05T10:24:51.878712+00:00,2023-10-13T12:00:09Z,2,"{""check_date"": ""2023-10-13""}","[""wheelchair=yes""]","[""indoor_or_level_requires_entrance_check""]",,,False,-6.2262164,106.8190285,{},"Periksa pintu masuk, kondisi fasilitas, hambatan, jam akses dan foto bertanggal di lapangan."
node/11259647078,Saturday,tag_supported_needs_review,not_verified,https://www.openstreetmap.org/node/11259647078,batch-3.json,2026-09-05T10:24:51.878712+00:00,2023-10-13T10:23:15Z,1,"{""check_date"": ""2023-10-13""}","[""wheelchair=yes""]","[""indoor_or_level_requires_entrance_check""]",,,False,-6.2244365,106.8229499,{},"Periksa pintu masuk, kondisi fasilitas, hambatan, jam akses dan foto bertanggal di lapangan."
node/11262072410,Indomaret,tag_supported,not_verified,https://www.openstreetmap.org/node/11262072410,batch-3.json,2026-09-05T10:24:51.878712+00:00,2026-04-06T01:54:12Z,3,{},"[""wheelchair=yes""]","[""no_recorded_accessibility_survey_date""]",,https://www.klikindomaret.com,False,-6.1853217,106.7806347,{},"Periksa pintu masuk, kondisi fasilitas, hambatan, jam akses dan foto bertanggal di lapangan."
node/11265681825,,tag_supported,not_verified,https://www.openstreetmap.org/node/11265681825,batch-3.json,2026-09-05T10:24:51.878712+00:00,2026-02-07T12:06:57Z,2,{},"[""wheelchair=yes"", ""amenity=toilets + wheelchair=yes""]","[""no_recorded_accessibility_survey_date"", ""unnamed_object""]",,,False,-6.2171334,106.8012411,{},"Periksa pintu masuk, kondisi fasilitas, hambatan, jam akses dan foto bertanggal di lapangan."
node/11293796903,,tag_supported,not_verified,https://www.openstreetmap.org/node/11293796903,batch-3.json,2026-09-05T10:24:51.878712+00:00,2025-08-04T03:05:37Z,2,{},"[""wheelchair=yes""]","[""no_recorded_accessibility_survey_date"", ""unnamed_object""]",,,False,-6.3230357,106.768509,{},"Periksa pintu masuk, kondisi fasilitas, hambatan, jam akses dan foto bertanggal di lapangan."
node/11307787187,,tag_supported,not_verified,https://www.openstreetmap.org/node/11307787187,batch-3.json,2026-09-05T10:24:51.878712+00:00,2023-12-25T10:25:06Z,2,{},"[""wheelchair=yes""]","[""no_recorded_accessibility_survey_date"", ""unnamed_object""]",,,False,-6.1274235,106.8304019,{},"Periksa pintu masuk, kondisi fasilitas, hambatan, jam akses dan foto bertanggal di lapangan."
node/11311423972,Pick Cup,tag_supported_needs_review,not_verified,https://www.openstreetmap.org/node/11311423972,batch-3.json,2026-09-05T10:24:51.878712+00:00,2023-11-18T09:41:21Z,5,"{""check_date"": ""2023-11-06""}","[""wheelchair=yes""]","[""indoor_or_level_requires_entrance_check""]",,,False,-6.2294328,106.8205197,{},"Periksa pintu masuk, kondisi fasilitas, hambatan, jam akses dan foto bertanggal di lapangan."
node/11330239297,Rempah Bistro,tag_supported_needs_review,not_verified,https://www.openstreetmap.org/node/11330239297,batch-3.json,2026-09-05T10:24:51.878712+00:00,2023-11-07T02:06:14Z,1,{},"[""wheelchair=yes""]","[""indoor_or_level_requires_entrance_check"", ""no_recorded_accessibility_survey_date""]",Mo-Su 10:00-22:00,,False,-6.1769018,106.7912868,{},"Periksa pintu masuk, kondisi fasilitas, hambatan, jam akses dan foto bertanggal di lapangan."
node/11337049911,Gereja Mawar Sharon,tag_supported,not_verified,https://www.openstreetmap.org/node/11337049911,batch-3.json,2026-09-05T10:24:51.878712+00:00,2023-11-10T02:56:55Z,1,{},"[""wheelchair=yes""]","[""no_recorded_accessibility_survey_date""]",,,False,-6.1771868,106.7899939,"{""name"": {""before"": ""GMS Central Park"", ""now"": ""Gereja Mawar Sharon""}, ""service_times"": {""before"": ""Sa 13:00-14:30,15:00-16:30,17:00-18:30; Su 07:00-08:30,09:00-10:30,11:00-12:30,13:00-14:30,15:00-16:30,17:00-18:30,19:00-20:30"", ""now"": ""Sa 13:00-14:30,15:00-16:30,17:00-18:30;Su 07:00-08:30,09:00-10:30,11:00-12:30,13:00-14:30,15:00-16:30,17:00-18:30,19:00-20:30""}}","Periksa pintu masuk, kondisi fasilitas, hambatan, jam akses dan foto bertanggal di lapangan."
node/11345606527,Daily Wash,tag_supported_needs_review,not_verified,https://www.openstreetmap.org/node/11345606527,batch-3.json,2026-09-05T10:24:51.878712+00:00,2023-11-13T03:42:24Z,1,{},"[""wheelchair=yes""]","[""indoor_or_level_requires_entrance_check"", ""no_recorded_accessibility_survey_date""]",,,False,-6.174553,106.7882356,{},"Periksa pintu masuk, kondisi fasilitas, hambatan, jam akses dan foto bertanggal di lapangan."
node/11345606529,Garden Foodcourt,tag_supported_needs_review,not_verified,https://www.openstreetmap.org/node/11345606529,batch-3.json,2026-09-05T10:24:51.878712+00:00,2023-11-13T03:42:24Z,1,{},"[""wheelchair=yes""]","[""indoor_or_level_requires_entrance_check"", ""no_recorded_accessibility_survey_date""]",,,False,-6.1744616,106.7881398,{},"Periksa pintu masuk, kondisi fasilitas, hambatan, jam akses dan foto bertanggal di lapangan."
node/11347576231,FamilyMart,tag_supported,not_verified,https://www.openstreetmap.org/node/11347576231,batch-3.json,2026-09-05T10:24:51.878712+00:00,2024-05-04T13:42:49Z,2,{},"[""wheelchair=yes""]","[""no_recorded_accessibility_survey_date""]",,,False,-6.1761624,106.7881727,{},"Periksa pintu masuk, kondisi fasilitas, hambatan, jam akses dan foto bertanggal di lapangan."
node/11365051523,,tag_supported_needs_review,not_verified,https://www.openstreetmap.org/node/11365051523,batch-3.json,2026-09-05T10:24:51.878712+00:00,2026-01-17T13:53:40Z,5,{},"[""wheelchair=yes""]","[""access=customers"", ""indoor_or_level_requires_entrance_check"", ""no_recorded_accessibility_survey_date"", ""unnamed_object""]",,,False,-6.2912279,106.8865065,{},"Periksa pintu masuk, kondisi fasilitas, hambatan, jam akses dan foto bertanggal di lapangan."
node/11382663217,Hubbite Food Town,tag_supported_needs_review,not_verified,https://www.openstreetmap.org/node/11382663217,batch-3.json,2026-09-05T10:24:51.878712+00:00,2023-11-29T01:14:58Z,1,{},"[""wheelchair=yes""]","[""indoor_or_level_requires_entrance_check"", ""no_recorded_accessibility_survey_date""]",Mo-Su 10:00-22:00,,False,-6.1809754,106.7920042,{},"Periksa pintu masuk, kondisi fasilitas, hambatan, jam akses dan foto bertanggal di lapangan."
node/11400532699,Hugo Boss,tag_supported_needs_review,not_verified,https://www.openstreetmap.org/node/11400532699,batch-3.json,2026-09-05T10:24:51.878712+00:00,2024-05-04T13:42:49Z,2,{},"[""wheelchair=yes""]","[""indoor_or_level_requires_entrance_check"", ""no_recorded_accessibility_survey_date""]","Mo-Su, PH 10:00-22:00",,False,-6.1760876,106.7914684,{},"Periksa pintu masuk, kondisi fasilitas, hambatan, jam akses dan foto bertanggal di lapangan."
node/11488407391,Kebayoran,tag_supported,not_verified,https://www.openstreetmap.org/node/11488407391,batch-3.json,2026-09-05T10:24:51.878712+00:00,2024-12-03T22:24:14Z,3,{},"[""wheelchair=yes""]","[""no_recorded_accessibility_survey_date""]",,,False,-6.2384128,106.7832939,{},"Periksa pintu masuk, kondisi fasilitas, hambatan, jam akses dan foto bertanggal di lapangan."
node/11564482127,Karet,tag_supported,not_verified,https://www.openstreetmap.org/node/11564482127,batch-3.json,2026-09-05T10:24:51.878712+00:00,2024-06-06T15:22:11Z,8,{},"[""wheelchair=yes"", ""tactile_paving=yes""]","[""no_recorded_accessibility_survey_date""]",,,False,-6.2124217,106.8200573,{},"Periksa pintu masuk, kondisi fasilitas, hambatan, jam akses dan foto bertanggal di lapangan."
node/11569458140,,tag_supported,not_verified,https://www.openstreetmap.org/node/11569458140,batch-4.json,2026-09-05T10:24:51.878712+00:00,2025-09-20T10:25:15Z,2,{},"[""tactile_paving=yes""]","[""no_recorded_accessibility_survey_date"", ""unnamed_object""]",,,False,-6.3495746,106.8157363,{},"Periksa pintu masuk, kondisi fasilitas, hambatan, jam akses dan foto bertanggal di lapangan."
node/11576378127,Matraman Baru,tag_supported,not_verified,https://www.openstreetmap.org/node/11576378127,batch-4.json,2026-09-05T10:24:51.878712+00:00,2026-03-08T06:46:54Z,11,{},"[""wheelchair=yes""]","[""no_recorded_accessibility_survey_date""]",,,False,-6.212984,106.8612303,{},"Periksa pintu masuk, kondisi fasilitas, hambatan, jam akses dan foto bertanggal di lapangan."
node/11576512495,Flyover Raya Bogor,tag_supported,not_verified,https://www.openstreetmap.org/node/11576512495,batch-4.json,2026-09-05T10:24:51.878712+00:00,2024-11-04T02:58:45Z,12,{},"[""wheelchair=yes""]","[""no_recorded_accessibility_survey_date""]",,,False,-6.3065257,106.8657507,{},"Periksa pintu masuk, kondisi fasilitas, hambatan, jam akses dan foto bertanggal di lapangan."
node/11618413221,Puri Beta 2,tag_supported,not_verified,https://www.openstreetmap.org/node/11618413221,batch-4.json,2026-09-05T10:24:51.878712+00:00,2024-07-19T04:03:09Z,6,{},"[""wheelchair=yes"", ""tactile_paving=yes""]","[""no_recorded_accessibility_survey_date""]",,,False,-6.2304776,106.723737,{},"Periksa pintu masuk, kondisi fasilitas, hambatan, jam akses dan foto bertanggal di lapangan."
node/11690216697,TAMANI KOTA KASABLANKA,tag_supported,not_verified,https://www.openstreetmap.org/node/11690216697,batch-4.json,2026-09-05T10:24:51.878712+00:00,2026-05-04T10:46:12Z,3,{},"[""wheelchair=yes""]","[""no_recorded_accessibility_survey_date""]",,,False,-6.2233267,106.8423554,{},"Periksa pintu masuk, kondisi fasilitas, hambatan, jam akses dan foto bertanggal di lapangan."
node/11716127451,Seberang Koramil Pondok Gede,tag_supported,not_verified,https://www.openstreetmap.org/node/11716127451,batch-4.json,2026-09-05T10:24:51.878712+00:00,2024-05-25T14:20:18Z,4,{},"[""wheelchair=yes""]","[""no_recorded_accessibility_survey_date""]",,,False,-6.2827771,106.9139296,{},"Periksa pintu masuk, kondisi fasilitas, hambatan, jam akses dan foto bertanggal di lapangan."
node/11733891622,Fakultas Ilmu Pengetahuan Budaya,tag_supported,not_verified,https://www.openstreetmap.org/node/11733891622,batch-4.json,2026-09-05T10:24:51.878712+00:00,2024-03-15T12:03:21Z,1,{},"[""wheelchair=yes""]","[""no_recorded_accessibility_survey_date""]",,,False,-6.3611205,106.8297189,{},"Periksa pintu masuk, kondisi fasilitas, hambatan, jam akses dan foto bertanggal di lapangan."
node/11756936777,Kebayoran,tag_supported,not_verified,https://www.openstreetmap.org/node/11756936777,batch-4.json,2026-09-05T10:24:51.878712+00:00,2025-05-15T02:43:42Z,8,{},"[""wheelchair=yes""]","[""no_recorded_accessibility_survey_date""]",,,False,-6.238405,106.7832306,{},"Periksa pintu masuk, kondisi fasilitas, hambatan, jam akses dan foto bertanggal di lapangan."
node/11778605108,Puri Beta 1,tag_supported,not_verified,https://www.openstreetmap.org/node/11778605108,batch-4.json,2026-09-05T10:24:51.878712+00:00,2024-06-24T13:55:59Z,4,{},"[""wheelchair=yes"", ""tactile_paving=yes""]","[""no_recorded_accessibility_survey_date""]",,,False,-6.2305403,106.7260168,{},"Periksa pintu masuk, kondisi fasilitas, hambatan, jam akses dan foto bertanggal di lapangan."
node/11875620124,,tag_supported,not_verified,https://www.openstreetmap.org/node/11875620124,batch-4.json,2026-09-05T10:24:51.878712+00:00,2024-12-04T02:45:57Z,2,{},"[""wheelchair=yes""]","[""no_recorded_accessibility_survey_date"", ""unnamed_object""]",Mo-Su 06:00-18:00,,False,-6.4825715,106.8118848,{},"Periksa pintu masuk, kondisi fasilitas, hambatan, jam akses dan foto bertanggal di lapangan."
node/11878621854,RS YARSI JAKARTA,tag_supported,not_verified,https://www.openstreetmap.org/node/11878621854,batch-4.json,2026-09-05T10:24:51.878712+00:00,2026-04-27T08:46:34Z,3,{},"[""wheelchair=yes""]","[""no_recorded_accessibility_survey_date""]",,,False,-6.1698396,106.8690492,{},"Periksa pintu masuk, kondisi fasilitas, hambatan, jam akses dan foto bertanggal di lapangan."
node/11878691282,RS PELNI PETAMBURAN,tag_supported,not_verified,https://www.openstreetmap.org/node/11878691282,batch-4.json,2026-09-05T10:24:51.878712+00:00,2026-02-09T04:13:50Z,3,{},"[""wheelchair=yes""]","[""no_recorded_accessibility_survey_date""]",,,False,-6.1931924,106.8036904,{},"Periksa pintu masuk, kondisi fasilitas, hambatan, jam akses dan foto bertanggal di lapangan."
node/11878706387,RSU ROYAL TARUMA,tag_supported,not_verified,https://www.openstreetmap.org/node/11878706387,batch-4.json,2026-09-05T10:24:51.878712+00:00,2026-01-29T14:18:19Z,3,{},"[""wheelchair=yes""]","[""no_recorded_accessibility_survey_date""]",,,False,-6.1665351,106.7852311,{},"Periksa pintu masuk, kondisi fasilitas, hambatan, jam akses dan foto bertanggal di lapangan."
node/11919789966,,tag_supported,not_verified,https://www.openstreetmap.org/node/11919789966,batch-4.json,2026-09-05T10:24:51.878712+00:00,2024-05-20T13:43:42Z,1,{},"[""wheelchair=yes"", ""amenity=toilets + wheelchair=yes""]","[""no_recorded_accessibility_survey_date"", ""unnamed_object""]",,,False,-6.1672259,106.7882734,{},"Periksa pintu masuk, kondisi fasilitas, hambatan, jam akses dan foto bertanggal di lapangan."
node/11925040275,,tag_supported_needs_review,not_verified,https://www.openstreetmap.org/node/11925040275,batch-4.json,2026-09-05T10:24:51.878712+00:00,2024-05-22T08:27:47Z,1,{},"[""wheelchair=yes""]","[""access=permit"", ""no_recorded_accessibility_survey_date"", ""unnamed_object""]",,,False,-6.3423148,106.932882,{},"Periksa pintu masuk, kondisi fasilitas, hambatan, jam akses dan foto bertanggal di lapangan."
node/11933114049,Pinang Ranti,tag_supported_needs_review,not_verified,https://www.openstreetmap.org/node/11933114049,batch-4.json,2026-09-05T10:24:51.878712+00:00,2024-08-25T10:16:36Z,6,{},"[""wheelchair=yes""]","[""indoor_or_level_requires_entrance_check"", ""no_recorded_accessibility_survey_date""]",,https://www.transjakarta.co.id/,False,-6.2912347,106.8864703,{},"Periksa pintu masuk, kondisi fasilitas, hambatan, jam akses dan foto bertanggal di lapangan."
node/11936173612,,tag_supported,not_verified,https://www.openstreetmap.org/node/11936173612,batch-4.json,2026-09-05T10:24:51.878712+00:00,2024-05-27T03:37:57Z,1,{},"[""wheelchair=yes""]","[""no_recorded_accessibility_survey_date"", ""unnamed_object""]",,,False,-6.400353,106.8311023,{},"Periksa pintu masuk, kondisi fasilitas, hambatan, jam akses dan foto bertanggal di lapangan."
node/11947776913,,tag_supported_needs_review,not_verified,https://www.openstreetmap.org/node/11947776913,batch-4.json,2026-09-05T10:24:51.878712+00:00,2024-09-07T09:46:31Z,4,{},"[""wheelchair=yes""]","[""access=customers"", ""indoor_or_level_requires_entrance_check"", ""no_recorded_accessibility_survey_date"", ""unnamed_object""]",,,False,-6.2901107,106.8810057,{},"Periksa pintu masuk, kondisi fasilitas, hambatan, jam akses dan foto bertanggal di lapangan."
node/11952074939,,tag_supported_needs_review,not_verified,https://www.openstreetmap.org/node/11952074939,batch-4.json,2026-09-05T10:24:51.878712+00:00,2026-06-29T07:21:07Z,3,{},"[""wheelchair=yes""]","[""access=customers"", ""no_recorded_accessibility_survey_date"", ""unnamed_object""]",,,False,-6.2912262,106.8864788,{},"Periksa pintu masuk, kondisi fasilitas, hambatan, jam akses dan foto bertanggal di lapangan."
node/11952074940,,tag_supported_needs_review,not_verified,https://www.openstreetmap.org/node/11952074940,batch-4.json,2026-09-05T10:24:51.878712+00:00,2026-06-29T07:21:07Z,4,{},"[""wheelchair=yes""]","[""access=customers"", ""indoor_or_level_requires_entrance_check"", ""no_recorded_accessibility_survey_date"", ""unnamed_object""]",,,False,-6.291285,106.8864878,{},"Periksa pintu masuk, kondisi fasilitas, hambatan, jam akses dan foto bertanggal di lapangan."
node/11956298137,Taman Rasuna Tower 10,tag_supported,not_verified,https://www.openstreetmap.org/node/11956298137,batch-4.json,2026-09-05T10:24:51.878712+00:00,2026-05-02T15:13:25Z,2,{},"[""wheelchair=yes""]","[""no_recorded_accessibility_survey_date""]",,,False,-6.2186355,106.8359816,{},"Periksa pintu masuk, kondisi fasilitas, hambatan, jam akses dan foto bertanggal di lapangan."
node/11957654249,Bungur,tag_supported,not_verified,https://www.openstreetmap.org/node/11957654249,batch-4.json,2026-09-05T10:24:51.878712+00:00,2025-05-03T10:26:09Z,5,{},"[""wheelchair=yes""]","[""no_recorded_accessibility_survey_date""]",,,False,-6.2526735,106.781646,{},"Periksa pintu masuk, kondisi fasilitas, hambatan, jam akses dan foto bertanggal di lapangan."
node/11957654250,Tanah Kusir,tag_supported,not_verified,https://www.openstreetmap.org/node/11957654250,batch-4.json,2026-09-05T10:24:51.878712+00:00,2024-07-02T16:36:18Z,2,{},"[""wheelchair=yes""]","[""no_recorded_accessibility_survey_date""]",,,False,-6.2569704,106.7816931,{},"Periksa pintu masuk, kondisi fasilitas, hambatan, jam akses dan foto bertanggal di lapangan."
node/11957654252,Pondok Indah,tag_supported,not_verified,https://www.openstreetmap.org/node/11957654252,batch-4.json,2026-09-05T10:24:51.878712+00:00,2024-07-02T15:15:19Z,2,{},"[""wheelchair=yes""]","[""no_recorded_accessibility_survey_date""]",,,False,-6.2672166,106.7836553,{},"Periksa pintu masuk, kondisi fasilitas, hambatan, jam akses dan foto bertanggal di lapangan."
node/11991278401,,tag_supported,not_verified,https://www.openstreetmap.org/node/11991278401,batch-4.json,2026-09-05T10:24:51.878712+00:00,2024-06-19T04:56:25Z,1,{},"[""wheelchair=yes""]","[""no_recorded_accessibility_survey_date"", ""unnamed_object""]",,,False,-6.2490126,106.6974386,{},"Periksa pintu masuk, kondisi fasilitas, hambatan, jam akses dan foto bertanggal di lapangan."
node/12073657866,,tag_supported,not_verified,https://www.openstreetmap.org/node/12073657866,batch-4.json,2026-09-05T10:24:51.878712+00:00,2024-07-25T14:44:25Z,1,{},"[""wheelchair=yes"", ""amenity=toilets + wheelchair=yes""]","[""no_recorded_accessibility_survey_date"", ""unnamed_object""]",,,False,-6.217158,106.8152466,{},"Periksa pintu masuk, kondisi fasilitas, hambatan, jam akses dan foto bertanggal di lapangan."
node/12114182406,Pintu Masuk Gedung F,tag_supported,not_verified,https://www.openstreetmap.org/node/12114182406,batch-4.json,2026-09-05T10:24:51.878712+00:00,2024-08-16T07:06:47Z,1,{},"[""wheelchair=yes""]","[""no_recorded_accessibility_survey_date""]",,,False,-6.2429096,107.0021036,{},"Periksa pintu masuk, kondisi fasilitas, hambatan, jam akses dan foto bertanggal di lapangan."
node/12151915872,Human Connection Studio,tag_supported,not_verified,https://www.openstreetmap.org/node/12151915872,batch-4.json,2026-09-05T10:24:51.878712+00:00,2025-05-29T13:50:46Z,2,{},"[""wheelchair=yes""]","[""no_recorded_accessibility_survey_date""]",24/7,https://www.humanconnection.studio,False,-6.2394179,106.7951614,{},"Periksa pintu masuk, kondisi fasilitas, hambatan, jam akses dan foto bertanggal di lapangan."
node/12157103067,Mie Ayam Alim,tag_supported,not_verified,https://www.openstreetmap.org/node/12157103067,batch-4.json,2026-09-05T10:24:51.878712+00:00,2026-05-12T07:51:36Z,7,{},"[""wheelchair=yes""]","[""no_recorded_accessibility_survey_date""]",,,False,-6.4115471,106.864716,{},"Periksa pintu masuk, kondisi fasilitas, hambatan, jam akses dan foto bertanggal di lapangan."
node/12169421105,,tag_supported,not_verified,https://www.openstreetmap.org/node/12169421105,batch-4.json,2026-09-05T10:24:51.878712+00:00,2024-09-11T06:54:06Z,1,"{""survey:date"": ""2024-09-11""}","[""wheelchair=yes""]","[""unnamed_object""]",,,False,-6.2426055,106.8500374,{},"Periksa pintu masuk, kondisi fasilitas, hambatan, jam akses dan foto bertanggal di lapangan."
node/12543529495,Savory Heights at Punto,tag_supported,not_verified,https://www.openstreetmap.org/node/12543529495,batch-4.json,2026-09-05T10:24:51.878712+00:00,2025-01-30T12:43:50Z,1,{},"[""wheelchair=yes""]","[""no_recorded_accessibility_survey_date""]",24/7,,False,-6.2341439,106.9735646,{},"Periksa pintu masuk, kondisi fasilitas, hambatan, jam akses dan foto bertanggal di lapangan."
node/12599793320,,tag_supported_needs_review,not_verified,https://www.openstreetmap.org/node/12599793320,batch-4.json,2026-09-05T10:24:51.878712+00:00,2025-07-08T14:56:47Z,3,{},"[""wheelchair=yes""]","[""access=destination"", ""no_recorded_accessibility_survey_date"", ""unnamed_object""]",,,False,-6.193993,106.7355775,{},"Periksa pintu masuk, kondisi fasilitas, hambatan, jam akses dan foto bertanggal di lapangan."
node/12802227232,,tag_supported,not_verified,https://www.openstreetmap.org/node/12802227232,batch-4.json,2026-09-05T10:24:51.878712+00:00,2025-05-01T13:46:17Z,2,{},"[""wheelchair=yes"", ""amenity=toilets + wheelchair=yes""]","[""no_recorded_accessibility_survey_date"", ""unnamed_object""]",,,False,-6.0595149,106.6933277,{},"Periksa pintu masuk, kondisi fasilitas, hambatan, jam akses dan foto bertanggal di lapangan."
node/12802343204,Osteria Gia,tag_supported,not_verified,https://www.openstreetmap.org/node/12802343204,batch-4.json,2026-09-05T10:24:51.878712+00:00,2025-05-01T13:46:17Z,1,{},"[""wheelchair=yes""]","[""no_recorded_accessibility_survey_date""]",,,False,-6.059121,106.6928424,{},"Periksa pintu masuk, kondisi fasilitas, hambatan, jam akses dan foto bertanggal di lapangan."
node/12855310693,,tag_supported,not_verified,https://www.openstreetmap.org/node/12855310693,batch-4.json,2026-09-05T10:24:51.878712+00:00,2025-05-22T12:27:06Z,1,{},"[""wheelchair=yes"", ""amenity=toilets + wheelchair=yes""]","[""no_recorded_accessibility_survey_date"", ""unnamed_object""]",,,False,-6.3252059,106.7443278,{},"Periksa pintu masuk, kondisi fasilitas, hambatan, jam akses dan foto bertanggal di lapangan."
node/12890386085,,tag_supported,not_verified,https://www.openstreetmap.org/node/12890386085,batch-4.json,2026-09-05T10:24:51.878712+00:00,2025-06-06T06:51:53Z,1,{},"[""wheelchair=yes"", ""amenity=toilets + wheelchair=yes""]","[""no_recorded_accessibility_survey_date"", ""unnamed_object""]",,,False,-6.3566085,107.2439431,{},"Periksa pintu masuk, kondisi fasilitas, hambatan, jam akses dan foto bertanggal di lapangan."
node/12890386086,,tag_supported,not_verified,https://www.openstreetmap.org/node/12890386086,batch-4.json,2026-09-05T10:24:51.878712+00:00,2025-06-06T06:51:53Z,1,{},"[""wheelchair=yes"", ""amenity=toilets + wheelchair=yes""]","[""no_recorded_accessibility_survey_date"", ""unnamed_object""]",,,False,-6.3563863,107.2427032,{},"Periksa pintu masuk, kondisi fasilitas, hambatan, jam akses dan foto bertanggal di lapangan."
node/12890386087,,tag_supported,not_verified,https://www.openstreetmap.org/node/12890386087,batch-4.json,2026-09-05T10:24:51.878712+00:00,2025-06-06T06:51:53Z,1,{},"[""wheelchair=yes"", ""amenity=toilets + wheelchair=yes""]","[""no_recorded_accessibility_survey_date"", ""unnamed_object""]",,,False,-6.3571351,107.2432608,{},"Periksa pintu masuk, kondisi fasilitas, hambatan, jam akses dan foto bertanggal di lapangan."
node/12890386088,,tag_supported,not_verified,https://www.openstreetmap.org/node/12890386088,batch-4.json,2026-09-05T10:24:51.878712+00:00,2025-06-06T06:51:53Z,1,{},"[""wheelchair=yes"", ""amenity=toilets + wheelchair=yes""]","[""no_recorded_accessibility_survey_date"", ""unnamed_object""]",,,False,-6.3575598,107.242605,{},"Periksa pintu masuk, kondisi fasilitas, hambatan, jam akses dan foto bertanggal di lapangan."
node/12890386610,,tag_supported,not_verified,https://www.openstreetmap.org/node/12890386610,batch-4.json,2026-09-05T10:24:51.878712+00:00,2025-06-06T06:51:53Z,1,{},"[""wheelchair=yes"", ""amenity=toilets + wheelchair=yes""]","[""no_recorded_accessibility_survey_date"", ""unnamed_object""]",,,False,-6.3566951,107.2422195,{},"Periksa pintu masuk, kondisi fasilitas, hambatan, jam akses dan foto bertanggal di lapangan."
node/12917106901,,tag_supported_needs_review,not_verified,https://www.openstreetmap.org/node/12917106901,batch-4.json,2026-09-05T10:24:51.878712+00:00,2025-12-26T07:09:14Z,3,{},"[""wheelchair=yes"", ""amenity=toilets + wheelchair=yes""]","[""indoor_or_level_requires_entrance_check"", ""no_recorded_accessibility_survey_date"", ""unnamed_object""]",,,False,-6.2951094,106.9989934,{},"Periksa pintu masuk, kondisi fasilitas, hambatan, jam akses dan foto bertanggal di lapangan."
node/13138402519,Warkop ANUGERAH,tag_supported,not_verified,https://www.openstreetmap.org/node/13138402519,batch-4.json,2026-09-05T10:24:51.878712+00:00,2026-05-14T07:17:53Z,23,{},"[""wheelchair=yes""]","[""no_recorded_accessibility_survey_date""]",,,False,-6.444989,106.7776674,{},"Periksa pintu masuk, kondisi fasilitas, hambatan, jam akses dan foto bertanggal di lapangan."
node/13144063778,WarkoP OPPUNG,tag_supported,not_verified,https://www.openstreetmap.org/node/13144063778,batch-4.json,2026-09-05T10:24:51.878712+00:00,2026-05-04T04:54:47Z,15,{},"[""wheelchair=yes""]","[""no_recorded_accessibility_survey_date""]",,,False,-6.421496,106.7823333,{},"Periksa pintu masuk, kondisi fasilitas, hambatan, jam akses dan foto bertanggal di lapangan."
node/13144763605,Warkop BUNDA,tag_supported,not_verified,https://www.openstreetmap.org/node/13144763605,batch-4.json,2026-09-05T10:24:51.878712+00:00,2026-03-21T14:16:13Z,10,{},"[""wheelchair=yes""]","[""no_recorded_accessibility_survey_date""]",,,False,-6.4472663,106.7787569,{},"Periksa pintu masuk, kondisi fasilitas, hambatan, jam akses dan foto bertanggal di lapangan."
node/13146860937,Kopi Ayem,tag_supported,not_verified,https://www.openstreetmap.org/node/13146860937,batch-4.json,2026-09-05T10:24:51.878712+00:00,2026-04-06T05:48:59Z,12,{},"[""wheelchair=yes""]","[""no_recorded_accessibility_survey_date""]",,,False,-6.4337681,106.7827058,{},"Periksa pintu masuk, kondisi fasilitas, hambatan, jam akses dan foto bertanggal di lapangan."
node/13147016942,Warkop LBH Khutanari,tag_supported,not_verified,https://www.openstreetmap.org/node/13147016942,batch-4.json,2026-09-05T10:24:51.878712+00:00,2026-02-21T16:12:29Z,10,{},"[""wheelchair=yes""]","[""no_recorded_accessibility_survey_date""]",,,False,-6.4449644,106.7772436,{},"Periksa pintu masuk, kondisi fasilitas, hambatan, jam akses dan foto bertanggal di lapangan."
node/13147563378,Dapur Miea,tag_supported,not_verified,https://www.openstreetmap.org/node/13147563378,batch-4.json,2026-09-05T10:24:51.878712+00:00,2026-03-31T02:40:02Z,19,{},"[""wheelchair=yes""]","[""no_recorded_accessibility_survey_date""]",,,False,-6.4420971,106.7919729,{},"Periksa pintu masuk, kondisi fasilitas, hambatan, jam akses dan foto bertanggal di lapangan."
node/13149497623,Toko SELA,tag_supported,not_verified,https://www.openstreetmap.org/node/13149497623,batch-4.json,2026-09-05T10:24:51.878712+00:00,2026-02-18T14:19:53Z,11,{},"[""wheelchair=yes""]","[""no_recorded_accessibility_survey_date""]",,,False,-6.445023,106.7778492,{},"Periksa pintu masuk, kondisi fasilitas, hambatan, jam akses dan foto bertanggal di lapangan."
node/13152075484,"Warkop ""87""",tag_supported,not_verified,https://www.openstreetmap.org/node/13152075484,batch-4.json,2026-09-05T10:24:51.878712+00:00,2026-07-23T10:09:06Z,9,{},"[""wheelchair=yes""]","[""no_recorded_accessibility_survey_date""]",,,False,-6.4060568,106.7719532,{},"Periksa pintu masuk, kondisi fasilitas, hambatan, jam akses dan foto bertanggal di lapangan."
node/13153032080,Kedai GARUDA,tag_supported,not_verified,https://www.openstreetmap.org/node/13153032080,batch-4.json,2026-09-05T10:24:51.878712+00:00,2026-05-20T14:19:03Z,18,{},"[""wheelchair=yes""]","[""no_recorded_accessibility_survey_date""]",,,False,-6.4332159,106.7900731,{},"Periksa pintu masuk, kondisi fasilitas, hambatan, jam akses dan foto bertanggal di lapangan."
node/13153200333,Warkop Bravo WILUJEUNG,tag_supported,not_verified,https://www.openstreetmap.org/node/13153200333,batch-4.json,2026-09-05T10:24:51.878712+00:00,2026-06-23T15:20:13Z,11,{},"[""wheelchair=yes""]","[""no_recorded_accessibility_survey_date""]",,,False,-6.416722,106.7970303,{},"Periksa pintu masuk, kondisi fasilitas, hambatan, jam akses dan foto bertanggal di lapangan."
node/13155270115,Warkop Nusa Bg. AHMAD,tag_supported,not_verified,https://www.openstreetmap.org/node/13155270115,batch-4.json,2026-09-05T10:24:51.878712+00:00,2026-08-18T15:56:57Z,10,{},"[""wheelchair=yes""]","[""no_recorded_accessibility_survey_date""]",,,False,-6.3090383,106.7185784,{},"Periksa pintu masuk, kondisi fasilitas, hambatan, jam akses dan foto bertanggal di lapangan."
node/13156957302,Toko BILQIS,tag_supported,not_verified,https://www.openstreetmap.org/node/13156957302,batch-4.json,2026-09-05T10:24:51.878712+00:00,2026-01-09T18:15:41Z,14,{},"[""wheelchair=yes""]","[""no_recorded_accessibility_survey_date""]",,,False,-6.3091965,106.7192614,{},"Periksa pintu masuk, kondisi fasilitas, hambatan, jam akses dan foto bertanggal di lapangan."
node/13157915020,Warkop ALI,tag_supported,not_verified,https://www.openstreetmap.org/node/13157915020,batch-4.json,2026-09-05T10:24:51.878712+00:00,2026-04-16T05:22:06Z,13,{},"[""wheelchair=yes""]","[""no_recorded_accessibility_survey_date""]",,,False,-6.3165814,106.7099722,{},"Periksa pintu masuk, kondisi fasilitas, hambatan, jam akses dan foto bertanggal di lapangan."
node/13159578995,Warteg IIS Bahari,tag_supported,not_verified,https://www.openstreetmap.org/node/13159578995,batch-4.json,2026-09-05T10:24:51.878712+00:00,2025-10-16T10:06:15Z,9,{},"[""wheelchair=yes""]","[""no_recorded_accessibility_survey_date""]",,,False,-6.3165698,106.7169282,{},"Periksa pintu masuk, kondisi fasilitas, hambatan, jam akses dan foto bertanggal di lapangan."
node/13159826329,Cafe Kopi WO,tag_supported,not_verified,https://www.openstreetmap.org/node/13159826329,batch-4.json,2026-09-05T10:24:51.878712+00:00,2026-08-03T20:47:16Z,10,{},"[""wheelchair=yes""]","[""no_recorded_accessibility_survey_date""]",,,False,-6.3091908,106.7170957,{},"Periksa pintu masuk, kondisi fasilitas, hambatan, jam akses dan foto bertanggal di lapangan."
node/13172865940,Warkop PJR,tag_supported,not_verified,https://www.openstreetmap.org/node/13172865940,batch-4.json,2026-09-05T10:24:51.878712+00:00,2026-08-03T10:21:54Z,18,{},"[""wheelchair=yes""]","[""no_recorded_accessibility_survey_date""]",,,False,-6.3168414,106.7099339,{},"Periksa pintu masuk, kondisi fasilitas, hambatan, jam akses dan foto bertanggal di lapangan."
node/13176663431,Abadi Kuningan,tag_supported,not_verified,https://www.openstreetmap.org/node/13176663431,batch-4.json,2026-09-05T10:24:51.878712+00:00,2025-10-16T10:05:46Z,9,{},"[""wheelchair=yes""]","[""no_recorded_accessibility_survey_date""]",,,False,-6.3165937,106.7162453,{},"Periksa pintu masuk, kondisi fasilitas, hambatan, jam akses dan foto bertanggal di lapangan."
node/13181079606,"Warkop Pancong ""2F""",tag_supported,not_verified,https://www.openstreetmap.org/node/13181079606,batch-4.json,2026-09-05T10:24:51.878712+00:00,2026-04-15T16:19:07Z,11,{},"[""wheelchair=yes""]","[""no_recorded_accessibility_survey_date""]",24/7,,False,-6.3098892,106.7083275,{},"Periksa pintu masuk, kondisi fasilitas, hambatan, jam akses dan foto bertanggal di lapangan."
node/13186248370,Pion Sruntul Klub & Warkop,tag_supported,not_verified,https://www.openstreetmap.org/node/13186248370,batch-4.json,2026-09-05T10:24:51.878712+00:00,2026-08-03T20:46:06Z,14,{},"[""wheelchair=yes""]","[""no_recorded_accessibility_survey_date""]",,,False,-6.3091644,106.7172727,{},"Periksa pintu masuk, kondisi fasilitas, hambatan, jam akses dan foto bertanggal di lapangan."
node/13188445780,Warung Nasi,tag_supported,not_verified,https://www.openstreetmap.org/node/13188445780,batch-4.json,2026-09-05T10:24:51.878712+00:00,2026-04-15T08:11:15Z,8,{},"[""wheelchair=yes""]","[""no_recorded_accessibility_survey_date""]",,,False,-6.3236329,106.7451845,{},"Periksa pintu masuk, kondisi fasilitas, hambatan, jam akses dan foto bertanggal di lapangan."
node/13195400627,Warkop DIMAS,tag_supported,not_verified,https://www.openstreetmap.org/node/13195400627,batch-4.json,2026-09-05T10:24:51.878712+00:00,2025-11-03T07:16:37Z,8,{},"[""wheelchair=yes""]","[""no_recorded_accessibility_survey_date""]",,,False,-6.3155097,106.7076788,{},"Periksa pintu masuk, kondisi fasilitas, hambatan, jam akses dan foto bertanggal di lapangan."
node/13196252089,Warkop Disini,tag_supported,not_verified,https://www.openstreetmap.org/node/13196252089,batch-4.json,2026-09-05T10:24:51.878712+00:00,2026-08-02T09:11:32Z,15,{},"[""wheelchair=yes""]","[""no_recorded_accessibility_survey_date""]",24/7,,False,-6.3471253,106.688065,{},"Periksa pintu masuk, kondisi fasilitas, hambatan, jam akses dan foto bertanggal di lapangan."
node/13197057088,Kopi ALMER,tag_supported,not_verified,https://www.openstreetmap.org/node/13197057088,batch-4.json,2026-09-05T10:24:51.878712+00:00,2026-03-04T11:50:43Z,8,{},"[""wheelchair=yes""]","[""no_recorded_accessibility_survey_date""]",,,False,-6.4332466,106.7833034,{},"Periksa pintu masuk, kondisi fasilitas, hambatan, jam akses dan foto bertanggal di lapangan."
node/13200498659,Warteg BAHARI,tag_supported,not_verified,https://www.openstreetmap.org/node/13200498659,batch-4.json,2026-09-05T10:24:51.878712+00:00,2026-04-09T05:48:45Z,8,{},"[""wheelchair=yes""]","[""no_recorded_accessibility_survey_date""]",,,False,-6.4340156,106.7789381,{},"Periksa pintu masuk, kondisi fasilitas, hambatan, jam akses dan foto bertanggal di lapangan."
node/13204311273,Warkop BERKAH RACING,tag_supported,not_verified,https://www.openstreetmap.org/node/13204311273,batch-4.json,2026-09-05T10:24:51.878712+00:00,2026-06-25T23:55:53Z,17,{},"[""wheelchair=yes""]","[""no_recorded_accessibility_survey_date""]",,,False,-6.4203017,106.7823079,{},"Periksa pintu masuk, kondisi fasilitas, hambatan, jam akses dan foto bertanggal di lapangan."
node/13205330473,Warkop BRAVO,tag_supported,not_verified,https://www.openstreetmap.org/node/13205330473,batch-4.json,2026-09-05T10:24:51.878712+00:00,2026-03-29T21:51:19Z,11,{},"[""wheelchair=yes""]","[""no_recorded_accessibility_survey_date""]",24/7,,False,-6.4306859,106.7573276,{},"Periksa pintu masuk, kondisi fasilitas, hambatan, jam akses dan foto bertanggal di lapangan."
node/13206790835,Warteg BAHARI,tag_supported,not_verified,https://www.openstreetmap.org/node/13206790835,batch-4.json,2026-09-05T10:24:51.878712+00:00,2026-02-18T14:19:26Z,14,{},"[""wheelchair=yes""]","[""no_recorded_accessibility_survey_date""]",,,False,-6.4450428,106.778031,{},"Periksa pintu masuk, kondisi fasilitas, hambatan, jam akses dan foto bertanggal di lapangan."
node/13227490648,Warkop SEHATI,tag_supported,not_verified,https://www.openstreetmap.org/node/13227490648,batch-4.json,2026-09-05T10:24:51.878712+00:00,2026-02-07T13:23:10Z,9,{},"[""wheelchair=yes""]","[""no_recorded_accessibility_survey_date""]",,,False,-6.4012468,106.7969033,{},"Periksa pintu masuk, kondisi fasilitas, hambatan, jam akses dan foto bertanggal di lapangan."
node/13227664761,CAHAYA Sembako,tag_supported,not_verified,https://www.openstreetmap.org/node/13227664761,batch-4.json,2026-09-05T10:24:51.878712+00:00,2026-02-21T14:04:07Z,6,{},"[""wheelchair=yes""]","[""no_recorded_accessibility_survey_date""]",,,False,-6.4476898,106.7834906,{},"Periksa pintu masuk, kondisi fasilitas, hambatan, jam akses dan foto bertanggal di lapangan."
node/13230016183,a&a Warkop,tag_supported,not_verified,https://www.openstreetmap.org/node/13230016183,batch-4.json,2026-09-05T10:24:51.878712+00:00,2025-10-13T09:21:17Z,10,{},"[""wheelchair=yes""]","[""no_recorded_accessibility_survey_date""]",,,False,-6.4240851,106.7829678,{},"Periksa pintu masuk, kondisi fasilitas, hambatan, jam akses dan foto bertanggal di lapangan."
node/13236086721,"Warkop"" 家族"" KAZOKU",tag_supported,not_verified,https://www.openstreetmap.org/node/13236086721,batch-4.json,2026-09-05T10:24:51.878712+00:00,2026-08-05T10:19:00Z,12,{},"[""wheelchair=yes""]","[""no_recorded_accessibility_survey_date""]",,,False,-6.315098,106.7009963,{},"Periksa pintu masuk, kondisi fasilitas, hambatan, jam akses dan foto bertanggal di lapangan."
node/13239002935,Warmindo di.Emih.an,tag_supported,not_verified,https://www.openstreetmap.org/node/13239002935,batch-4.json,2026-09-05T10:24:51.878712+00:00,2026-04-15T09:14:06Z,9,{},"[""wheelchair=yes""]","[""no_recorded_accessibility_survey_date""]",,,False,-6.3167092,106.7140772,{},"Periksa pintu masuk, kondisi fasilitas, hambatan, jam akses dan foto bertanggal di lapangan."
node/13261455401,Latiseducation | Les Privat & Bimbel Masuk PTN,tag_supported,not_verified,https://www.openstreetmap.org/node/13261455401,batch-4.json,2026-09-05T10:24:51.878712+00:00,2025-11-05T02:13:32Z,2,{},"[""wheelchair=yes""]","[""no_recorded_accessibility_survey_date""]",09:00 - 17:00,https://latiseducation.com,False,-6.4057743,106.8344281,{},"Periksa pintu masuk, kondisi fasilitas, hambatan, jam akses dan foto bertanggal di lapangan."
node/13271179375,SEGARA Warkop,tag_supported,not_verified,https://www.openstreetmap.org/node/13271179375,batch-4.json,2026-09-05T10:24:51.878712+00:00,2026-05-28T12:06:11Z,11,{},"[""wheelchair=yes""]","[""no_recorded_accessibility_survey_date""]",24/7,,False,-6.3483723,106.6883434,{},"Periksa pintu masuk, kondisi fasilitas, hambatan, jam akses dan foto bertanggal di lapangan."
node/13280076357,Seblak Prasmanan & Kopi SUTARA,tag_supported,not_verified,https://www.openstreetmap.org/node/13280076357,batch-4.json,2026-09-05T10:24:51.878712+00:00,2026-08-04T10:44:33Z,10,{},"[""wheelchair=yes""]","[""no_recorded_accessibility_survey_date""]",,,False,-6.3212348,106.724879,{},"Periksa pintu masuk, kondisi fasilitas, hambatan, jam akses dan foto bertanggal di lapangan."
node/13290658453,Warkop & Pancong MARINDO,tag_supported,not_verified,https://www.openstreetmap.org/node/13290658453,batch-4.json,2026-09-05T10:24:51.878712+00:00,2026-08-24T14:40:49Z,12,{},"[""wheelchair=yes""]","[""no_recorded_accessibility_survey_date""]",,,False,-6.4307495,106.7841702,{},"Periksa pintu masuk, kondisi fasilitas, hambatan, jam akses dan foto bertanggal di lapangan."
node/13292796561,Warkop BRAVO,tag_supported,not_verified,https://www.openstreetmap.org/node/13292796561,batch-4.json,2026-09-05T10:24:51.878712+00:00,2026-07-27T17:50:23Z,12,{},"[""wheelchair=yes""]","[""no_recorded_accessibility_survey_date""]",24/7,,False,-6.438808,106.7747429,{},"Periksa pintu masuk, kondisi fasilitas, hambatan, jam akses dan foto bertanggal di lapangan."
node/13294560250,Aneka Jus,tag_supported,not_verified,https://www.openstreetmap.org/node/13294560250,batch-4.json,2026-09-05T10:24:51.878712+00:00,2026-03-17T13:04:59Z,9,{},"[""wheelchair=yes""]","[""no_recorded_accessibility_survey_date""]",,,False,-6.4213708,106.7823265,{},"Periksa pintu masuk, kondisi fasilitas, hambatan, jam akses dan foto bertanggal di lapangan."
node/13296592006,Mami BUYA,tag_supported,not_verified,https://www.openstreetmap.org/node/13296592006,batch-4.json,2026-09-05T10:24:51.878712+00:00,2026-06-23T15:19:25Z,12,{},"[""wheelchair=yes""]","[""no_recorded_accessibility_survey_date""]",,,False,-6.416436,106.797082,{},"Periksa pintu masuk, kondisi fasilitas, hambatan, jam akses dan foto bertanggal di lapangan."
node/13301446744,Warkop Doa Ibu,tag_supported,not_verified,https://www.openstreetmap.org/node/13301446744,batch-4.json,2026-09-05T10:24:51.878712+00:00,2026-02-26T18:26:16Z,9,{},"[""wheelchair=yes""]","[""no_recorded_accessibility_survey_date""]",,,False,-6.4442529,106.7767932,{},"Periksa pintu masuk, kondisi fasilitas, hambatan, jam akses dan foto bertanggal di lapangan."
node/13305429353,Warmindo Mamah RAY,tag_supported,not_verified,https://www.openstreetmap.org/node/13305429353,batch-4.json,2026-09-05T10:24:51.878712+00:00,2026-04-11T07:56:57Z,11,{},"[""wheelchair=yes""]","[""no_recorded_accessibility_survey_date""]",,,False,-6.4406735,106.7746684,{},"Periksa pintu masuk, kondisi fasilitas, hambatan, jam akses dan foto bertanggal di lapangan."
node/13329869914,Warkop SIGEKO,tag_supported,not_verified,https://www.openstreetmap.org/node/13329869914,batch-4.json,2026-09-05T10:24:51.878712+00:00,2026-04-14T09:28:40Z,7,{},"[""wheelchair=yes""]","[""no_recorded_accessibility_survey_date""]",,,False,-6.3149996,106.7077215,{},"Periksa pintu masuk, kondisi fasilitas, hambatan, jam akses dan foto bertanggal di lapangan."
node/13330106010,Warkop SEJAGAT,tag_supported,not_verified,https://www.openstreetmap.org/node/13330106010,batch-4.json,2026-09-05T10:24:51.878712+00:00,2026-08-17T09:50:46Z,11,{},"[""wheelchair=yes""]","[""no_recorded_accessibility_survey_date""]",,,False,-6.3320909,106.7259426,{},"Periksa pintu masuk, kondisi fasilitas, hambatan, jam akses dan foto bertanggal di lapangan."
node/13336394580,Warkop Sumber Rejeki,tag_supported,not_verified,https://www.openstreetmap.org/node/13336394580,batch-4.json,2026-09-05T10:24:51.878712+00:00,2026-02-22T20:34:01Z,11,{},"[""wheelchair=yes""]","[""no_recorded_accessibility_survey_date""]",,,False,-6.4328942,106.7860867,{},"Periksa pintu masuk, kondisi fasilitas, hambatan, jam akses dan foto bertanggal di lapangan."
node/13337699416,Warkop TITIK KUMPUL,tag_supported,not_verified,https://www.openstreetmap.org/node/13337699416,batch-4.json,2026-09-05T10:24:51.878712+00:00,2026-04-12T06:59:02Z,13,{},"[""wheelchair=yes""]","[""no_recorded_accessibility_survey_date""]",,,False,-6.4338651,106.7789659,{},"Periksa pintu masuk, kondisi fasilitas, hambatan, jam akses dan foto bertanggal di lapangan."
node/13339936485,Warkop PONCOL,tag_supported,not_verified,https://www.openstreetmap.org/node/13339936485,batch-4.json,2026-09-05T10:24:51.878712+00:00,2026-05-24T18:09:46Z,10,{},"[""wheelchair=yes""]","[""no_recorded_accessibility_survey_date""]",,,False,-6.4703842,106.7867961,{},"Periksa pintu masuk, kondisi fasilitas, hambatan, jam akses dan foto bertanggal di lapangan."
node/13340083936,Warung Pancong Lumer,tag_supported,not_verified,https://www.openstreetmap.org/node/13340083936,batch-4.json,2026-09-05T10:24:51.878712+00:00,2026-03-31T02:39:47Z,8,{},"[""wheelchair=yes""]","[""no_recorded_accessibility_survey_date""]",,,False,-6.4419665,106.7919685,{},"Periksa pintu masuk, kondisi fasilitas, hambatan, jam akses dan foto bertanggal di lapangan."
node/13351311798,Warkop Teh EVI,tag_supported,not_verified,https://www.openstreetmap.org/node/13351311798,batch-4.json,2026-09-05T10:24:51.878712+00:00,2026-04-19T14:25:31Z,9,{},"[""wheelchair=yes""]","[""no_recorded_accessibility_survey_date""]",,,False,-6.4330035,106.79533,{},"Periksa pintu masuk, kondisi fasilitas, hambatan, jam akses dan foto bertanggal di lapangan."
node/13353395804,"Warkop ""ЕGY""",tag_supported,not_verified,https://www.openstreetmap.org/node/13353395804,batch-4.json,2026-09-05T10:24:51.878712+00:00,2026-05-29T16:42:52Z,11,{},"[""wheelchair=yes""]","[""no_recorded_accessibility_survey_date""]",,,False,-6.4490762,106.7861081,{},"Periksa pintu masuk, kondisi fasilitas, hambatan, jam akses dan foto bertanggal di lapangan."
node/13355402534,Warkop JUARA,tag_supported,not_verified,https://www.openstreetmap.org/node/13355402534,batch-4.json,2026-09-05T10:24:51.878712+00:00,2026-02-22T05:59:43Z,9,{},"[""wheelchair=yes""]","[""no_recorded_accessibility_survey_date""]",,,False,-6.4272659,106.7838872,{},"Periksa pintu masuk, kondisi fasilitas, hambatan, jam akses dan foto bertanggal di lapangan."
node/13355659602,the real DIMSUM,tag_supported,not_verified,https://www.openstreetmap.org/node/13355659602,batch-4.json,2026-09-05T10:24:51.878712+00:00,2026-03-31T02:39:56Z,7,{},"[""wheelchair=yes""]","[""no_recorded_accessibility_survey_date""]",,,False,-6.442034,106.7919667,{},"Periksa pintu masuk, kondisi fasilitas, hambatan, jam akses dan foto bertanggal di lapangan."
node/13363628547,Warkop BERKAH Big's Family,tag_supported,not_verified,https://www.openstreetmap.org/node/13363628547,batch-4.json,2026-09-05T10:24:51.878712+00:00,2026-04-17T06:39:07Z,10,{},"[""wheelchair=yes""]","[""no_recorded_accessibility_survey_date""]",24/7,,False,-6.4064676,106.7743837,{},"Periksa pintu masuk, kondisi fasilitas, hambatan, jam akses dan foto bertanggal di lapangan."
node/13368335539,SUMBER ALAM Warkop Suka-Suka,tag_supported,not_verified,https://www.openstreetmap.org/node/13368335539,batch-4.json,2026-09-05T10:24:51.878712+00:00,2026-02-26T12:37:51Z,9,{},"[""wheelchair=yes""]","[""no_recorded_accessibility_survey_date""]",24/7,,False,-6.4756863,106.7597803,{},"Periksa pintu masuk, kondisi fasilitas, hambatan, jam akses dan foto bertanggal di lapangan."
node/13372070767,"Warkop ""BOY""",tag_supported,not_verified,https://www.openstreetmap.org/node/13372070767,batch-4.json,2026-09-05T10:24:51.878712+00:00,2026-08-28T15:57:23Z,10,{},"[""wheelchair=yes""]","[""no_recorded_accessibility_survey_date""]",,,False,-6.4058549,106.7711593,{},"Periksa pintu masuk, kondisi fasilitas, hambatan, jam akses dan foto bertanggal di lapangan."
node/13388732855,Warkop Bang MUMUH,tag_supported,not_verified,https://www.openstreetmap.org/node/13388732855,batch-4.json,2026-09-05T10:24:51.878712+00:00,2026-05-04T08:45:40Z,10,{},"[""wheelchair=yes""]","[""no_recorded_accessibility_survey_date""]",,,False,-6.4383449,106.7740735,{},"Periksa pintu masuk, kondisi fasilitas, hambatan, jam akses dan foto bertanggal di lapangan."
node/13395211191,Warkop RAMBUTAN,tag_supported,not_verified,https://www.openstreetmap.org/node/13395211191,batch-4.json,2026-09-05T10:24:51.878712+00:00,2026-08-18T12:17:14Z,8,{},"[""wheelchair=yes""]","[""no_recorded_accessibility_survey_date""]",,,False,-6.3345297,106.731018,{},"Periksa pintu masuk, kondisi fasilitas, hambatan, jam akses dan foto bertanggal di lapangan."
node/13422086266,Warkop SAGAYA Bkt. Dago,tag_supported,not_verified,https://www.openstreetmap.org/node/13422086266,batch-4.json,2026-09-05T10:24:51.878712+00:00,2026-02-27T21:19:48Z,9,{},"[""wheelchair=yes""]","[""no_recorded_accessibility_survey_date""]",24/7,,False,-6.363618,106.7008564,{},"Periksa pintu masuk, kondisi fasilitas, hambatan, jam akses dan foto bertanggal di lapangan."
node/13427906458,FCD Steam,tag_supported,not_verified,https://www.openstreetmap.org/node/13427906458,batch-4.json,2026-09-05T10:24:51.878712+00:00,2026-03-04T11:50:37Z,5,{},"[""wheelchair=yes""]","[""no_recorded_accessibility_survey_date""]",,,False,-6.4331773,106.7833609,{},"Periksa pintu masuk, kondisi fasilitas, hambatan, jam akses dan foto bertanggal di lapangan."
node/13449860049,Warung APIP,tag_supported,not_verified,https://www.openstreetmap.org/node/13449860049,batch-4.json,2026-09-05T10:24:51.878712+00:00,2026-04-14T09:28:52Z,11,{},"[""wheelchair=yes""]","[""no_recorded_accessibility_survey_date""]",,,False,-6.315119,106.7077186,{},"Periksa pintu masuk, kondisi fasilitas, hambatan, jam akses dan foto bertanggal di lapangan."
node/13479238690,"Warmindo ""427""",tag_supported,not_verified,https://www.openstreetmap.org/node/13479238690,batch-4.json,2026-09-05T10:24:51.878712+00:00,2026-04-02T06:59:25Z,10,{},"[""wheelchair=yes""]","[""no_recorded_accessibility_survey_date""]",,,False,-6.4452099,106.7656255,{},"Periksa pintu masuk, kondisi fasilitas, hambatan, jam akses dan foto bertanggal di lapangan."
node/13504651371,Warkop KATNISS,tag_supported,not_verified,https://www.openstreetmap.org/node/13504651371,batch-4.json,2026-09-05T10:24:51.878712+00:00,2026-03-21T14:17:41Z,10,{},"[""wheelchair=yes""]","[""no_recorded_accessibility_survey_date""]",24/7,,False,-6.4438499,106.7392041,{},"Periksa pintu masuk, kondisi fasilitas, hambatan, jam akses dan foto bertanggal di lapangan."
node/13512464278,Warung Panca Barokah,tag_supported,not_verified,https://www.openstreetmap.org/node/13512464278,batch-4.json,2026-09-05T10:24:51.878712+00:00,2026-04-04T07:41:09Z,10,{},"[""wheelchair=yes""]","[""no_recorded_accessibility_survey_date""]",,,False,-6.4055564,106.7702547,{},"Periksa pintu masuk, kondisi fasilitas, hambatan, jam akses dan foto bertanggal di lapangan."
node/13519616214,Warkop ZOE,tag_supported,not_verified,https://www.openstreetmap.org/node/13519616214,batch-4.json,2026-09-05T10:24:51.878712+00:00,2026-04-25T17:18:19Z,10,{},"[""wheelchair=yes""]","[""no_recorded_accessibility_survey_date""]",,,False,-6.4294992,106.7514207,{},"Periksa pintu masuk, kondisi fasilitas, hambatan, jam akses dan foto bertanggal di lapangan."
node/13523215670,Warkop CITA RASA 2,tag_supported,not_verified,https://www.openstreetmap.org/node/13523215670,batch-4.json,2026-09-05T10:24:51.878712+00:00,2026-04-09T05:49:15Z,12,{},"[""wheelchair=yes""]","[""no_recorded_accessibility_survey_date""]",24/7,,False,-6.4344704,106.7802291,{},"Periksa pintu masuk, kondisi fasilitas, hambatan, jam akses dan foto bertanggal di lapangan."
node/13536708403,Warkop DRAGON,tag_supported,not_verified,https://www.openstreetmap.org/node/13536708403,batch-4.json,2026-09-05T10:24:51.878712+00:00,2026-04-17T07:44:30Z,9,{},"[""wheelchair=yes""]","[""no_recorded_accessibility_survey_date""]",,,False,-6.4333182,106.7859123,{},"Periksa pintu masuk, kondisi fasilitas, hambatan, jam akses dan foto bertanggal di lapangan."
node/13592534362,Warkop BURDAH KUNING,tag_supported,not_verified,https://www.openstreetmap.org/node/13592534362,batch-4.json,2026-09-05T10:24:51.878712+00:00,2026-05-03T12:27:51Z,11,{},"[""wheelchair=yes""]","[""no_recorded_accessibility_survey_date""]",,,False,-6.4115129,106.7796829,{},"Periksa pintu masuk, kondisi fasilitas, hambatan, jam akses dan foto bertanggal di lapangan."
node/13595541061,"Warkop ""SS"" drink & food",tag_supported,not_verified,https://www.openstreetmap.org/node/13595541061,batch-4.json,2026-09-05T10:24:51.878712+00:00,2026-04-07T14:14:02Z,9,{},"[""wheelchair=yes""]","[""no_recorded_accessibility_survey_date""]",,,False,-6.4321925,106.7705833,{},"Periksa pintu masuk, kondisi fasilitas, hambatan, jam akses dan foto bertanggal di lapangan."
node/13599691159,Warkop 1001CC Coffee Bakery,tag_supported,not_verified,https://www.openstreetmap.org/node/13599691159,batch-4.json,2026-09-05T10:24:51.878712+00:00,2026-06-28T20:40:09Z,13,{},"[""wheelchair=yes""]","[""no_recorded_accessibility_survey_date""]",24/7,,False,-6.4761454,106.7643574,{},"Periksa pintu masuk, kondisi fasilitas, hambatan, jam akses dan foto bertanggal di lapangan."
node/13611620464,Warkop TEDUH,tag_supported,not_verified,https://www.openstreetmap.org/node/13611620464,batch-4.json,2026-09-05T10:24:51.878712+00:00,2026-03-02T11:14:22Z,8,{},"[""wheelchair=yes""]","[""no_recorded_accessibility_survey_date""]",,,False,-6.4755793,106.7896264,{},"Periksa pintu masuk, kondisi fasilitas, hambatan, jam akses dan foto bertanggal di lapangan."
node/13614736890,Kios Telur RIFQY,tag_supported,not_verified,https://www.openstreetmap.org/node/13614736890,batch-4.json,2026-09-05T10:24:51.878712+00:00,2026-08-28T15:07:50Z,9,{},"[""wheelchair=yes""]","[""no_recorded_accessibility_survey_date""]",,,False,-6.4417121,106.7980141,{},"Periksa pintu masuk, kondisi fasilitas, hambatan, jam akses dan foto bertanggal di lapangan."
node/13618344293,Blurette Florist,tag_supported,not_verified,https://www.openstreetmap.org/node/13618344293,batch-4.json,2026-09-05T10:24:51.878712+00:00,2026-03-14T00:01:39Z,2,{},"[""wheelchair=yes""]","[""no_recorded_accessibility_survey_date""]",Mo-Su 08:00-18:00,https://bluretteflorist.com/,False,-6.1698271,106.7828794,{},"Periksa pintu masuk, kondisi fasilitas, hambatan, jam akses dan foto bertanggal di lapangan."
node/13618554780,Warkop ANUGERAH,tag_supported,not_verified,https://www.openstreetmap.org/node/13618554780,batch-4.json,2026-09-05T10:24:51.878712+00:00,2026-03-04T19:19:41Z,8,{},"[""wheelchair=yes""]","[""no_recorded_accessibility_survey_date""]",24/7,,False,-6.4465904,106.7593074,{},"Periksa pintu masuk, kondisi fasilitas, hambatan, jam akses dan foto bertanggal di lapangan."
node/13618575116,Warkop Indomie ANUGRAH,tag_supported,not_verified,https://www.openstreetmap.org/node/13618575116,batch-4.json,2026-09-05T10:24:51.878712+00:00,2026-06-28T11:08:39Z,10,{},"[""wheelchair=yes""]","[""no_recorded_accessibility_survey_date""]",24/7,,False,-6.4444632,106.7685565,{},"Periksa pintu masuk, kondisi fasilitas, hambatan, jam akses dan foto bertanggal di lapangan."
node/13623945290,Warteg BAHARI,tag_supported,not_verified,https://www.openstreetmap.org/node/13623945290,batch-4.json,2026-09-05T10:24:51.878712+00:00,2026-03-06T21:34:28Z,8,{},"[""wheelchair=yes""]","[""no_recorded_accessibility_survey_date""]",24/7,,False,-6.4157904,106.7812832,{},"Periksa pintu masuk, kondisi fasilitas, hambatan, jam akses dan foto bertanggal di lapangan."
node/13626270812,,tag_supported,not_verified,https://www.openstreetmap.org/node/13626270812,batch-4.json,2026-09-05T10:24:51.878712+00:00,2026-03-08T06:48:17Z,3,{},"[""wheelchair=yes"", ""amenity=toilets + wheelchair=yes""]","[""no_recorded_accessibility_survey_date"", ""unnamed_object""]",,,False,-6.2132317,106.8613805,{},"Periksa pintu masuk, kondisi fasilitas, hambatan, jam akses dan foto bertanggal di lapangan."
node/13636177165,Mie Ayam Hadiah M21,tag_supported,not_verified,https://www.openstreetmap.org/node/13636177165,batch-4.json,2026-09-05T10:24:51.878712+00:00,2026-03-11T03:30:19Z,8,{},"[""wheelchair=yes""]","[""no_recorded_accessibility_survey_date""]",Mo-Su 08:00-17:00,,False,-6.1611102,106.7829754,{},"Periksa pintu masuk, kondisi fasilitas, hambatan, jam akses dan foto bertanggal di lapangan."
node/13637646701,Warung Nasi TAMPOMAS,tag_supported,not_verified,https://www.openstreetmap.org/node/13637646701,batch-4.json,2026-09-05T10:24:51.878712+00:00,2026-03-29T12:31:19Z,9,{},"[""wheelchair=yes""]","[""no_recorded_accessibility_survey_date""]",24/7,,False,-6.4341459,106.7756559,{},"Periksa pintu masuk, kondisi fasilitas, hambatan, jam akses dan foto bertanggal di lapangan."
node/13653686630,Kharisma Music,tag_supported,not_verified,https://www.openstreetmap.org/node/13653686630,batch-4.json,2026-09-05T10:24:51.878712+00:00,2026-03-26T02:09:40Z,3,{},"[""wheelchair=yes""]","[""no_recorded_accessibility_survey_date""]","""by appointment""",,False,-6.1607196,106.7825498,{},"Periksa pintu masuk, kondisi fasilitas, hambatan, jam akses dan foto bertanggal di lapangan."
node/13658730557,Warkop ANUGRAH,tag_supported,not_verified,https://www.openstreetmap.org/node/13658730557,batch-4.json,2026-09-05T10:24:51.878712+00:00,2026-05-26T13:32:18Z,9,{},"[""wheelchair=yes""]","[""no_recorded_accessibility_survey_date""]",,,False,-6.4063954,106.7700961,{},"Periksa pintu masuk, kondisi fasilitas, hambatan, jam akses dan foto bertanggal di lapangan."
node/13666134420,Warung Pondok Zidane,tag_supported,not_verified,https://www.openstreetmap.org/node/13666134420,batch-4.json,2026-09-05T10:24:51.878712+00:00,2026-03-21T06:24:36Z,9,{},"[""wheelchair=yes""]","[""no_recorded_accessibility_survey_date""]",,,False,-6.4337345,106.7761715,{},"Periksa pintu masuk, kondisi fasilitas, hambatan, jam akses dan foto bertanggal di lapangan."
node/13681816259,WARKOP,tag_supported,not_verified,https://www.openstreetmap.org/node/13681816259,batch-4.json,2026-09-05T10:24:51.878712+00:00,2026-03-26T13:38:26Z,11,{},"[""wheelchair=yes""]","[""no_recorded_accessibility_survey_date""]",,,False,-6.4216516,106.7523568,{},"Periksa pintu masuk, kondisi fasilitas, hambatan, jam akses dan foto bertanggal di lapangan."
node/13690159128,,tag_supported_needs_review,not_verified,https://www.openstreetmap.org/node/13690159128,batch-4.json,2026-09-05T10:24:51.878712+00:00,2026-03-30T03:04:45Z,1,{},"[""wheelchair=yes""]","[""access=no"", ""no_recorded_accessibility_survey_date"", ""unnamed_object""]",,,False,-6.300486,106.7796747,{},"Periksa pintu masuk, kondisi fasilitas, hambatan, jam akses dan foto bertanggal di lapangan."
node/13691597877,Warkop ⭐BERKAH 99⭐,tag_supported,not_verified,https://www.openstreetmap.org/node/13691597877,batch-4.json,2026-09-05T10:24:51.878712+00:00,2026-03-30T14:01:54Z,8,{},"[""wheelchair=yes""]","[""no_recorded_accessibility_survey_date""]",24/7,,False,-6.4193851,106.769349,{},"Periksa pintu masuk, kondisi fasilitas, hambatan, jam akses dan foto bertanggal di lapangan."
node/13703946805,Warmindo ZONA WIFI,tag_supported,not_verified,https://www.openstreetmap.org/node/13703946805,batch-4.json,2026-09-05T10:24:51.878712+00:00,2026-06-17T12:56:57Z,11,{},"[""wheelchair=yes""]","[""no_recorded_accessibility_survey_date""]",24/7,,False,-6.4368612,106.7726997,{},"Periksa pintu masuk, kondisi fasilitas, hambatan, jam akses dan foto bertanggal di lapangan."
node/13707472782,Warteg HENDRO Pancoran Mas,tag_supported,not_verified,https://www.openstreetmap.org/node/13707472782,batch-4.json,2026-09-05T10:24:51.878712+00:00,2026-04-05T08:25:23Z,12,{},"[""wheelchair=yes""]","[""no_recorded_accessibility_survey_date""]",,,False,-6.4090464,106.8014452,{},"Periksa pintu masuk, kondisi fasilitas, hambatan, jam akses dan foto bertanggal di lapangan."
node/13712852248,Warkop Big Family BERKAH,tag_supported,not_verified,https://www.openstreetmap.org/node/13712852248,batch-4.json,2026-09-05T10:24:51.878712+00:00,2026-04-07T05:06:42Z,8,{},"[""wheelchair=yes""]","[""no_recorded_accessibility_survey_date""]",24/7,,False,-6.4223628,106.7663879,{},"Periksa pintu masuk, kondisi fasilitas, hambatan, jam akses dan foto bertanggal di lapangan."
node/13714900296,Warung Toko Madura,tag_supported,not_verified,https://www.openstreetmap.org/node/13714900296,batch-4.json,2026-09-05T10:24:51.878712+00:00,2026-04-07T22:29:59Z,4,{},"[""wheelchair=yes""]","[""no_recorded_accessibility_survey_date""]",24/7,,False,-6.4762568,106.7525813,{},"Periksa pintu masuk, kondisi fasilitas, hambatan, jam akses dan foto bertanggal di lapangan."
node/13717903370,Warteg SalamaH Sawangan,tag_supported,not_verified,https://www.openstreetmap.org/node/13717903370,batch-4.json,2026-09-05T10:24:51.878712+00:00,2026-04-09T08:03:38Z,8,{},"[""wheelchair=yes""]","[""no_recorded_accessibility_survey_date""]",,,False,-6.4097379,106.7702343,{},"Periksa pintu masuk, kondisi fasilitas, hambatan, jam akses dan foto bertanggal di lapangan."
node/13734715611,Angkringan 5 Watt,tag_supported,not_verified,https://www.openstreetmap.org/node/13734715611,batch-4.json,2026-09-05T10:24:51.878712+00:00,2026-04-16T13:13:55Z,8,{},"[""wheelchair=yes""]","[""no_recorded_accessibility_survey_date""]",,,False,-6.3031304,106.7217591,{},"Periksa pintu masuk, kondisi fasilitas, hambatan, jam akses dan foto bertanggal di lapangan."
node/13734731964,Warkop VOKAL,tag_supported,not_verified,https://www.openstreetmap.org/node/13734731964,batch-4.json,2026-09-05T10:24:51.878712+00:00,2026-08-04T12:37:52Z,12,{},"[""wheelchair=yes""]","[""no_recorded_accessibility_survey_date""]",,,False,-6.3093706,106.7087597,{},"Periksa pintu masuk, kondisi fasilitas, hambatan, jam akses dan foto bertanggal di lapangan."
node/13735483179,"Warkop ""94""",tag_supported,not_verified,https://www.openstreetmap.org/node/13735483179,batch-4.json,2026-09-05T10:24:51.878712+00:00,2026-04-16T19:33:21Z,8,{},"[""wheelchair=yes""]","[""no_recorded_accessibility_survey_date""]",24/7,,False,-6.3327147,106.7097696,{},"Periksa pintu masuk, kondisi fasilitas, hambatan, jam akses dan foto bertanggal di lapangan."
node/13738245794,Warkop OMA,tag_supported,not_verified,https://www.openstreetmap.org/node/13738245794,batch-4.json,2026-09-05T10:24:51.878712+00:00,2026-04-17T18:03:34Z,7,{},"[""wheelchair=yes""]","[""no_recorded_accessibility_survey_date""]",24/7,,False,-6.4921209,106.7433543,{},"Periksa pintu masuk, kondisi fasilitas, hambatan, jam akses dan foto bertanggal di lapangan."
node/13739716214,Warkop JADUL,tag_supported,not_verified,https://www.openstreetmap.org/node/13739716214,batch-4.json,2026-09-05T10:24:51.878712+00:00,2026-04-18T10:32:05Z,7,{},"[""wheelchair=yes""]","[""no_recorded_accessibility_survey_date""]",,,False,-6.4402934,106.7745364,{},"Periksa pintu masuk, kondisi fasilitas, hambatan, jam akses dan foto bertanggal di lapangan."
node/13745625417,Warkop TJINTA,tag_supported,not_verified,https://www.openstreetmap.org/node/13745625417,batch-4.json,2026-09-05T10:24:51.878712+00:00,2026-04-20T14:27:21Z,8,{},"[""wheelchair=yes""]","[""no_recorded_accessibility_survey_date""]",,,False,-6.4317756,106.7840155,{},"Periksa pintu masuk, kondisi fasilitas, hambatan, jam akses dan foto bertanggal di lapangan."
node/13751649255,A,tag_supported,not_verified,https://www.openstreetmap.org/node/13751649255,batch-4.json,2026-09-05T10:24:51.878712+00:00,2026-04-22T02:40:14Z,1,{},"[""wheelchair=yes""]","[""no_recorded_accessibility_survey_date""]",,,False,-6.1574445,106.9137291,{},"Periksa pintu masuk, kondisi fasilitas, hambatan, jam akses dan foto bertanggal di lapangan."
node/13751649256,B,tag_supported,not_verified,https://www.openstreetmap.org/node/13751649256,batch-4.json,2026-09-05T10:24:51.878712+00:00,2026-04-22T02:40:14Z,1,{},"[""wheelchair=yes""]","[""no_recorded_accessibility_survey_date""]",,,False,-6.1581905,106.9137875,{},"Periksa pintu masuk, kondisi fasilitas, hambatan, jam akses dan foto bertanggal di lapangan."
node/13758126774,"""BRAVO"" Warkop",tag_supported,not_verified,https://www.openstreetmap.org/node/13758126774,batch-4.json,2026-09-05T10:24:51.878712+00:00,2026-04-24T08:25:14Z,8,{},"[""wheelchair=yes""]","[""no_recorded_accessibility_survey_date""]",24/7,,False,-6.4243141,106.7519404,{},"Periksa pintu masuk, kondisi fasilitas, hambatan, jam akses dan foto bertanggal di lapangan."
node/13759117876,Zona MADINA Dompet DHUAFA,tag_supported,not_verified,https://www.openstreetmap.org/node/13759117876,batch-4.json,2026-09-05T10:24:51.878712+00:00,2026-07-17T15:40:51Z,10,{},"[""wheelchair=yes""]","[""no_recorded_accessibility_survey_date""]",24/7,,False,-6.4734096,106.7288267,{},"Periksa pintu masuk, kondisi fasilitas, hambatan, jam akses dan foto bertanggal di lapangan."
node/13760278108,Toko MILA,tag_supported,not_verified,https://www.openstreetmap.org/node/13760278108,batch-4.json,2026-09-05T10:24:51.878712+00:00,2026-04-25T08:18:08Z,4,{},"[""wheelchair=yes""]","[""no_recorded_accessibility_survey_date""]",,,False,-6.4034141,106.7723564,{},"Periksa pintu masuk, kondisi fasilitas, hambatan, jam akses dan foto bertanggal di lapangan."
node/13774151725,Warung Stasiun Juanda,tag_supported,not_verified,https://www.openstreetmap.org/node/13774151725,batch-5.json,2026-09-05T10:24:51.878712+00:00,2026-04-29T09:20:03Z,4,{},"[""wheelchair=yes""]","[""no_recorded_accessibility_survey_date""]",,,False,-6.1676782,106.8307183,{},"Periksa pintu masuk, kondisi fasilitas, hambatan, jam akses dan foto bertanggal di lapangan."
node/13775449162,Warkop SUPERSTAR,tag_supported,not_verified,https://www.openstreetmap.org/node/13775449162,batch-5.json,2026-09-05T10:24:51.878712+00:00,2026-04-29T14:13:43Z,8,{},"[""wheelchair=yes""]","[""no_recorded_accessibility_survey_date""]",,,False,-6.4113952,106.7701885,{},"Periksa pintu masuk, kondisi fasilitas, hambatan, jam akses dan foto bertanggal di lapangan."
node/13784334148,"Warkop Kuy ""WARKUY""",tag_supported,not_verified,https://www.openstreetmap.org/node/13784334148,batch-5.json,2026-09-05T10:24:51.878712+00:00,2026-05-01T08:40:19Z,8,{},"[""wheelchair=yes""]","[""no_recorded_accessibility_survey_date""]",,,False,-6.4500615,106.7884326,{},"Periksa pintu masuk, kondisi fasilitas, hambatan, jam akses dan foto bertanggal di lapangan."
node/13786602177,"Warkop & Tembakau ""NICOTIANA""",tag_supported,not_verified,https://www.openstreetmap.org/node/13786602177,batch-5.json,2026-09-05T10:24:51.878712+00:00,2026-05-02T10:07:57Z,8,{},"[""wheelchair=yes""]","[""no_recorded_accessibility_survey_date""]",,,False,-6.4131937,106.8699906,{},"Periksa pintu masuk, kondisi fasilitas, hambatan, jam akses dan foto bertanggal di lapangan."
node/13786676486,"Cafe JURAGAN Warkop ""67""",tag_supported,not_verified,https://www.openstreetmap.org/node/13786676486,batch-5.json,2026-09-05T10:24:51.878712+00:00,2026-05-05T08:31:06Z,10,{},"[""wheelchair=yes""]","[""no_recorded_accessibility_survey_date""]",,,False,-6.421232,106.8638581,{},"Periksa pintu masuk, kondisi fasilitas, hambatan, jam akses dan foto bertanggal di lapangan."
node/13788391473,Warkop & Baso HAWARI,tag_supported,not_verified,https://www.openstreetmap.org/node/13788391473,batch-5.json,2026-09-05T10:24:51.878712+00:00,2026-05-03T00:36:04Z,8,{},"[""wheelchair=yes""]","[""no_recorded_accessibility_survey_date""]",,,False,-6.4342671,106.8664286,{},"Periksa pintu masuk, kondisi fasilitas, hambatan, jam akses dan foto bertanggal di lapangan."
node/13795049997,Kebayoran Park Hotel,tag_supported,not_verified,https://www.openstreetmap.org/node/13795049997,batch-5.json,2026-09-05T10:24:51.878712+00:00,2026-05-05T04:08:19Z,3,{},"[""wheelchair=yes""]","[""no_recorded_accessibility_survey_date""]",,https://kebayoranparkhotel,False,-6.2383229,106.7641391,{},"Periksa pintu masuk, kondisi fasilitas, hambatan, jam akses dan foto bertanggal di lapangan."
node/13795667513,"Warkop ""BERKAH"" Jatijajar 2",tag_supported,not_verified,https://www.openstreetmap.org/node/13795667513,batch-5.json,2026-09-05T10:24:51.878712+00:00,2026-05-20T16:41:40Z,9,{},"[""wheelchair=yes""]","[""no_recorded_accessibility_survey_date""]",24/7,,False,-6.4124414,106.8660171,{},"Periksa pintu masuk, kondisi fasilitas, hambatan, jam akses dan foto bertanggal di lapangan."
node/13798554047,WR Warmindo BERKAH,tag_supported,not_verified,https://www.openstreetmap.org/node/13798554047,batch-5.json,2026-09-05T10:24:51.878712+00:00,2026-06-22T16:32:24Z,11,{},"[""wheelchair=yes""]","[""no_recorded_accessibility_survey_date""]",24/7,,False,-6.4052914,106.8490473,{},"Periksa pintu masuk, kondisi fasilitas, hambatan, jam akses dan foto bertanggal di lapangan."
node/13799973569,Warkop BAH EHAN,tag_supported,not_verified,https://www.openstreetmap.org/node/13799973569,batch-5.json,2026-09-05T10:24:51.878712+00:00,2026-05-29T01:26:43Z,10,{},"[""wheelchair=yes""]","[""no_recorded_accessibility_survey_date""]",,,False,-6.4819657,106.8138462,{},"Periksa pintu masuk, kondisi fasilitas, hambatan, jam akses dan foto bertanggal di lapangan."
node/13800171041,"""RAYI RAKA"" Warkop",tag_supported,not_verified,https://www.openstreetmap.org/node/13800171041,batch-5.json,2026-09-05T10:24:51.878712+00:00,2026-05-06T03:04:25Z,8,{},"[""wheelchair=yes""]","[""no_recorded_accessibility_survey_date""]",24/7,,False,-6.4299796,106.7667192,{},"Periksa pintu masuk, kondisi fasilitas, hambatan, jam akses dan foto bertanggal di lapangan."
node/13802512249,"Warkop ""45""",tag_supported,not_verified,https://www.openstreetmap.org/node/13802512249,batch-5.json,2026-09-05T10:24:51.878712+00:00,2026-05-06T17:17:14Z,9,{},"[""wheelchair=yes""]","[""no_recorded_accessibility_survey_date""]",24/7,,False,-6.4267165,106.7523187,{},"Periksa pintu masuk, kondisi fasilitas, hambatan, jam akses dan foto bertanggal di lapangan."
node/13803696092,MULYA BAHARI Warteg,tag_supported,not_verified,https://www.openstreetmap.org/node/13803696092,batch-5.json,2026-09-05T10:24:51.878712+00:00,2026-05-06T19:44:10Z,8,{},"[""wheelchair=yes""]","[""no_recorded_accessibility_survey_date""]",24/7,,False,-6.3469655,106.6947709,{},"Periksa pintu masuk, kondisi fasilitas, hambatan, jam akses dan foto bertanggal di lapangan."
node/13807626037,SENGKELAT Coffee,tag_supported,not_verified,https://www.openstreetmap.org/node/13807626037,batch-5.json,2026-09-05T10:24:51.878712+00:00,2026-05-08T04:43:56Z,8,{},"[""wheelchair=yes""]","[""no_recorded_accessibility_survey_date""]",,,False,-6.4369468,106.769509,{},"Periksa pintu masuk, kondisi fasilitas, hambatan, jam akses dan foto bertanggal di lapangan."
node/13808360679,Warung Kopi LEBAKWANGI,tag_supported,not_verified,https://www.openstreetmap.org/node/13808360679,batch-5.json,2026-09-05T10:24:51.878712+00:00,2026-05-08T13:24:44Z,8,{},"[""wheelchair=yes""]","[""no_recorded_accessibility_survey_date""]",,,False,-6.4482705,106.7317589,{},"Periksa pintu masuk, kondisi fasilitas, hambatan, jam akses dan foto bertanggal di lapangan."
node/13810873749,"Warkop ""23""",tag_supported,not_verified,https://www.openstreetmap.org/node/13810873749,batch-5.json,2026-09-05T10:24:51.878712+00:00,2026-05-09T10:30:56Z,8,{},"[""wheelchair=yes""]","[""no_recorded_accessibility_survey_date""]",,,False,-6.4319763,106.7963807,{},"Periksa pintu masuk, kondisi fasilitas, hambatan, jam akses dan foto bertanggal di lapangan."
node/13811111242,Kedai UNI AYI,tag_supported,not_verified,https://www.openstreetmap.org/node/13811111242,batch-5.json,2026-09-05T10:24:51.878712+00:00,2026-05-09T12:49:19Z,10,{},"[""wheelchair=yes""]","[""no_recorded_accessibility_survey_date""]",,,False,-6.4469706,106.7791395,{},"Periksa pintu masuk, kondisi fasilitas, hambatan, jam akses dan foto bertanggal di lapangan."
node/13812877242,RM Sembilan DUO,tag_supported,not_verified,https://www.openstreetmap.org/node/13812877242,batch-5.json,2026-09-05T10:24:51.878712+00:00,2026-05-10T07:01:13Z,8,{},"[""wheelchair=yes""]","[""no_recorded_accessibility_survey_date""]",,,False,-6.4450287,106.7774165,{},"Periksa pintu masuk, kondisi fasilitas, hambatan, jam akses dan foto bertanggal di lapangan."
node/13815569143,Masjid At-Taqwa Bintaro Jaya 3,tag_supported,not_verified,https://www.openstreetmap.org/node/13815569143,batch-5.json,2026-09-05T10:24:51.878712+00:00,2026-05-10T18:20:18Z,1,{},"[""wheelchair=yes""]","[""no_recorded_accessibility_survey_date""]",,,False,-6.2700319,106.7437851,{},"Periksa pintu masuk, kondisi fasilitas, hambatan, jam akses dan foto bertanggal di lapangan."
node/13817502886,JOHN's Warkop,tag_supported,not_verified,https://www.openstreetmap.org/node/13817502886,batch-5.json,2026-09-05T10:24:51.878712+00:00,2026-05-11T09:39:38Z,9,{},"[""wheelchair=yes""]","[""no_recorded_accessibility_survey_date""]",,,False,-6.4533485,106.7852288,{},"Periksa pintu masuk, kondisi fasilitas, hambatan, jam akses dan foto bertanggal di lapangan."
node/13820276168,Bengkel BIG BOS Garage,tag_supported,not_verified,https://www.openstreetmap.org/node/13820276168,batch-5.json,2026-09-05T10:24:51.878712+00:00,2026-05-12T08:01:36Z,12,{},"[""wheelchair=yes""]","[""no_recorded_accessibility_survey_date""]",,,False,-6.4108759,106.8636967,{},"Periksa pintu masuk, kondisi fasilitas, hambatan, jam akses dan foto bertanggal di lapangan."
node/13820277022,Warkop Steam,tag_supported,not_verified,https://www.openstreetmap.org/node/13820277022,batch-5.json,2026-09-05T10:24:51.878712+00:00,2026-05-12T08:01:26Z,15,{},"[""wheelchair=yes""]","[""no_recorded_accessibility_survey_date""]",,,False,-6.4109258,106.8637955,{},"Periksa pintu masuk, kondisi fasilitas, hambatan, jam akses dan foto bertanggal di lapangan."
node/13821063091,Angkringan LEZATDA,tag_supported,not_verified,https://www.openstreetmap.org/node/13821063091,batch-5.json,2026-09-05T10:24:51.878712+00:00,2026-07-12T06:35:06Z,10,{},"[""wheelchair=yes""]","[""no_recorded_accessibility_survey_date""]",,,False,-6.4147034,106.8596254,{},"Periksa pintu masuk, kondisi fasilitas, hambatan, jam akses dan foto bertanggal di lapangan."
node/13824230932,Warkop Nongkrongan Abah PI'I,tag_supported,not_verified,https://www.openstreetmap.org/node/13824230932,batch-5.json,2026-09-05T10:24:51.878712+00:00,2026-05-13T11:42:09Z,8,{},"[""wheelchair=yes""]","[""no_recorded_accessibility_survey_date""]",,,False,-6.3938002,106.8647241,{},"Periksa pintu masuk, kondisi fasilitas, hambatan, jam akses dan foto bertanggal di lapangan."
node/13826783241,Bengkel RACING Garage,tag_supported,not_verified,https://www.openstreetmap.org/node/13826783241,batch-5.json,2026-09-05T10:24:51.878712+00:00,2026-06-25T23:55:10Z,6,{},"[""wheelchair=yes""]","[""no_recorded_accessibility_survey_date""]",,,False,-6.4205353,106.7823844,{},"Periksa pintu masuk, kondisi fasilitas, hambatan, jam akses dan foto bertanggal di lapangan."
node/13828528619,Warkop Pancong & Nasi CANDO,tag_supported,not_verified,https://www.openstreetmap.org/node/13828528619,batch-5.json,2026-09-05T10:24:51.878712+00:00,2026-05-15T08:39:50Z,9,{},"[""wheelchair=yes""]","[""no_recorded_accessibility_survey_date""]",24/7,,False,-6.4048519,106.8430516,{},"Periksa pintu masuk, kondisi fasilitas, hambatan, jam akses dan foto bertanggal di lapangan."
node/13830384775,"Warkop ""GEMILANG""",tag_supported,not_verified,https://www.openstreetmap.org/node/13830384775,batch-5.json,2026-09-05T10:24:51.878712+00:00,2026-05-15T08:41:51Z,10,{},"[""wheelchair=yes""]","[""no_recorded_accessibility_survey_date""]",,,False,-6.4156259,106.8746936,{},"Periksa pintu masuk, kondisi fasilitas, hambatan, jam akses dan foto bertanggal di lapangan."
node/13830989906,"Warkop ""HW""",tag_supported,not_verified,https://www.openstreetmap.org/node/13830989906,batch-5.json,2026-09-05T10:24:51.878712+00:00,2026-05-15T14:46:06Z,8,{},"[""wheelchair=yes""]","[""no_recorded_accessibility_survey_date""]",,,False,-6.4110907,106.8637275,{},"Periksa pintu masuk, kondisi fasilitas, hambatan, jam akses dan foto bertanggal di lapangan."
node/13833844213,"Kedai QUEEN ""99""",tag_supported,not_verified,https://www.openstreetmap.org/node/13833844213,batch-5.json,2026-09-05T10:24:51.878712+00:00,2026-05-16T09:10:19Z,8,{},"[""wheelchair=yes""]","[""no_recorded_accessibility_survey_date""]",,,False,-6.4135951,106.816288,{},"Periksa pintu masuk, kondisi fasilitas, hambatan, jam akses dan foto bertanggal di lapangan."
node/13839182390,Warkop RAMBUTAN,tag_supported,not_verified,https://www.openstreetmap.org/node/13839182390,batch-5.json,2026-09-05T10:24:51.878712+00:00,2026-05-17T10:09:39Z,7,{},"[""wheelchair=yes""]","[""no_recorded_accessibility_survey_date""]",,,False,-6.4722703,106.7755317,{},"Periksa pintu masuk, kondisi fasilitas, hambatan, jam akses dan foto bertanggal di lapangan."
node/13840318874,"""MTX"" Cafe",tag_supported,not_verified,https://www.openstreetmap.org/node/13840318874,batch-5.json,2026-09-05T10:24:51.878712+00:00,2026-08-11T12:02:59Z,12,{},"[""wheelchair=yes""]","[""no_recorded_accessibility_survey_date""]",,,False,-6.4043331,106.8423142,{},"Periksa pintu masuk, kondisi fasilitas, hambatan, jam akses dan foto bertanggal di lapangan."
node/13844495265,"Warkop Warung Makan ""KK""",tag_supported,not_verified,https://www.openstreetmap.org/node/13844495265,batch-5.json,2026-09-05T10:24:51.878712+00:00,2026-05-18T12:06:45Z,8,{},"[""wheelchair=yes""]","[""no_recorded_accessibility_survey_date""]",,,False,-6.4146347,106.8596557,{},"Periksa pintu masuk, kondisi fasilitas, hambatan, jam akses dan foto bertanggal di lapangan."
node/13853484978,"Warkop & Bubur ""BERKAH""",tag_supported,not_verified,https://www.openstreetmap.org/node/13853484978,batch-5.json,2026-09-05T10:24:51.878712+00:00,2026-08-10T18:48:07Z,9,{},"[""wheelchair=yes""]","[""no_recorded_accessibility_survey_date""]",24/7,,False,-6.4125497,106.8667199,{},"Periksa pintu masuk, kondisi fasilitas, hambatan, jam akses dan foto bertanggal di lapangan."
node/13855446290,Warkop Alfa,tag_supported,not_verified,https://www.openstreetmap.org/node/13855446290,batch-5.json,2026-09-05T10:24:51.878712+00:00,2026-05-21T06:38:14Z,10,{},"[""wheelchair=yes""]","[""no_recorded_accessibility_survey_date""]",,,False,-6.406742,106.8520742,{},"Periksa pintu masuk, kondisi fasilitas, hambatan, jam akses dan foto bertanggal di lapangan."
node/13855574297,AlfaMIDI Tole Iskandar,tag_supported,not_verified,https://www.openstreetmap.org/node/13855574297,batch-5.json,2026-09-05T10:24:51.878712+00:00,2026-05-21T06:48:25Z,8,{},"[""wheelchair=yes""]","[""no_recorded_accessibility_survey_date""]",24/7,,False,-6.4068626,106.8521888,{},"Periksa pintu masuk, kondisi fasilitas, hambatan, jam akses dan foto bertanggal di lapangan."
node/13857754733,"""BAKTI ABRI"" Warkop & Pancong",tag_supported,not_verified,https://www.openstreetmap.org/node/13857754733,batch-5.json,2026-09-05T10:24:51.878712+00:00,2026-05-21T14:34:26Z,10,{},"[""wheelchair=yes""]","[""no_recorded_accessibility_survey_date""]",24/7,,False,-6.4087908,106.8771142,{},"Periksa pintu masuk, kondisi fasilitas, hambatan, jam akses dan foto bertanggal di lapangan."
node/13860517449,Warkop Warmindo METEORA,tag_supported,not_verified,https://www.openstreetmap.org/node/13860517449,batch-5.json,2026-09-05T10:24:51.878712+00:00,2026-05-22T13:40:49Z,8,{},"[""wheelchair=yes""]","[""no_recorded_accessibility_survey_date""]",,,False,-6.4082419,106.8535098,{},"Periksa pintu masuk, kondisi fasilitas, hambatan, jam akses dan foto bertanggal di lapangan."
node/13867350348,Warkop Mbah KAKUNG NABILA Putra Kuningan,tag_supported,not_verified,https://www.openstreetmap.org/node/13867350348,batch-5.json,2026-09-05T10:24:51.878712+00:00,2026-08-06T17:26:54Z,9,{},"[""wheelchair=yes""]","[""no_recorded_accessibility_survey_date""]",24/7,,False,-6.4140468,106.8599461,{},"Periksa pintu masuk, kondisi fasilitas, hambatan, jam akses dan foto bertanggal di lapangan."
node/13871972279,Warung MAS TOLE,tag_supported,not_verified,https://www.openstreetmap.org/node/13871972279,batch-5.json,2026-09-05T10:24:51.878712+00:00,2026-08-24T14:42:58Z,12,{},"[""wheelchair=yes""]","[""no_recorded_accessibility_survey_date""]",24/7,,False,-6.4275512,106.8603093,{},"Periksa pintu masuk, kondisi fasilitas, hambatan, jam akses dan foto bertanggal di lapangan."
node/13876973550,Warkop Cafe JAGONYA NGOPI,tag_supported,not_verified,https://www.openstreetmap.org/node/13876973550,batch-5.json,2026-09-05T10:24:51.878712+00:00,2026-05-25T15:52:21Z,9,{},"[""wheelchair=yes""]","[""no_recorded_accessibility_survey_date""]",,,False,-6.4472859,106.8030266,{},"Periksa pintu masuk, kondisi fasilitas, hambatan, jam akses dan foto bertanggal di lapangan."
node/13888381515,Kopi & Tansu JENDELA WAKTU,tag_supported,not_verified,https://www.openstreetmap.org/node/13888381515,batch-5.json,2026-09-05T10:24:51.878712+00:00,2026-05-27T14:11:48Z,9,{},"[""wheelchair=yes""]","[""no_recorded_accessibility_survey_date""]",,,False,-6.4763743,106.755894,{},"Periksa pintu masuk, kondisi fasilitas, hambatan, jam akses dan foto bertanggal di lapangan."
node/13888810392,Warkop TIKUNGAN Aatmik,tag_supported,not_verified,https://www.openstreetmap.org/node/13888810392,batch-5.json,2026-09-05T10:24:51.878712+00:00,2026-05-28T11:56:53Z,11,{},"[""wheelchair=yes""]","[""no_recorded_accessibility_survey_date""]",24/7,,False,-6.4302358,106.7315286,{},"Periksa pintu masuk, kondisi fasilitas, hambatan, jam akses dan foto bertanggal di lapangan."
node/13893831649,Warkop,tag_supported,not_verified,https://www.openstreetmap.org/node/13893831649,batch-5.json,2026-09-05T10:24:51.878712+00:00,2026-05-29T13:14:19Z,8,{},"[""wheelchair=yes""]","[""no_recorded_accessibility_survey_date""]",,,False,-6.4266073,106.8569126,{},"Periksa pintu masuk, kondisi fasilitas, hambatan, jam akses dan foto bertanggal di lapangan."
node/13896335286,Warkop 76 BALONG JAYA,tag_supported,not_verified,https://www.openstreetmap.org/node/13896335286,batch-5.json,2026-09-05T10:24:51.878712+00:00,2026-08-13T17:28:55Z,12,{},"[""wheelchair=yes""]","[""no_recorded_accessibility_survey_date""]",24/7,,False,-6.418194,106.8653678,{},"Periksa pintu masuk, kondisi fasilitas, hambatan, jam akses dan foto bertanggal di lapangan."
node/13898493523,Warteg MAS PUR,tag_supported,not_verified,https://www.openstreetmap.org/node/13898493523,batch-5.json,2026-09-05T10:24:51.878712+00:00,2026-08-16T12:28:37Z,9,{},"[""wheelchair=yes""]","[""no_recorded_accessibility_survey_date""]",24/7,,False,-6.4346468,106.8544039,{},"Periksa pintu masuk, kondisi fasilitas, hambatan, jam akses dan foto bertanggal di lapangan."
node/13898729522,"Warkop BERKAH ""1899"" M. Nasir",tag_supported,not_verified,https://www.openstreetmap.org/node/13898729522,batch-5.json,2026-09-05T10:24:51.878712+00:00,2026-05-31T13:18:12Z,8,{},"[""wheelchair=yes""]","[""no_recorded_accessibility_survey_date""]",24/7,,False,-6.4341315,106.8482753,{},"Periksa pintu masuk, kondisi fasilitas, hambatan, jam akses dan foto bertanggal di lapangan."
node/13901716916,"LIVE MUSIC Warkop ""Tepikali""",tag_supported,not_verified,https://www.openstreetmap.org/node/13901716916,batch-5.json,2026-09-05T10:24:51.878712+00:00,2026-06-01T14:43:48Z,8,{},"[""wheelchair=yes""]","[""no_recorded_accessibility_survey_date""]",,,False,-6.4618224,106.8565365,{},"Periksa pintu masuk, kondisi fasilitas, hambatan, jam akses dan foto bertanggal di lapangan."
node/13903190033,Warkop Om WARJO Om,tag_supported,not_verified,https://www.openstreetmap.org/node/13903190033,batch-5.json,2026-09-05T10:24:51.878712+00:00,2026-06-02T01:17:26Z,8,{},"[""wheelchair=yes""]","[""no_recorded_accessibility_survey_date""]",24/7,,False,-6.3889969,106.83783,{},"Periksa pintu masuk, kondisi fasilitas, hambatan, jam akses dan foto bertanggal di lapangan."
node/13904497697,Warkop KISNAYA,tag_supported,not_verified,https://www.openstreetmap.org/node/13904497697,batch-5.json,2026-09-05T10:24:51.878712+00:00,2026-06-02T14:22:06Z,8,{},"[""wheelchair=yes""]","[""no_recorded_accessibility_survey_date""]",24/7,,False,-6.414954,106.8595257,{},"Periksa pintu masuk, kondisi fasilitas, hambatan, jam akses dan foto bertanggal di lapangan."
node/13909811005,"Warkop ""ANUGERAH""",tag_supported,not_verified,https://www.openstreetmap.org/node/13909811005,batch-5.json,2026-09-05T10:24:51.878712+00:00,2026-06-04T13:38:05Z,7,{},"[""wheelchair=yes""]","[""no_recorded_accessibility_survey_date""]",,,False,-6.3900691,106.822422,{},"Periksa pintu masuk, kondisi fasilitas, hambatan, jam akses dan foto bertanggal di lapangan."
node/13911395568,Warkop PERSAUDARAAN Racing,tag_supported,not_verified,https://www.openstreetmap.org/node/13911395568,batch-5.json,2026-09-05T10:24:51.878712+00:00,2026-06-05T05:24:31Z,12,{},"[""wheelchair=yes""]","[""no_recorded_accessibility_survey_date""]",,,False,-6.4539414,106.8546597,{},"Periksa pintu masuk, kondisi fasilitas, hambatan, jam akses dan foto bertanggal di lapangan."
node/13912527511,"Warkop ""PEMUDA""",tag_supported,not_verified,https://www.openstreetmap.org/node/13912527511,batch-5.json,2026-09-05T10:24:51.878712+00:00,2026-06-05T15:17:36Z,10,{},"[""wheelchair=yes""]","[""no_recorded_accessibility_survey_date""]",24/7,,False,-6.4734858,106.8295233,{},"Periksa pintu masuk, kondisi fasilitas, hambatan, jam akses dan foto bertanggal di lapangan."
node/13913276696,Warkop MARINDO Cibinong,tag_supported,not_verified,https://www.openstreetmap.org/node/13913276696,batch-5.json,2026-09-05T10:24:51.878712+00:00,2026-06-05T22:26:41Z,10,{},"[""wheelchair=yes""]","[""no_recorded_accessibility_survey_date""]",24/7,,False,-6.4726361,106.8304473,{},"Periksa pintu masuk, kondisi fasilitas, hambatan, jam akses dan foto bertanggal di lapangan."
node/13913946518,Warkop AR-RAYAN,tag_supported,not_verified,https://www.openstreetmap.org/node/13913946518,batch-5.json,2026-09-05T10:24:51.878712+00:00,2026-06-06T18:54:09Z,8,{},"[""wheelchair=yes""]","[""no_recorded_accessibility_survey_date""]",,,False,-6.3851769,106.8393311,{},"Periksa pintu masuk, kondisi fasilitas, hambatan, jam akses dan foto bertanggal di lapangan."
node/13915202548,WARSUN Warung Sunda Sederhana,tag_supported,not_verified,https://www.openstreetmap.org/node/13915202548,batch-5.json,2026-09-05T10:24:51.878712+00:00,2026-06-06T19:33:15Z,12,{},"[""wheelchair=yes""]","[""no_recorded_accessibility_survey_date""]",24/7,,False,-6.4047386,106.8458176,{},"Periksa pintu masuk, kondisi fasilitas, hambatan, jam akses dan foto bertanggal di lapangan."
node/13917590869,Warmindo BERKAH Jl. Nangka,tag_supported,not_verified,https://www.openstreetmap.org/node/13917590869,batch-5.json,2026-09-05T10:24:51.878712+00:00,2026-06-07T16:15:11Z,9,{},"[""wheelchair=yes""]","[""no_recorded_accessibility_survey_date""]",24/7,,False,-6.4015495,106.8736966,{},"Periksa pintu masuk, kondisi fasilitas, hambatan, jam akses dan foto bertanggal di lapangan."
node/13917780544,Warung Sunda DIKI,tag_supported,not_verified,https://www.openstreetmap.org/node/13917780544,batch-5.json,2026-09-05T10:24:51.878712+00:00,2026-07-12T11:55:22Z,10,{},"[""wheelchair=yes""]","[""no_recorded_accessibility_survey_date""]",24/7,,False,-6.4153629,106.8594378,{},"Periksa pintu masuk, kondisi fasilitas, hambatan, jam akses dan foto bertanggal di lapangan."
node/13920069051,Warkop BONTOT,tag_supported,not_verified,https://www.openstreetmap.org/node/13920069051,batch-5.json,2026-09-05T10:24:51.878712+00:00,2026-06-08T12:34:12Z,8,{},"[""wheelchair=yes""]","[""no_recorded_accessibility_survey_date""]",,,False,-6.4003558,106.8621749,{},"Periksa pintu masuk, kondisi fasilitas, hambatan, jam akses dan foto bertanggal di lapangan."
node/13926575575,LOPO SABA BOLAK,tag_supported,not_verified,https://www.openstreetmap.org/node/13926575575,batch-5.json,2026-09-05T10:24:51.878712+00:00,2026-06-10T17:18:48Z,8,{},"[""wheelchair=yes""]","[""no_recorded_accessibility_survey_date""]",24/7,,False,-6.416818,106.8586818,{},"Periksa pintu masuk, kondisi fasilitas, hambatan, jam akses dan foto bertanggal di lapangan."
node/13938451989,Warkop KOPI 8K,tag_supported,not_verified,https://www.openstreetmap.org/node/13938451989,batch-5.json,2026-09-05T10:24:51.878712+00:00,2026-06-14T14:22:49Z,8,{},"[""wheelchair=yes""]","[""no_recorded_accessibility_survey_date""]",,,False,-6.4383304,106.7736345,{},"Periksa pintu masuk, kondisi fasilitas, hambatan, jam akses dan foto bertanggal di lapangan."
node/13938791208,"Warkop ""SEHATI""",tag_supported,not_verified,https://www.openstreetmap.org/node/13938791208,batch-5.json,2026-09-05T10:24:51.878712+00:00,2026-06-14T17:12:11Z,8,{},"[""wheelchair=yes""]","[""no_recorded_accessibility_survey_date""]",24/7,,False,-6.4505035,106.7746711,{},"Periksa pintu masuk, kondisi fasilitas, hambatan, jam akses dan foto bertanggal di lapangan."
node/13947594959,Warung JOJO,tag_supported,not_verified,https://www.openstreetmap.org/node/13947594959,batch-5.json,2026-09-05T10:24:51.878712+00:00,2026-08-24T14:42:49Z,16,{},"[""wheelchair=yes""]","[""no_recorded_accessibility_survey_date""]",24/7,,False,-6.4275791,106.8603975,{},"Periksa pintu masuk, kondisi fasilitas, hambatan, jam akses dan foto bertanggal di lapangan."
node/13952944972,Warkop TOLE 316,tag_supported,not_verified,https://www.openstreetmap.org/node/13952944972,batch-5.json,2026-09-05T10:24:51.878712+00:00,2026-06-19T23:04:28Z,9,{},"[""wheelchair=yes""]","[""no_recorded_accessibility_survey_date""]",24/7,,False,-6.4049609,106.8449172,{},"Periksa pintu masuk, kondisi fasilitas, hambatan, jam akses dan foto bertanggal di lapangan."
node/13955658641,LAPO KRIS,tag_supported,not_verified,https://www.openstreetmap.org/node/13955658641,batch-5.json,2026-09-05T10:24:51.878712+00:00,2026-06-21T14:09:34Z,10,{},"[""wheelchair=yes""]","[""no_recorded_accessibility_survey_date""]",24/7,,False,-6.4296452,106.856097,{},"Periksa pintu masuk, kondisi fasilitas, hambatan, jam akses dan foto bertanggal di lapangan."
node/13956240037,Toko Madura Al Mubarock,tag_supported,not_verified,https://www.openstreetmap.org/node/13956240037,batch-5.json,2026-09-05T10:24:51.878712+00:00,2026-06-21T20:37:59Z,4,{},"[""wheelchair=yes""]","[""no_recorded_accessibility_survey_date""]",24/7,,False,-6.4791116,106.7906875,{},"Periksa pintu masuk, kondisi fasilitas, hambatan, jam akses dan foto bertanggal di lapangan."
node/13960865685,"Warkop ""RISKI"" Barokah",tag_supported,not_verified,https://www.openstreetmap.org/node/13960865685,batch-5.json,2026-09-05T10:24:51.878712+00:00,2026-06-23T21:24:47Z,8,{},"[""wheelchair=yes""]","[""no_recorded_accessibility_survey_date""]",24/7,,False,-6.4622844,106.8026712,{},"Periksa pintu masuk, kondisi fasilitas, hambatan, jam akses dan foto bertanggal di lapangan."
node/13962667552,"Warkop ""HERMAN""",tag_supported,not_verified,https://www.openstreetmap.org/node/13962667552,batch-5.json,2026-09-05T10:24:51.878712+00:00,2026-06-24T15:44:57Z,9,{},"[""wheelchair=yes""]","[""no_recorded_accessibility_survey_date""]",24/7,,False,-6.4614355,106.7963241,{},"Periksa pintu masuk, kondisi fasilitas, hambatan, jam akses dan foto bertanggal di lapangan."
node/13962782894,Kafe Coco Bandidos,tag_supported,not_verified,https://www.openstreetmap.org/node/13962782894,batch-5.json,2026-09-05T10:24:51.878712+00:00,2026-06-24T17:10:55Z,8,{},"[""wheelchair=yes""]","[""no_recorded_accessibility_survey_date""]",24/7,,False,-6.4486992,106.7867883,{},"Periksa pintu masuk, kondisi fasilitas, hambatan, jam akses dan foto bertanggal di lapangan."
node/13976581882,Kafe WARKOPIN,tag_supported,not_verified,https://www.openstreetmap.org/node/13976581882,batch-5.json,2026-09-05T10:24:51.878712+00:00,2026-06-30T03:48:37Z,8,{},"[""wheelchair=yes""]","[""no_recorded_accessibility_survey_date""]",,,False,-6.4009711,106.8277245,{},"Periksa pintu masuk, kondisi fasilitas, hambatan, jam akses dan foto bertanggal di lapangan."
node/13977868865,Warkop TERAS KOPI,tag_supported,not_verified,https://www.openstreetmap.org/node/13977868865,batch-5.json,2026-09-05T10:24:51.878712+00:00,2026-06-30T13:16:34Z,8,{},"[""wheelchair=yes""]","[""no_recorded_accessibility_survey_date""]",,,False,-6.4885168,106.8162607,{},"Periksa pintu masuk, kondisi fasilitas, hambatan, jam akses dan foto bertanggal di lapangan."
node/13978465324,"Angkringan ""TITIK KUMPUL""",tag_supported,not_verified,https://www.openstreetmap.org/node/13978465324,batch-5.json,2026-09-05T10:24:51.878712+00:00,2026-06-30T17:39:00Z,7,{},"[""wheelchair=yes""]","[""no_recorded_accessibility_survey_date""]",24/7,,False,-6.4951537,106.7518283,{},"Periksa pintu masuk, kondisi fasilitas, hambatan, jam akses dan foto bertanggal di lapangan."
node/13980187616,Kedai SALUH 99,tag_supported,not_verified,https://www.openstreetmap.org/node/13980187616,batch-5.json,2026-09-05T10:24:51.878712+00:00,2026-08-11T12:03:31Z,9,{},"[""wheelchair=yes""]","[""no_recorded_accessibility_survey_date""]",,,False,-6.4040427,106.8422006,{},"Periksa pintu masuk, kondisi fasilitas, hambatan, jam akses dan foto bertanggal di lapangan."
node/13981096069,Warkop,tag_supported,not_verified,https://www.openstreetmap.org/node/13981096069,batch-5.json,2026-09-05T10:24:51.878712+00:00,2026-07-01T17:04:58Z,8,{},"[""wheelchair=yes""]","[""no_recorded_accessibility_survey_date""]",24/7,,False,-6.4047446,106.8616597,{},"Periksa pintu masuk, kondisi fasilitas, hambatan, jam akses dan foto bertanggal di lapangan."
node/13984674644,"Warkop ""JUSTIN""",tag_supported,not_verified,https://www.openstreetmap.org/node/13984674644,batch-5.json,2026-09-05T10:24:51.878712+00:00,2026-07-03T04:59:52Z,8,{},"[""wheelchair=yes""]","[""no_recorded_accessibility_survey_date""]",,,False,-6.4033668,106.7721765,{},"Periksa pintu masuk, kondisi fasilitas, hambatan, jam akses dan foto bertanggal di lapangan."
node/14000570393,Warkop WARDOYO,tag_supported,not_verified,https://www.openstreetmap.org/node/14000570393,batch-5.json,2026-09-05T10:24:51.878712+00:00,2026-07-09T16:29:42Z,15,{},"[""wheelchair=yes""]","[""no_recorded_accessibility_survey_date""]",24/7,,False,-6.4139565,106.875674,{},"Periksa pintu masuk, kondisi fasilitas, hambatan, jam akses dan foto bertanggal di lapangan."
node/14001806846,Kafe SERE NAULI,tag_supported,not_verified,https://www.openstreetmap.org/node/14001806846,batch-5.json,2026-09-05T10:24:51.878712+00:00,2026-07-10T05:33:43Z,12,{},"[""wheelchair=yes""]","[""no_recorded_accessibility_survey_date""]",,,False,-6.4734592,106.8299394,{},"Periksa pintu masuk, kondisi fasilitas, hambatan, jam akses dan foto bertanggal di lapangan."
node/14005896084,Warkop MM GUN 993,tag_supported,not_verified,https://www.openstreetmap.org/node/14005896084,batch-5.json,2026-09-05T10:24:51.878712+00:00,2026-08-21T13:41:59Z,7,{},"[""wheelchair=yes""]","[""no_recorded_accessibility_survey_date""]",,,False,-6.4519864,106.8537528,{},"Periksa pintu masuk, kondisi fasilitas, hambatan, jam akses dan foto bertanggal di lapangan."
node/14005902301,Warung ATRI,tag_supported,not_verified,https://www.openstreetmap.org/node/14005902301,batch-5.json,2026-09-05T10:24:51.878712+00:00,2026-07-12T11:55:15Z,8,{},"[""wheelchair=yes""]","[""no_recorded_accessibility_survey_date""]",,,False,-6.4147788,106.8595921,{},"Periksa pintu masuk, kondisi fasilitas, hambatan, jam akses dan foto bertanggal di lapangan."
node/14006222647,Warkop SENTOSA,tag_supported,not_verified,https://www.openstreetmap.org/node/14006222647,batch-5.json,2026-09-05T10:24:51.878712+00:00,2026-08-19T17:28:21Z,15,{},"[""wheelchair=yes""]","[""no_recorded_accessibility_survey_date""]",24/7,,False,-6.3954095,106.8366225,{},"Periksa pintu masuk, kondisi fasilitas, hambatan, jam akses dan foto bertanggal di lapangan."
node/14010303064,Warkop GEMILANG Jaya,tag_supported,not_verified,https://www.openstreetmap.org/node/14010303064,batch-5.json,2026-09-05T10:24:51.878712+00:00,2026-07-13T15:45:19Z,9,{},"[""wheelchair=yes""]","[""no_recorded_accessibility_survey_date""]",24/7,,False,-6.4157827,106.8753549,{},"Periksa pintu masuk, kondisi fasilitas, hambatan, jam akses dan foto bertanggal di lapangan."
node/14013503052,Toko Warkop DEA,tag_supported,not_verified,https://www.openstreetmap.org/node/14013503052,batch-5.json,2026-09-05T10:24:51.878712+00:00,2026-07-14T00:52:32Z,7,{},"[""wheelchair=yes""]","[""no_recorded_accessibility_survey_date""]",,,False,-6.4440835,106.8717859,{},"Periksa pintu masuk, kondisi fasilitas, hambatan, jam akses dan foto bertanggal di lapangan."
node/14014061040,URBAN Coffee & Barber,tag_supported,not_verified,https://www.openstreetmap.org/node/14014061040,batch-5.json,2026-09-05T10:24:51.878712+00:00,2026-07-14T08:22:26Z,7,{},"[""wheelchair=yes""]","[""no_recorded_accessibility_survey_date""]",,,False,-6.4815958,106.8176135,{},"Periksa pintu masuk, kondisi fasilitas, hambatan, jam akses dan foto bertanggal di lapangan."
node/14021066385,Warkop Cilangkap - Tapos,tag_supported,not_verified,https://www.openstreetmap.org/node/14021066385,batch-5.json,2026-09-05T10:24:51.878712+00:00,2026-07-17T00:36:47Z,7,{},"[""wheelchair=yes""]","[""no_recorded_accessibility_survey_date""]",24/7,,False,-6.4469764,106.8546091,{},"Periksa pintu masuk, kondisi fasilitas, hambatan, jam akses dan foto bertanggal di lapangan."
node/14022514445,Warkop,tag_supported,not_verified,https://www.openstreetmap.org/node/14022514445,batch-5.json,2026-09-05T10:24:51.878712+00:00,2026-07-17T15:40:16Z,6,{},"[""wheelchair=yes""]","[""no_recorded_accessibility_survey_date""]",24/7,,False,-6.4734067,106.7287575,{},"Periksa pintu masuk, kondisi fasilitas, hambatan, jam akses dan foto bertanggal di lapangan."
node/14056307273,Warkop MOSKOW,tag_supported,not_verified,https://www.openstreetmap.org/node/14056307273,batch-5.json,2026-09-05T10:24:51.878712+00:00,2026-07-28T13:54:35Z,7,{},"[""wheelchair=yes""]","[""no_recorded_accessibility_survey_date""]",,,False,-6.415952,106.8699662,{},"Periksa pintu masuk, kondisi fasilitas, hambatan, jam akses dan foto bertanggal di lapangan."
node/14058256904,Warkop PUTRA JIRAD,tag_supported,not_verified,https://www.openstreetmap.org/node/14058256904,batch-5.json,2026-09-05T10:24:51.878712+00:00,2026-07-29T09:18:05Z,7,{},"[""wheelchair=yes""]","[""no_recorded_accessibility_survey_date""]",24/7,,False,-6.4007867,106.8362975,{},"Periksa pintu masuk, kondisi fasilitas, hambatan, jam akses dan foto bertanggal di lapangan."
node/14061268750,GREEN COFFEE Cafe,tag_supported,not_verified,https://www.openstreetmap.org/node/14061268750,batch-5.json,2026-09-05T10:24:51.878712+00:00,2026-07-30T11:13:15Z,8,{},"[""wheelchair=yes""]","[""no_recorded_accessibility_survey_date""]",,,False,-6.4113344,106.8179748,{},"Periksa pintu masuk, kondisi fasilitas, hambatan, jam akses dan foto bertanggal di lapangan."
node/14066486882,Warkop WAHYU,tag_supported,not_verified,https://www.openstreetmap.org/node/14066486882,batch-5.json,2026-09-05T10:24:51.878712+00:00,2026-08-01T16:47:44Z,7,{},"[""wheelchair=yes""]","[""no_recorded_accessibility_survey_date""]",24/7,,False,-6.4439694,106.8532472,{},"Periksa pintu masuk, kondisi fasilitas, hambatan, jam akses dan foto bertanggal di lapangan."
node/14067637012,Warkop UCI,tag_supported,not_verified,https://www.openstreetmap.org/node/14067637012,batch-5.json,2026-09-05T10:24:51.878712+00:00,2026-08-02T07:16:42Z,6,{},"[""wheelchair=yes""]","[""no_recorded_accessibility_survey_date""]",24/7,,False,-6.454856,106.7309728,{},"Periksa pintu masuk, kondisi fasilitas, hambatan, jam akses dan foto bertanggal di lapangan."
node/14068558695,Warkop Teh SOLO,tag_supported,not_verified,https://www.openstreetmap.org/node/14068558695,batch-5.json,2026-09-05T10:24:51.878712+00:00,2026-08-02T15:11:59Z,6,{},"[""wheelchair=yes""]","[""no_recorded_accessibility_survey_date""]",,,False,-6.259242,106.7422077,{},"Periksa pintu masuk, kondisi fasilitas, hambatan, jam akses dan foto bertanggal di lapangan."
node/14068567697,CHAMPION Warkop,tag_supported,not_verified,https://www.openstreetmap.org/node/14068567697,batch-5.json,2026-09-05T10:24:51.878712+00:00,2026-08-02T15:09:55Z,7,{},"[""wheelchair=yes""]","[""no_recorded_accessibility_survey_date""]",,,False,-6.2565373,106.7621673,{},"Periksa pintu masuk, kondisi fasilitas, hambatan, jam akses dan foto bertanggal di lapangan."
node/14073570858,Warkop DOA MEMBAWA BERKAH,tag_supported,not_verified,https://www.openstreetmap.org/node/14073570858,batch-5.json,2026-09-05T10:24:51.878712+00:00,2026-08-04T20:53:59Z,8,{},"[""wheelchair=yes""]","[""no_recorded_accessibility_survey_date""]",24/7,,False,-6.350382,106.6896064,{},"Periksa pintu masuk, kondisi fasilitas, hambatan, jam akses dan foto bertanggal di lapangan."
node/14077332823,Warkop RIDHO,tag_supported,not_verified,https://www.openstreetmap.org/node/14077332823,batch-5.json,2026-09-05T10:24:51.878712+00:00,2026-08-06T17:25:33Z,7,{},"[""wheelchair=yes""]","[""no_recorded_accessibility_survey_date""]",24/7,,False,-6.4140698,106.8600259,{},"Periksa pintu masuk, kondisi fasilitas, hambatan, jam akses dan foto bertanggal di lapangan."
node/14077921131,Cafetaria KP RS Cibinong,tag_supported,not_verified,https://www.openstreetmap.org/node/14077921131,batch-5.json,2026-09-05T10:24:51.878712+00:00,2026-08-07T02:08:29Z,7,{},"[""wheelchair=yes""]","[""no_recorded_accessibility_survey_date""]",,,False,-6.4739038,106.8308732,{},"Periksa pintu masuk, kondisi fasilitas, hambatan, jam akses dan foto bertanggal di lapangan."
node/14078033479,Jus & Ayam Geprek,tag_supported,not_verified,https://www.openstreetmap.org/node/14078033479,batch-5.json,2026-09-05T10:24:51.878712+00:00,2026-08-07T04:48:10Z,6,{},"[""wheelchair=yes""]","[""no_recorded_accessibility_survey_date""]",,,False,-6.4735823,106.8298432,{},"Periksa pintu masuk, kondisi fasilitas, hambatan, jam akses dan foto bertanggal di lapangan."
node/14078622420,Toko Barokallah,tag_supported,not_verified,https://www.openstreetmap.org/node/14078622420,batch-5.json,2026-09-05T10:24:51.878712+00:00,2026-08-07T13:28:54Z,6,{},"[""wheelchair=yes""]","[""no_recorded_accessibility_survey_date""]",24/7,,False,-6.4353133,106.8258172,{},"Periksa pintu masuk, kondisi fasilitas, hambatan, jam akses dan foto bertanggal di lapangan."
node/14080037721,Warkop & Depot Wahana,tag_supported,not_verified,https://www.openstreetmap.org/node/14080037721,batch-5.json,2026-09-05T10:24:51.878712+00:00,2026-08-08T10:17:37Z,6,{},"[""wheelchair=yes""]","[""no_recorded_accessibility_survey_date""]",,,False,-6.452581,106.8540158,{},"Periksa pintu masuk, kondisi fasilitas, hambatan, jam akses dan foto bertanggal di lapangan."
node/14082211402,Warkop UUS,tag_supported,not_verified,https://www.openstreetmap.org/node/14082211402,batch-5.json,2026-09-05T10:24:51.878712+00:00,2026-08-09T15:19:16Z,7,{},"[""wheelchair=yes""]","[""no_recorded_accessibility_survey_date""]",,,False,-6.426994,106.8570147,{},"Periksa pintu masuk, kondisi fasilitas, hambatan, jam akses dan foto bertanggal di lapangan."
node/14135798510,Warkop MAJA Depok,tag_supported,not_verified,https://www.openstreetmap.org/node/14135798510,batch-5.json,2026-09-05T10:24:51.878712+00:00,2026-08-30T20:30:26Z,7,{},"[""wheelchair=yes""]","[""no_recorded_accessibility_survey_date""]",24/7,,False,-6.3819768,106.8520003,{},"Periksa pintu masuk, kondisi fasilitas, hambatan, jam akses dan foto bertanggal di lapangan."
node/14139905746,Warung SUDUT RINDANG,tag_supported,not_verified,https://www.openstreetmap.org/node/14139905746,batch-5.json,2026-09-05T10:24:51.878712+00:00,2026-09-01T12:03:56Z,6,{},"[""wheelchair=yes""]","[""no_recorded_accessibility_survey_date""]",,,False,-6.4306267,106.8585821,{},"Periksa pintu masuk, kondisi fasilitas, hambatan, jam akses dan foto bertanggal di lapangan."
node/14142545337,Warkop Warmindo RUM - RAM,tag_supported,not_verified,https://www.openstreetmap.org/node/14142545337,batch-5.json,2026-09-05T10:24:51.878712+00:00,2026-09-02T14:39:32Z,8,{},"[""wheelchair=yes""]","[""no_recorded_accessibility_survey_date""]",24/7,,False,-6.4058903,106.8769015,{},"Periksa pintu masuk, kondisi fasilitas, hambatan, jam akses dan foto bertanggal di lapangan."
way/31499845,,tag_supported,not_verified,https://www.openstreetmap.org/way/31499845,batch-5.json,2026-09-05T10:24:51.878712+00:00,2022-01-07T01:04:21Z,13,{},"[""tactile_paving=yes""]","[""no_recorded_accessibility_survey_date"", ""unnamed_object""]",,,False,-6.2099154,106.8504914,{},"Periksa pintu masuk, kondisi fasilitas, hambatan, jam akses dan foto bertanggal di lapangan."
way/48036305,Le Méridien Jakarta,tag_supported,not_verified,https://www.openstreetmap.org/way/48036305,batch-5.json,2026-09-05T10:24:51.878712+00:00,2021-10-25T05:44:16Z,9,{},"[""wheelchair=yes""]","[""no_recorded_accessibility_survey_date""]",,,False,-6.213107,106.8189009,{},"Periksa pintu masuk, kondisi fasilitas, hambatan, jam akses dan foto bertanggal di lapangan."
way/97550317,Sarinah,tag_supported,not_verified,https://www.openstreetmap.org/way/97550317,batch-5.json,2026-09-05T10:24:51.878712+00:00,2026-06-10T19:21:57Z,16,{},"[""wheelchair=yes"", ""toilets:wheelchair=yes""]","[""no_recorded_accessibility_survey_date""]",,,False,-6.1876872,106.823756,{},"Periksa pintu masuk, kondisi fasilitas, hambatan, jam akses dan foto bertanggal di lapangan."
way/113537284,Gedung (B) Kuliah Bersama,tag_supported,not_verified,https://www.openstreetmap.org/way/113537284,batch-5.json,2026-09-05T10:24:51.878712+00:00,2020-01-09T07:52:59Z,8,{},"[""wheelchair=yes""]","[""no_recorded_accessibility_survey_date""]",,,False,-6.3692988,106.826578,{},"Periksa pintu masuk, kondisi fasilitas, hambatan, jam akses dan foto bertanggal di lapangan."
way/119429958,Kantin Kerucut FIB UI,tag_supported,not_verified,https://www.openstreetmap.org/way/119429958,batch-5.json,2026-09-05T10:24:51.878712+00:00,2012-12-12T14:49:08Z,2,{},"[""wheelchair=yes""]","[""no_recorded_accessibility_survey_date""]",Mo-Fr 08:30-20:00,,False,-6.3638926,106.8270844,{},"Periksa pintu masuk, kondisi fasilitas, hambatan, jam akses dan foto bertanggal di lapangan."
way/119503317,RS Sukmul Sisma Medika,tag_supported,not_verified,https://www.openstreetmap.org/way/119503317,batch-5.json,2026-09-05T10:24:51.878712+00:00,2018-12-04T08:08:28Z,7,{},"[""wheelchair=yes""]","[""no_recorded_accessibility_survey_date""]",24/7,,False,-6.1120749,106.8819941,{},"Periksa pintu masuk, kondisi fasilitas, hambatan, jam akses dan foto bertanggal di lapangan."
way/119772918,FX Mall,tag_supported,not_verified,https://www.openstreetmap.org/way/119772918,batch-5.json,2026-09-05T10:24:51.878712+00:00,2026-07-05T01:41:54Z,17,{},"[""wheelchair=yes""]","[""no_recorded_accessibility_survey_date""]",Mo-Su 10:00-22:00,https://www.fx.co.id/,False,-6.2246092,106.8037387,{},"Periksa pintu masuk, kondisi fasilitas, hambatan, jam akses dan foto bertanggal di lapangan."
way/120184483,Rumah Sakit Harum Sisma Medika,tag_supported,not_verified,https://www.openstreetmap.org/way/120184483,batch-5.json,2026-09-05T10:24:51.878712+00:00,2023-12-11T15:50:32Z,10,{},"[""wheelchair=yes""]","[""no_recorded_accessibility_survey_date""]",,https://harumsismamedika.com/,False,-6.2481335,106.9096278,{},"Periksa pintu masuk, kondisi fasilitas, hambatan, jam akses dan foto bertanggal di lapangan."
way/120691365,Grand Indonesia West Mall,tag_supported,not_verified,https://www.openstreetmap.org/way/120691365,batch-5.json,2026-09-05T10:24:51.878712+00:00,2026-05-04T23:16:52Z,14,{},"[""wheelchair=yes""]","[""no_recorded_accessibility_survey_date""]",,,False,-6.1951264,106.8196891,{},"Periksa pintu masuk, kondisi fasilitas, hambatan, jam akses dan foto bertanggal di lapangan."
way/120827484,CityWalk Sudirman,tag_supported,not_verified,https://www.openstreetmap.org/way/120827484,batch-5.json,2026-09-05T10:24:51.878712+00:00,2022-06-11T11:04:51Z,11,{},"[""wheelchair=yes""]","[""no_recorded_accessibility_survey_date""]",,http://www.citywalksudirman.com/,False,-6.2089057,106.8184387,{},"Periksa pintu masuk, kondisi fasilitas, hambatan, jam akses dan foto bertanggal di lapangan."
way/120827519,Wisma Keiai,tag_supported,not_verified,https://www.openstreetmap.org/way/120827519,batch-5.json,2026-09-05T10:24:51.878712+00:00,2024-12-05T15:33:24Z,8,{},"[""wheelchair=yes""]","[""no_recorded_accessibility_survey_date""]",,,False,-6.2059369,106.8214243,{},"Periksa pintu masuk, kondisi fasilitas, hambatan, jam akses dan foto bertanggal di lapangan."
way/120908549,Jakarta Design Center,tag_supported,not_verified,https://www.openstreetmap.org/way/120908549,batch-5.json,2026-09-05T10:24:51.878712+00:00,2026-06-22T07:38:40Z,11,{},"[""wheelchair=yes""]","[""no_recorded_accessibility_survey_date""]","Mo-Su,PH 10:00-22:00",https://www.j-d-c.com/,False,-6.2016589,106.8009851,{},"Periksa pintu masuk, kondisi fasilitas, hambatan, jam akses dan foto bertanggal di lapangan."
way/122159892,SMAK 1 BPK PENABUR Jakarta,tag_supported,not_verified,https://www.openstreetmap.org/way/122159892,batch-5.json,2026-09-05T10:24:51.878712+00:00,2019-08-14T02:18:24Z,11,{},"[""wheelchair=yes""]","[""no_recorded_accessibility_survey_date""]",,,False,-6.1723422,106.7878552,{},"Periksa pintu masuk, kondisi fasilitas, hambatan, jam akses dan foto bertanggal di lapangan."
way/124163125,Rumah Sakit Jakarta,tag_supported,not_verified,https://www.openstreetmap.org/way/124163125,batch-5.json,2026-09-05T10:24:51.878712+00:00,2021-12-06T01:06:54Z,8,{},"[""wheelchair=yes"", ""toilets:wheelchair=yes""]","[""no_recorded_accessibility_survey_date""]",,,False,-6.2185961,106.8163304,{},"Periksa pintu masuk, kondisi fasilitas, hambatan, jam akses dan foto bertanggal di lapangan."
way/151282492,Gedung A FPsi,tag_supported,not_verified,https://www.openstreetmap.org/way/151282492,batch-5.json,2026-09-05T10:24:51.878712+00:00,2026-01-20T23:37:54Z,6,{},"[""wheelchair=yes""]","[""no_recorded_accessibility_survey_date""]",,,False,-6.3628404,106.8305242,{},"Periksa pintu masuk, kondisi fasilitas, hambatan, jam akses dan foto bertanggal di lapangan."
way/151282538,Departemen Teknik Sipil,tag_supported,not_verified,https://www.openstreetmap.org/way/151282538,batch-5.json,2026-09-05T10:24:51.878712+00:00,2026-01-29T20:55:58Z,8,{},"[""wheelchair=yes""]","[""no_recorded_accessibility_survey_date""]",,,False,-6.3618898,106.824501,{},"Periksa pintu masuk, kondisi fasilitas, hambatan, jam akses dan foto bertanggal di lapangan."
way/151282607,Gedung A Fakultas Hukum UI,tag_supported,not_verified,https://www.openstreetmap.org/way/151282607,batch-5.json,2026-09-05T10:24:51.878712+00:00,2018-04-25T04:53:29Z,4,{},"[""wheelchair=yes""]","[""no_recorded_accessibility_survey_date""]",,,False,-6.3645892,106.8313637,{},"Periksa pintu masuk, kondisi fasilitas, hambatan, jam akses dan foto bertanggal di lapangan."
way/151282727,Gedung Selo Soemardjan ~ Gedung A FISIP UI,tag_supported,not_verified,https://www.openstreetmap.org/way/151282727,batch-5.json,2026-09-05T10:24:51.878712+00:00,2026-05-11T10:48:31Z,14,{},"[""wheelchair=yes""]","[""no_recorded_accessibility_survey_date""]",,,False,-6.3619194,106.8296671,{},"Periksa pintu masuk, kondisi fasilitas, hambatan, jam akses dan foto bertanggal di lapangan."
way/151282732,Gedung Mochtar Riady SPRC ~ Gedung C FISIP UI,tag_supported,not_verified,https://www.openstreetmap.org/way/151282732,batch-5.json,2026-09-05T10:24:51.878712+00:00,2026-01-29T18:55:24Z,9,{},"[""wheelchair=yes""]","[""no_recorded_accessibility_survey_date""]",,,False,-6.3625379,106.829871,{},"Periksa pintu masuk, kondisi fasilitas, hambatan, jam akses dan foto bertanggal di lapangan."
way/153303496,Balai Sidang Jakarta Convention Center,tag_supported,not_verified,https://www.openstreetmap.org/way/153303496,batch-5.json,2026-09-05T10:24:51.878712+00:00,2026-08-25T04:38:54Z,11,{},"[""wheelchair=designated""]","[""no_recorded_accessibility_survey_date""]",,http://www.jcc.co.id/,False,-6.2144207,106.8073823,{},"Periksa pintu masuk, kondisi fasilitas, hambatan, jam akses dan foto bertanggal di lapangan."
way/154828484,Puskesmas Kelurahan Tanjung Priok,tag_supported,not_verified,https://www.openstreetmap.org/way/154828484,batch-5.json,2026-09-05T10:24:51.878712+00:00,2024-05-11T01:00:52Z,6,{},"[""wheelchair=yes""]","[""no_recorded_accessibility_survey_date""]",24/7,,False,-6.115769,106.8769658,{},"Periksa pintu masuk, kondisi fasilitas, hambatan, jam akses dan foto bertanggal di lapangan."
way/154830071,,tag_supported,not_verified,https://www.openstreetmap.org/way/154830071,batch-5.json,2026-09-05T10:24:51.878712+00:00,2023-02-21T03:33:21Z,6,{},"[""wheelchair=yes""]","[""no_recorded_accessibility_survey_date"", ""unnamed_object""]",24/7,,False,-6.1388292,106.8615683,{},"Periksa pintu masuk, kondisi fasilitas, hambatan, jam akses dan foto bertanggal di lapangan."
way/154830127,Puskesmas Kecamatan Penjaringan,tag_supported,not_verified,https://www.openstreetmap.org/way/154830127,batch-5.json,2026-09-05T10:24:51.878712+00:00,2018-12-05T08:25:07Z,3,{},"[""wheelchair=yes""]","[""no_recorded_accessibility_survey_date""]",24/7,,False,-6.1379481,106.7809331,{},"Periksa pintu masuk, kondisi fasilitas, hambatan, jam akses dan foto bertanggal di lapangan."
way/154831665,Puskesmas Kelurahan Pademangan Timur,tag_supported,not_verified,https://www.openstreetmap.org/way/154831665,batch-5.json,2026-09-05T10:24:51.878712+00:00,2024-05-10T03:43:54Z,7,{},"[""wheelchair=yes""]","[""no_recorded_accessibility_survey_date""]",24/7,,False,-6.1396991,106.8414355,{},"Periksa pintu masuk, kondisi fasilitas, hambatan, jam akses dan foto bertanggal di lapangan."
way/154838070,Rumah Bersalin Lestari,tag_supported,not_verified,https://www.openstreetmap.org/way/154838070,batch-5.json,2026-09-05T10:24:51.878712+00:00,2022-04-26T07:03:52Z,7,{},"[""wheelchair=yes""]","[""no_recorded_accessibility_survey_date""]",24/7,,False,-6.1148085,106.9102009,{},"Periksa pintu masuk, kondisi fasilitas, hambatan, jam akses dan foto bertanggal di lapangan."
way/154856491,Cipondoh,tag_supported,not_verified,https://www.openstreetmap.org/way/154856491,batch-5.json,2026-09-05T10:24:51.878712+00:00,2014-11-24T08:33:38Z,2,{},"[""wheelchair=yes""]","[""no_recorded_accessibility_survey_date""]",,,False,-6.1141873,106.9174504,{},"Periksa pintu masuk, kondisi fasilitas, hambatan, jam akses dan foto bertanggal di lapangan."
way/155950878,Puskesmas Kecamatan Matraman,tag_supported,not_verified,https://www.openstreetmap.org/way/155950878,batch-5.json,2026-09-05T10:24:51.878712+00:00,2024-05-09T09:16:43Z,9,{},"[""wheelchair=yes""]","[""no_recorded_accessibility_survey_date""]",,https://puskesmasmatraman.jakarta.go.id/,False,-6.2142561,106.872372,{},"Periksa pintu masuk, kondisi fasilitas, hambatan, jam akses dan foto bertanggal di lapangan."
way/155961326,Lulu Hypermarket & Department Store,tag_supported,not_verified,https://www.openstreetmap.org/way/155961326,batch-5.json,2026-09-05T10:24:51.878712+00:00,2019-03-13T12:24:10Z,7,{},"[""wheelchair=yes""]","[""no_recorded_accessibility_survey_date""]",Tu-Su 09:00-22:00,,False,-6.1870819,106.9491089,{},"Periksa pintu masuk, kondisi fasilitas, hambatan, jam akses dan foto bertanggal di lapangan."
way/156922051,Mal Ciputra Jakarta (Citraland),tag_supported,not_verified,https://www.openstreetmap.org/way/156922051,batch-5.json,2026-09-05T10:24:51.878712+00:00,2026-06-22T07:38:40Z,16,{},"[""wheelchair=yes""]","[""no_recorded_accessibility_survey_date""]",,https://www.ciputramall.com/,False,-6.1682359,106.7864881,{},"Periksa pintu masuk, kondisi fasilitas, hambatan, jam akses dan foto bertanggal di lapangan."
way/156922054,Kantor Lurah Tanjung Duren Utara,tag_supported,not_verified,https://www.openstreetmap.org/way/156922054,batch-5.json,2026-09-05T10:24:51.878712+00:00,2019-04-24T04:36:50Z,6,{},"[""wheelchair=designated""]","[""no_recorded_accessibility_survey_date""]",,,False,-6.1733519,106.7889618,{},"Periksa pintu masuk, kondisi fasilitas, hambatan, jam akses dan foto bertanggal di lapangan."
way/156922913,Masjid At-Tuqo',tag_supported,not_verified,https://www.openstreetmap.org/way/156922913,batch-5.json,2026-09-05T10:24:51.878712+00:00,2026-04-04T15:47:01Z,7,{},"[""wheelchair=yes""]","[""no_recorded_accessibility_survey_date""]",,,False,-6.1756514,106.78198,{},"Periksa pintu masuk, kondisi fasilitas, hambatan, jam akses dan foto bertanggal di lapangan."
way/156928888,Rumah Sakit Pelni Petamburan,tag_supported,not_verified,https://www.openstreetmap.org/way/156928888,batch-5.json,2026-09-05T10:24:51.878712+00:00,2026-02-09T04:13:52Z,16,{},"[""wheelchair=yes""]","[""no_recorded_accessibility_survey_date""]",,https://www.rspelni.co.id/,False,-6.1932311,106.8037259,{},"Periksa pintu masuk, kondisi fasilitas, hambatan, jam akses dan foto bertanggal di lapangan."
way/157362650,Masjid Namira,tag_supported,not_verified,https://www.openstreetmap.org/way/157362650,batch-5.json,2026-09-05T10:24:51.878712+00:00,2022-10-15T08:04:02Z,8,"{""check_date"": ""2022-10-15""}","[""wheelchair=yes""]",[],,,False,-6.2372887,106.8473899,{},"Periksa pintu masuk, kondisi fasilitas, hambatan, jam akses dan foto bertanggal di lapangan."
way/159968580,Masjid Nurul Islam,tag_supported,not_verified,https://www.openstreetmap.org/way/159968580,batch-5.json,2026-09-05T10:24:51.878712+00:00,2022-09-22T05:42:26Z,3,{},"[""wheelchair=yes""]","[""no_recorded_accessibility_survey_date""]",,,False,-6.3191499,106.7935945,{},"Periksa pintu masuk, kondisi fasilitas, hambatan, jam akses dan foto bertanggal di lapangan."
way/173068662,Old House Coffee Shop,tag_supported,not_verified,https://www.openstreetmap.org/way/173068662,batch-5.json,2026-09-05T10:24:51.878712+00:00,2014-07-08T03:03:30Z,2,{},"[""wheelchair=yes""]","[""no_recorded_accessibility_survey_date""]",,,False,-6.372352,106.8343438,{},"Periksa pintu masuk, kondisi fasilitas, hambatan, jam akses dan foto bertanggal di lapangan."
way/174128186,Gereja Kristen Jawa Jakarta,tag_supported,not_verified,https://www.openstreetmap.org/way/174128186,batch-5.json,2026-09-05T10:24:51.878712+00:00,2026-07-07T06:40:57Z,2,{},"[""wheelchair=yes""]","[""no_recorded_accessibility_survey_date""]",,,False,-6.2015188,106.8863918,{},"Periksa pintu masuk, kondisi fasilitas, hambatan, jam akses dan foto bertanggal di lapangan."
way/176433009,Kota Kasablanka,tag_supported,not_verified,https://www.openstreetmap.org/way/176433009,batch-5.json,2026-09-05T10:24:51.878712+00:00,2026-06-22T07:38:40Z,23,{},"[""wheelchair=yes"", ""toilets:wheelchair=yes""]","[""no_recorded_accessibility_survey_date""]",Mo-Su 10:00-22:00,https://www.pakuwon.com/,False,-6.2232393,106.8426851,{},"Periksa pintu masuk, kondisi fasilitas, hambatan, jam akses dan foto bertanggal di lapangan."
way/195977216,"Gedung A, Perkantoran PVUI",tag_supported,not_verified,https://www.openstreetmap.org/way/195977216,batch-5.json,2026-09-05T10:24:51.878712+00:00,2022-05-18T05:02:54Z,4,{},"[""wheelchair=yes""]","[""no_recorded_accessibility_survey_date""]",,https://vokasi.ui.ac.id/,False,-6.3693983,106.8207957,{},"Periksa pintu masuk, kondisi fasilitas, hambatan, jam akses dan foto bertanggal di lapangan."
way/195977217,"Gedung B, Perkuliahan PVUI",tag_supported,not_verified,https://www.openstreetmap.org/way/195977217,batch-5.json,2026-09-05T10:24:51.878712+00:00,2022-08-05T17:47:07Z,6,{},"[""wheelchair=yes""]","[""no_recorded_accessibility_survey_date""]",,https://vokasi.ui.ac.id/,False,-6.3687828,106.8213999,{},"Periksa pintu masuk, kondisi fasilitas, hambatan, jam akses dan foto bertanggal di lapangan."
way/227762674,RS Mitra Keluarga Bekasi Timur,tag_supported,not_verified,https://www.openstreetmap.org/way/227762674,batch-6.json,2026-09-05T10:24:51.878712+00:00,2026-05-04T13:47:45Z,4,{},"[""wheelchair=yes""]","[""no_recorded_accessibility_survey_date""]",,https://www.mitrakeluarga.com/bekasi-timur/menu-fasilitas-rs,False,-6.2605573,107.0133208,{},"Periksa pintu masuk, kondisi fasilitas, hambatan, jam akses dan foto bertanggal di lapangan."
way/229557764,Kantor Pos Fatmawati,tag_supported,not_verified,https://www.openstreetmap.org/way/229557764,batch-6.json,2026-09-05T10:24:51.878712+00:00,2022-09-26T10:19:17Z,5,{},"[""wheelchair=yes""]","[""no_recorded_accessibility_survey_date""]","PH,Mo-Su 00:00-23:59",,False,-6.2944609,106.7945332,{},"Periksa pintu masuk, kondisi fasilitas, hambatan, jam akses dan foto bertanggal di lapangan."
way/234872101,Hotel Harris Tebet,tag_supported,not_verified,https://www.openstreetmap.org/way/234872101,batch-6.json,2026-09-05T10:24:51.878712+00:00,2024-03-14T04:32:41Z,3,{},"[""wheelchair=yes""]","[""no_recorded_accessibility_survey_date""]",,,False,-6.2229181,106.8480146,{},"Periksa pintu masuk, kondisi fasilitas, hambatan, jam akses dan foto bertanggal di lapangan."
way/240216043,Apotik dan Laboratorium Klinik Muara Karang,tag_supported,not_verified,https://www.openstreetmap.org/way/240216043,batch-6.json,2026-09-05T10:24:51.878712+00:00,2020-12-20T08:26:33Z,4,{},"[""wheelchair=yes""]","[""no_recorded_accessibility_survey_date""]",Mo-Fr 09:00-20:30,,False,-6.1155037,106.7807605,{},"Periksa pintu masuk, kondisi fasilitas, hambatan, jam akses dan foto bertanggal di lapangan."
way/277664694,Central Park Mall,tag_supported_needs_review,not_verified,https://www.openstreetmap.org/way/277664694,batch-6.json,2026-09-05T10:24:51.878712+00:00,2026-08-19T01:39:08Z,26,{},"[""toilets:wheelchair=yes""]","[""wheelchair=limited"", ""no_recorded_accessibility_survey_date""]",Mo-Su 10:00-22:00,https://www.centralparkjakarta.com/,False,-6.1773629,106.790541,{},"Periksa pintu masuk, kondisi fasilitas, hambatan, jam akses dan foto bertanggal di lapangan."
way/293807197,Menteng Central,tag_supported_needs_review,not_verified,https://www.openstreetmap.org/way/293807197,batch-6.json,2026-09-05T10:24:51.878712+00:00,2024-05-26T18:32:27Z,6,{},"[""wheelchair=yes"", ""toilets:wheelchair=yes""]","[""toilets:access=customers"", ""no_recorded_accessibility_survey_date""]",,,False,-6.1966309,106.8283414,{},"Periksa pintu masuk, kondisi fasilitas, hambatan, jam akses dan foto bertanggal di lapangan."
way/298468878,Taman Pancasila,tag_supported,not_verified,https://www.openstreetmap.org/way/298468878,batch-6.json,2026-09-05T10:24:51.878712+00:00,2014-08-18T06:01:42Z,1,{},"[""wheelchair=yes""]","[""no_recorded_accessibility_survey_date""]",,,False,-6.1617008,106.9135422,{},"Periksa pintu masuk, kondisi fasilitas, hambatan, jam akses dan foto bertanggal di lapangan."
way/298468879,Taman NKRI,tag_supported,not_verified,https://www.openstreetmap.org/way/298468879,batch-6.json,2026-09-05T10:24:51.878712+00:00,2018-06-21T04:03:40Z,3,{},"[""wheelchair=yes""]","[""no_recorded_accessibility_survey_date""]",,,False,-6.1567492,106.9126716,{},"Periksa pintu masuk, kondisi fasilitas, hambatan, jam akses dan foto bertanggal di lapangan."
way/298469165,Taman,tag_supported,not_verified,https://www.openstreetmap.org/way/298469165,batch-6.json,2026-09-05T10:24:51.878712+00:00,2014-08-18T06:11:25Z,1,{},"[""wheelchair=yes""]","[""no_recorded_accessibility_survey_date""]",,,False,-6.1621191,106.9096387,{},"Periksa pintu masuk, kondisi fasilitas, hambatan, jam akses dan foto bertanggal di lapangan."
way/298469168,Taman,tag_supported,not_verified,https://www.openstreetmap.org/way/298469168,batch-6.json,2026-09-05T10:24:51.878712+00:00,2026-07-18T16:30:28Z,2,{},"[""wheelchair=yes""]","[""no_recorded_accessibility_survey_date""]",,,False,-6.1630428,106.9134913,{},"Periksa pintu masuk, kondisi fasilitas, hambatan, jam akses dan foto bertanggal di lapangan."
way/298470371,RPTRA Kelapa Puan,tag_supported,not_verified,https://www.openstreetmap.org/way/298470371,batch-6.json,2026-09-05T10:24:51.878712+00:00,2017-09-20T04:04:14Z,3,{},"[""wheelchair=yes""]","[""no_recorded_accessibility_survey_date""]",,,False,-6.1615875,106.9119568,{},"Periksa pintu masuk, kondisi fasilitas, hambatan, jam akses dan foto bertanggal di lapangan."
way/298471036,Taman,tag_supported,not_verified,https://www.openstreetmap.org/way/298471036,batch-6.json,2026-09-05T10:24:51.878712+00:00,2014-08-18T06:42:27Z,1,{},"[""wheelchair=yes""]","[""no_recorded_accessibility_survey_date""]",,,False,-6.1591537,106.9134936,{},"Periksa pintu masuk, kondisi fasilitas, hambatan, jam akses dan foto bertanggal di lapangan."
way/309562799,Mesjid Ar-Rahim,tag_supported,not_verified,https://www.openstreetmap.org/way/309562799,batch-6.json,2026-09-05T10:24:51.878712+00:00,2026-04-17T06:39:07Z,4,{},"[""wheelchair=yes""]","[""no_recorded_accessibility_survey_date""]",,,False,-6.4068376,106.7746942,{},"Periksa pintu masuk, kondisi fasilitas, hambatan, jam akses dan foto bertanggal di lapangan."
way/314131603,Puskesmas Semper Barat II,tag_supported,not_verified,https://www.openstreetmap.org/way/314131603,batch-6.json,2026-09-05T10:24:51.878712+00:00,2026-05-03T20:28:12Z,5,{},"[""wheelchair=yes""]","[""no_recorded_accessibility_survey_date""]",24/7,,False,-6.1359324,106.9216332,{},"Periksa pintu masuk, kondisi fasilitas, hambatan, jam akses dan foto bertanggal di lapangan."
way/315857307,Gedung A & B Rumah Sakit Pusat Otak Nasional Prof. Dr. dr. Mahar Mardjono Jakarta,tag_supported,not_verified,https://www.openstreetmap.org/way/315857307,batch-6.json,2026-09-05T10:24:51.878712+00:00,2026-02-24T18:07:55Z,10,"{""check_date"": ""2024-07-03""}","[""wheelchair=yes""]",[],,http://www.rspon.co.id/,False,-6.2466362,106.8704214,{},"Periksa pintu masuk, kondisi fasilitas, hambatan, jam akses dan foto bertanggal di lapangan."
way/315860221,Puskesmas Kelurahan Penjagalan,tag_supported,not_verified,https://www.openstreetmap.org/way/315860221,batch-6.json,2026-09-05T10:24:51.878712+00:00,2018-12-05T08:25:08Z,3,{},"[""wheelchair=yes""]","[""no_recorded_accessibility_survey_date""]",Mo-Su 09:00-22:00,,False,-6.1328504,106.7791993,{},"Periksa pintu masuk, kondisi fasilitas, hambatan, jam akses dan foto bertanggal di lapangan."
way/328302952,Kitchenette and Pizza E Birra,tag_supported_needs_review,not_verified,https://www.openstreetmap.org/way/328302952,batch-6.json,2026-09-05T10:24:51.878712+00:00,2023-12-07T12:54:54Z,11,{},"[""wheelchair=yes""]","[""toilets:access=customers"", ""indoor_or_level_requires_entrance_check"", ""no_recorded_accessibility_survey_date""]","Su-Th 10:00-23:00, Fr-Sa 10:00-00:00",,False,-6.1767807,106.7908911,{},"Periksa pintu masuk, kondisi fasilitas, hambatan, jam akses dan foto bertanggal di lapangan."
way/334965555,Masjid At Taqwa,tag_supported,not_verified,https://www.openstreetmap.org/way/334965555,batch-6.json,2026-09-05T10:24:51.878712+00:00,2022-12-14T17:25:14Z,3,{},"[""wheelchair=designated""]","[""no_recorded_accessibility_survey_date""]",,,False,-6.2525094,106.7083437,{},"Periksa pintu masuk, kondisi fasilitas, hambatan, jam akses dan foto bertanggal di lapangan."
way/334982120,Rumah Sakit Umum & Pekerja,tag_supported,not_verified,https://www.openstreetmap.org/way/334982120,batch-6.json,2026-09-05T10:24:51.878712+00:00,2023-02-21T04:01:55Z,5,{},"[""wheelchair=yes""]","[""no_recorded_accessibility_survey_date""]",24/7,,False,-6.1455012,106.923865,{},"Periksa pintu masuk, kondisi fasilitas, hambatan, jam akses dan foto bertanggal di lapangan."
way/357291867,Gedung E RIK,tag_supported,not_verified,https://www.openstreetmap.org/way/357291867,batch-6.json,2026-09-05T10:24:51.878712+00:00,2016-08-13T16:25:16Z,2,{},"[""wheelchair=yes""]","[""no_recorded_accessibility_survey_date""]",,,False,-6.3695474,106.8300943,{},"Periksa pintu masuk, kondisi fasilitas, hambatan, jam akses dan foto bertanggal di lapangan."
way/361661476,Masjid Raya Bani Umar,tag_supported,not_verified,https://www.openstreetmap.org/way/361661476,batch-6.json,2026-09-05T10:24:51.878712+00:00,2023-02-21T05:51:02Z,4,{},"[""wheelchair=yes""]","[""no_recorded_accessibility_survey_date""]",,,False,-6.2703643,106.6891691,{},"Periksa pintu masuk, kondisi fasilitas, hambatan, jam akses dan foto bertanggal di lapangan."
way/401969868,Universitas Indonesia,tag_supported,not_verified,https://www.openstreetmap.org/way/401969868,batch-6.json,2026-09-05T10:24:51.878712+00:00,2026-06-29T10:49:24Z,15,{},"[""wheelchair=yes""]","[""no_recorded_accessibility_survey_date""]",,https://www.ui.ac.id/,False,-6.360529,106.8260881,{},"Periksa pintu masuk, kondisi fasilitas, hambatan, jam akses dan foto bertanggal di lapangan."
way/428699461,KFC,tag_supported,not_verified,https://www.openstreetmap.org/way/428699461,batch-6.json,2026-09-05T10:24:51.878712+00:00,2021-10-25T05:44:16Z,3,{},"[""wheelchair=yes""]","[""no_recorded_accessibility_survey_date""]",,,False,-6.1982749,106.7975311,{},"Periksa pintu masuk, kondisi fasilitas, hambatan, jam akses dan foto bertanggal di lapangan."
way/473314060,Harper Hotel MT. Haryono,tag_supported,not_verified,https://www.openstreetmap.org/way/473314060,batch-6.json,2026-09-05T10:24:51.878712+00:00,2024-10-15T15:28:59Z,5,{},"[""wheelchair=yes""]","[""no_recorded_accessibility_survey_date""]",,,False,-6.2453145,106.8723644,{},"Periksa pintu masuk, kondisi fasilitas, hambatan, jam akses dan foto bertanggal di lapangan."
way/481722154,Institut Français d'Indonésie,tag_supported,not_verified,https://www.openstreetmap.org/way/481722154,batch-6.json,2026-09-05T10:24:51.878712+00:00,2023-09-03T10:48:04Z,5,{},"[""wheelchair=yes""]","[""no_recorded_accessibility_survey_date""]",,https://ifi-id.com/,False,-6.1891082,106.8234268,{},"Periksa pintu masuk, kondisi fasilitas, hambatan, jam akses dan foto bertanggal di lapangan."
way/481901364,,tag_supported,not_verified,https://www.openstreetmap.org/way/481901364,batch-6.json,2026-09-05T10:24:51.878712+00:00,2022-01-07T01:04:21Z,2,{},"[""tactile_paving=yes""]","[""no_recorded_accessibility_survey_date"", ""unnamed_object""]",,,False,-6.2101204,106.8506686,{},"Periksa pintu masuk, kondisi fasilitas, hambatan, jam akses dan foto bertanggal di lapangan."
way/482353598,,tag_supported,not_verified,https://www.openstreetmap.org/way/482353598,batch-6.json,2026-09-05T10:24:51.878712+00:00,2026-04-30T01:35:33Z,8,{},"[""wheelchair=yes"", ""toilets:wheelchair=yes""]","[""no_recorded_accessibility_survey_date"", ""unnamed_object""]",,,False,-6.2282997,106.8580872,{},"Periksa pintu masuk, kondisi fasilitas, hambatan, jam akses dan foto bertanggal di lapangan."
way/482367920,Gallery kemang 58,tag_supported,not_verified,https://www.openstreetmap.org/way/482367920,batch-6.json,2026-09-05T10:24:51.878712+00:00,2017-05-06T11:30:43Z,2,{},"[""wheelchair=yes""]","[""no_recorded_accessibility_survey_date""]",10:00-20:00,http://artgallerykemang58.com/,False,-6.2635701,106.8158987,{},"Periksa pintu masuk, kondisi fasilitas, hambatan, jam akses dan foto bertanggal di lapangan."
way/483079612,The Sultan Hotel Jakarta,tag_supported,not_verified,https://www.openstreetmap.org/way/483079612,batch-6.json,2026-09-05T10:24:51.878712+00:00,2024-05-04T06:27:21Z,5,"{""check_date"": ""2023-10-08""}","[""wheelchair=yes""]",[],,https://www.sultanjakarta.com,False,-6.2182995,106.8097331,{},"Periksa pintu masuk, kondisi fasilitas, hambatan, jam akses dan foto bertanggal di lapangan."
way/486501247,Perpustakaan Goethe-Institut,tag_supported,not_verified,https://www.openstreetmap.org/way/486501247,batch-6.json,2026-09-05T10:24:51.878712+00:00,2023-03-28T10:15:52Z,3,{},"[""wheelchair=yes""]","[""no_recorded_accessibility_survey_date""]",,https://www.goethe.de/ins/id/en/sta/jak/bib.html,False,-6.1899586,106.8312312,{},"Periksa pintu masuk, kondisi fasilitas, hambatan, jam akses dan foto bertanggal di lapangan."
way/487355452,BNI,tag_supported,not_verified,https://www.openstreetmap.org/way/487355452,batch-6.json,2026-09-05T10:24:51.878712+00:00,2025-06-09T08:56:07Z,2,{},"[""wheelchair=yes""]","[""no_recorded_accessibility_survey_date""]",,,False,-6.1838602,106.8245433,{},"Periksa pintu masuk, kondisi fasilitas, hambatan, jam akses dan foto bertanggal di lapangan."
way/487355453,Kopi Oey,tag_supported,not_verified,https://www.openstreetmap.org/way/487355453,batch-6.json,2026-09-05T10:24:51.878712+00:00,2025-06-09T08:56:07Z,2,"{""check_date"": ""2022-10-27""}","[""wheelchair=yes""]",[],,,False,-6.1837608,106.8245342,{},"Periksa pintu masuk, kondisi fasilitas, hambatan, jam akses dan foto bertanggal di lapangan."
way/487378284,Poliklinik RS Pelni,tag_supported,not_verified,https://www.openstreetmap.org/way/487378284,batch-6.json,2026-09-05T10:24:51.878712+00:00,2026-02-09T04:07:34Z,8,{},"[""wheelchair=designated""]","[""no_recorded_accessibility_survey_date""]","Mo-Su,PH 04:00-19:30+",,False,-6.1932546,106.8044833,{},"Periksa pintu masuk, kondisi fasilitas, hambatan, jam akses dan foto bertanggal di lapangan."
way/489530522,Tifolia Apartment,tag_supported,not_verified,https://www.openstreetmap.org/way/489530522,batch-6.json,2026-09-05T10:24:51.878712+00:00,2025-07-10T11:21:37Z,4,{},"[""wheelchair=yes""]","[""no_recorded_accessibility_survey_date""]",,,False,-6.1753512,106.8927097,{},"Periksa pintu masuk, kondisi fasilitas, hambatan, jam akses dan foto bertanggal di lapangan."
way/491491484,BP,tag_supported,not_verified,https://www.openstreetmap.org/way/491491484,batch-6.json,2026-09-05T10:24:51.878712+00:00,2024-05-04T13:26:18Z,3,{},"[""wheelchair=designated""]","[""no_recorded_accessibility_survey_date""]",24/7,,False,-6.1776781,106.7289656,{},"Periksa pintu masuk, kondisi fasilitas, hambatan, jam akses dan foto bertanggal di lapangan."
way/492535915,RSUD Tarakan,tag_supported,not_verified,https://www.openstreetmap.org/way/492535915,batch-6.json,2026-09-05T10:24:51.878712+00:00,2024-05-10T14:17:05Z,7,{},"[""wheelchair=yes""]","[""no_recorded_accessibility_survey_date""]",24/7,,False,-6.1716313,106.8103422,{},"Periksa pintu masuk, kondisi fasilitas, hambatan, jam akses dan foto bertanggal di lapangan."
way/492902097,Sabang 16,tag_supported,not_verified,https://www.openstreetmap.org/way/492902097,batch-6.json,2026-09-05T10:24:51.878712+00:00,2025-06-09T08:56:07Z,2,"{""check_date"": ""2023-10-11""}","[""wheelchair=yes""]",[],,,False,-6.1835794,106.8245174,{},"Periksa pintu masuk, kondisi fasilitas, hambatan, jam akses dan foto bertanggal di lapangan."
way/495395058,Heaven (d/h Dharmais),tag_supported,not_verified,https://www.openstreetmap.org/way/495395058,batch-6.json,2026-09-05T10:24:51.878712+00:00,2026-06-22T07:38:40Z,5,{},"[""wheelchair=yes""]","[""no_recorded_accessibility_survey_date""]",,,False,-6.1872519,106.7985534,{},"Periksa pintu masuk, kondisi fasilitas, hambatan, jam akses dan foto bertanggal di lapangan."
way/495402154,Food Court BINUS Kijang,tag_supported,not_verified,https://www.openstreetmap.org/way/495402154,batch-6.json,2026-09-05T10:24:51.878712+00:00,2019-11-22T06:53:27Z,3,{},"[""wheelchair=yes""]","[""no_recorded_accessibility_survey_date""]",,,False,-6.1933746,106.7880019,{},"Periksa pintu masuk, kondisi fasilitas, hambatan, jam akses dan foto bertanggal di lapangan."
way/496829710,Kantor Kelurahan Petamburan,tag_supported,not_verified,https://www.openstreetmap.org/way/496829710,batch-6.json,2026-09-05T10:24:51.878712+00:00,2018-11-07T15:37:55Z,5,{},"[""wheelchair=yes""]","[""no_recorded_accessibility_survey_date""]","Mo-Th 08:30-16:00, Fr 08:30-16:30",,False,-6.1930357,106.8079305,{},"Periksa pintu masuk, kondisi fasilitas, hambatan, jam akses dan foto bertanggal di lapangan."
way/497105904,Millennium Hotel Sirih Jakarta,tag_supported,not_verified,https://www.openstreetmap.org/way/497105904,batch-6.json,2026-09-05T10:24:51.878712+00:00,2024-12-12T12:57:17Z,3,{},"[""wheelchair=yes""]","[""no_recorded_accessibility_survey_date""]",,,False,-6.1826864,106.8168724,{},"Periksa pintu masuk, kondisi fasilitas, hambatan, jam akses dan foto bertanggal di lapangan."
way/498152408,Cimon Resto & Coffee,tag_supported,not_verified,https://www.openstreetmap.org/way/498152408,batch-6.json,2026-09-05T10:24:51.878712+00:00,2026-03-19T07:04:27Z,2,{},"[""wheelchair=yes""]","[""no_recorded_accessibility_survey_date""]",,,False,-6.2046787,106.816667,{},"Periksa pintu masuk, kondisi fasilitas, hambatan, jam akses dan foto bertanggal di lapangan."
way/498420510,Dokter Susanti R.Wijayamala,tag_supported,not_verified,https://www.openstreetmap.org/way/498420510,batch-6.json,2026-09-05T10:24:51.878712+00:00,2018-12-12T05:24:42Z,3,{},"[""wheelchair=yes""]","[""no_recorded_accessibility_survey_date""]",Mo-Sa 17:00-20:00,,False,-6.1431317,106.8631811,{},"Periksa pintu masuk, kondisi fasilitas, hambatan, jam akses dan foto bertanggal di lapangan."
way/498439150,Rumah Sakit Mata Primasana,tag_supported,not_verified,https://www.openstreetmap.org/way/498439150,batch-6.json,2026-09-05T10:24:51.878712+00:00,2018-12-04T09:26:21Z,3,{},"[""wheelchair=yes""]","[""no_recorded_accessibility_survey_date""]",24/7,,False,-6.1142804,106.8897867,{},"Periksa pintu masuk, kondisi fasilitas, hambatan, jam akses dan foto bertanggal di lapangan."
way/498718722,Klinik Vidya Medika,tag_supported,not_verified,https://www.openstreetmap.org/way/498718722,batch-6.json,2026-09-05T10:24:51.878712+00:00,2018-12-04T07:31:43Z,2,{},"[""wheelchair=yes""]","[""no_recorded_accessibility_survey_date""]",Mo-Sa 09:00-21:00,,False,-6.1108621,106.8826638,{},"Periksa pintu masuk, kondisi fasilitas, hambatan, jam akses dan foto bertanggal di lapangan."
way/498733360,Klinik Pratama,tag_supported,not_verified,https://www.openstreetmap.org/way/498733360,batch-6.json,2026-09-05T10:24:51.878712+00:00,2018-12-04T09:26:21Z,5,{},"[""wheelchair=yes""]","[""no_recorded_accessibility_survey_date""]",24/7,,False,-6.1117953,106.8852553,{},"Periksa pintu masuk, kondisi fasilitas, hambatan, jam akses dan foto bertanggal di lapangan."
way/499506122,Puskesmas Karang Kitri,tag_supported,not_verified,https://www.openstreetmap.org/way/499506122,batch-6.json,2026-09-05T10:24:51.878712+00:00,2026-05-01T13:10:18Z,6,{},"[""wheelchair=yes""]","[""no_recorded_accessibility_survey_date""]",,,False,-6.2578068,107.0111903,{},"Periksa pintu masuk, kondisi fasilitas, hambatan, jam akses dan foto bertanggal di lapangan."
way/499785932,Puskesmas Kelurahan Sunter Jaya I,tag_supported,not_verified,https://www.openstreetmap.org/way/499785932,batch-6.json,2026-09-05T10:24:51.878712+00:00,2024-05-04T08:27:47Z,4,{},"[""wheelchair=yes""]","[""no_recorded_accessibility_survey_date""]",08:00-14:00,,False,-6.1554583,106.8665461,{},"Periksa pintu masuk, kondisi fasilitas, hambatan, jam akses dan foto bertanggal di lapangan."
way/500346192,Gereja Kristen Jawa Joglo,tag_supported,not_verified,https://www.openstreetmap.org/way/500346192,batch-6.json,2026-09-05T10:24:51.878712+00:00,2026-07-07T06:55:14Z,2,{},"[""wheelchair=designated""]","[""no_recorded_accessibility_survey_date""]",,https://www.gkjjoglo.com/,False,-6.2193944,106.7517534,{},"Periksa pintu masuk, kondisi fasilitas, hambatan, jam akses dan foto bertanggal di lapangan."
way/501462784,Indomaret,tag_supported,not_verified,https://www.openstreetmap.org/way/501462784,batch-6.json,2026-09-05T10:24:51.878712+00:00,2026-05-02T16:00:49Z,6,{},"[""wheelchair=yes""]","[""no_recorded_accessibility_survey_date""]",24/7,https://www.klikindomaret.com,False,-6.4110536,106.8640832,{},"Periksa pintu masuk, kondisi fasilitas, hambatan, jam akses dan foto bertanggal di lapangan."
way/503162608,PT Transportasi Jakarta,tag_supported,not_verified,https://www.openstreetmap.org/way/503162608,batch-6.json,2026-09-05T10:24:51.878712+00:00,2023-03-31T16:43:31Z,2,{},"[""wheelchair=yes""]","[""no_recorded_accessibility_survey_date""]",,,False,-6.2542422,106.8762471,{},"Periksa pintu masuk, kondisi fasilitas, hambatan, jam akses dan foto bertanggal di lapangan."
way/504321534,Warung Rokok Abdullah,tag_supported,not_verified,https://www.openstreetmap.org/way/504321534,batch-6.json,2026-09-05T10:24:51.878712+00:00,2018-04-12T09:21:51Z,2,{},"[""wheelchair=yes""]","[""no_recorded_accessibility_survey_date""]",24/7,,False,-6.2447805,107.108208,{},"Periksa pintu masuk, kondisi fasilitas, hambatan, jam akses dan foto bertanggal di lapangan."
way/504661804,Kantor Kelurahan Mekarjaya,tag_supported,not_verified,https://www.openstreetmap.org/way/504661804,batch-6.json,2026-09-05T10:24:51.878712+00:00,2023-02-14T13:45:55Z,3,{},"[""wheelchair=designated""]","[""no_recorded_accessibility_survey_date""]",,,False,-6.3867839,106.8426415,{},"Periksa pintu masuk, kondisi fasilitas, hambatan, jam akses dan foto bertanggal di lapangan."
way/505191398,KFC,tag_supported_needs_review,not_verified,https://www.openstreetmap.org/way/505191398,batch-6.json,2026-09-05T10:24:51.878712+00:00,2022-12-21T17:42:23Z,5,{},"[""wheelchair=yes""]","[""toilets:access=customers"", ""no_recorded_accessibility_survey_date""]",Mo-Su 07:00-22:00,,False,-6.2003472,106.7829435,{},"Periksa pintu masuk, kondisi fasilitas, hambatan, jam akses dan foto bertanggal di lapangan."
way/505801272,Jakarta Pusat Buah Segar Greenville,tag_supported,not_verified,https://www.openstreetmap.org/way/505801272,batch-6.json,2026-09-05T10:24:51.878712+00:00,2019-11-19T13:54:09Z,2,{},"[""wheelchair=yes""]","[""no_recorded_accessibility_survey_date""]",Mo-Su 08:00-22:00,,False,-6.1691519,106.7725392,{},"Periksa pintu masuk, kondisi fasilitas, hambatan, jam akses dan foto bertanggal di lapangan."
way/508065043,Sekolah Tarsisius II,tag_supported,not_verified,https://www.openstreetmap.org/way/508065043,batch-6.json,2026-09-05T10:24:51.878712+00:00,2023-02-17T02:32:05Z,3,{},"[""wheelchair=yes""]","[""no_recorded_accessibility_survey_date""]",,https://www.tarsisius2.sch.id,False,-6.1996486,106.7818238,{},"Periksa pintu masuk, kondisi fasilitas, hambatan, jam akses dan foto bertanggal di lapangan."
way/508346383,Masjid Jami Al-Barkah,tag_supported,not_verified,https://www.openstreetmap.org/way/508346383,batch-6.json,2026-09-05T10:24:51.878712+00:00,2022-12-14T18:44:45Z,3,{},"[""wheelchair=designated""]","[""no_recorded_accessibility_survey_date""]",,,False,-6.2432509,106.7079297,{},"Periksa pintu masuk, kondisi fasilitas, hambatan, jam akses dan foto bertanggal di lapangan."
way/509123105,Masjid Ar Ruuhul Jadiid,tag_supported,not_verified,https://www.openstreetmap.org/way/509123105,batch-6.json,2026-09-05T10:24:51.878712+00:00,2019-10-21T04:37:28Z,3,{},"[""wheelchair=yes""]","[""no_recorded_accessibility_survey_date""]",,,False,-6.2020913,106.7805601,{},"Periksa pintu masuk, kondisi fasilitas, hambatan, jam akses dan foto bertanggal di lapangan."
way/510902769,Della Dental Works - drg. Della Aurelia,tag_supported,not_verified,https://www.openstreetmap.org/way/510902769,batch-6.json,2026-09-05T10:24:51.878712+00:00,2026-08-23T03:39:39Z,3,{},"[""wheelchair=yes""]","[""no_recorded_accessibility_survey_date""]",10:00-20:00,https://delladentalworks.com,False,-6.1678644,106.7121758,{},"Periksa pintu masuk, kondisi fasilitas, hambatan, jam akses dan foto bertanggal di lapangan."
way/511412171,,tag_supported_needs_review,not_verified,https://www.openstreetmap.org/way/511412171,batch-6.json,2026-09-05T10:24:51.878712+00:00,2022-09-27T03:47:18Z,2,{},"[""wheelchair=yes"", ""amenity=toilets + wheelchair=yes""]","[""access=customers"", ""no_recorded_accessibility_survey_date"", ""unnamed_object""]",,,False,-6.1223322,106.8314971,{},"Periksa pintu masuk, kondisi fasilitas, hambatan, jam akses dan foto bertanggal di lapangan."
way/511657298,Balai Besar Kekarantinaan Kesehatan Tanjung Priok,tag_supported,not_verified,https://www.openstreetmap.org/way/511657298,batch-6.json,2026-09-05T10:24:51.878712+00:00,2026-07-02T05:37:53Z,6,{},"[""wheelchair=yes""]","[""no_recorded_accessibility_survey_date""]",,,False,-6.1117882,106.8748246,{},"Periksa pintu masuk, kondisi fasilitas, hambatan, jam akses dan foto bertanggal di lapangan."
way/511877645,Klinik Pertamedika,tag_supported,not_verified,https://www.openstreetmap.org/way/511877645,batch-6.json,2026-09-05T10:24:51.878712+00:00,2023-02-21T02:48:23Z,3,{},"[""wheelchair=yes""]","[""no_recorded_accessibility_survey_date""]",,,False,-6.1100315,106.8997691,{},"Periksa pintu masuk, kondisi fasilitas, hambatan, jam akses dan foto bertanggal di lapangan."
way/511880053,Dunia Sehat,tag_supported,not_verified,https://www.openstreetmap.org/way/511880053,batch-6.json,2026-09-05T10:24:51.878712+00:00,2023-02-21T04:31:00Z,3,{},"[""wheelchair=yes""]","[""no_recorded_accessibility_survey_date""]",Mo-Sa 08:00-23:00,,False,-6.1637863,106.9036296,{},"Periksa pintu masuk, kondisi fasilitas, hambatan, jam akses dan foto bertanggal di lapangan."
way/511895416,RPTRA Dupa Wangi,tag_supported,not_verified,https://www.openstreetmap.org/way/511895416,batch-6.json,2026-09-05T10:24:51.878712+00:00,2020-04-19T06:25:07Z,3,{},"[""wheelchair=yes""]","[""no_recorded_accessibility_survey_date""]",,,False,-6.1720116,106.775828,{},"Periksa pintu masuk, kondisi fasilitas, hambatan, jam akses dan foto bertanggal di lapangan."
way/511963744,SIS South Jakarta,tag_supported,not_verified,https://www.openstreetmap.org/way/511963744,batch-6.json,2026-09-05T10:24:51.878712+00:00,2025-10-29T13:37:46Z,5,{},"[""wheelchair=yes""]","[""no_recorded_accessibility_survey_date""]",,https://sisschools.org/,False,-6.3005056,106.7852424,{},"Periksa pintu masuk, kondisi fasilitas, hambatan, jam akses dan foto bertanggal di lapangan."
way/512706872,Klinik Pratama Sunter Medical Center,tag_supported,not_verified,https://www.openstreetmap.org/way/512706872,batch-6.json,2026-09-05T10:24:51.878712+00:00,2018-12-05T03:47:59Z,3,{},"[""wheelchair=yes""]","[""no_recorded_accessibility_survey_date""]",24/7,,False,-6.1570477,106.8666762,{},"Periksa pintu masuk, kondisi fasilitas, hambatan, jam akses dan foto bertanggal di lapangan."
way/513955899,Puskesmas Kelurahan Lagoa,tag_supported,not_verified,https://www.openstreetmap.org/way/513955899,batch-6.json,2026-09-05T10:24:51.878712+00:00,2024-05-11T01:00:52Z,4,{},"[""wheelchair=yes""]","[""no_recorded_accessibility_survey_date""]",,,False,-6.1130572,106.911244,{},"Periksa pintu masuk, kondisi fasilitas, hambatan, jam akses dan foto bertanggal di lapangan."
way/514055482,Yellow Car Wash,tag_supported,not_verified,https://www.openstreetmap.org/way/514055482,batch-6.json,2026-09-05T10:24:51.878712+00:00,2026-03-04T16:06:31Z,5,{},"[""wheelchair=yes""]","[""no_recorded_accessibility_survey_date""]",Mo-Su 07:00-00:00,,False,-6.1730284,106.7829845,{},"Periksa pintu masuk, kondisi fasilitas, hambatan, jam akses dan foto bertanggal di lapangan."
way/514074362,Posyandu Teratai Putih,tag_supported,not_verified,https://www.openstreetmap.org/way/514074362,batch-6.json,2026-09-05T10:24:51.878712+00:00,2024-05-11T01:00:52Z,5,{},"[""wheelchair=yes""]","[""no_recorded_accessibility_survey_date""]",08:00-10:00,,False,-6.1136054,106.8805465,{},"Periksa pintu masuk, kondisi fasilitas, hambatan, jam akses dan foto bertanggal di lapangan."
way/514074371,Rumah Sakit Port Medical Center,tag_supported,not_verified,https://www.openstreetmap.org/way/514074371,batch-6.json,2026-09-05T10:24:51.878712+00:00,2026-06-22T07:38:40Z,6,{},"[""wheelchair=yes""]","[""no_recorded_accessibility_survey_date""]",24/7,,False,-6.1104012,106.8893894,{},"Periksa pintu masuk, kondisi fasilitas, hambatan, jam akses dan foto bertanggal di lapangan."
way/514677663,RS Puri Medika,tag_supported,not_verified,https://www.openstreetmap.org/way/514677663,batch-6.json,2026-09-05T10:24:51.878712+00:00,2020-03-23T04:51:19Z,5,{},"[""wheelchair=yes""]","[""no_recorded_accessibility_survey_date""]",24/7,,False,-6.1291989,106.8901851,{},"Periksa pintu masuk, kondisi fasilitas, hambatan, jam akses dan foto bertanggal di lapangan."
way/514677664,RSIA SANTO YUSUF,tag_supported,not_verified,https://www.openstreetmap.org/way/514677664,batch-6.json,2026-09-05T10:24:51.878712+00:00,2018-12-04T08:08:29Z,2,{},"[""wheelchair=yes""]","[""no_recorded_accessibility_survey_date""]",24/7,,False,-6.1171014,106.881699,{},"Periksa pintu masuk, kondisi fasilitas, hambatan, jam akses dan foto bertanggal di lapangan."
way/514699811,Klinik Pratama Santo Yosef,tag_supported,not_verified,https://www.openstreetmap.org/way/514699811,batch-6.json,2026-09-05T10:24:51.878712+00:00,2023-02-21T04:25:36Z,3,{},"[""wheelchair=yes""]","[""no_recorded_accessibility_survey_date""]",24/7,,False,-6.1171293,106.8820109,{},"Periksa pintu masuk, kondisi fasilitas, hambatan, jam akses dan foto bertanggal di lapangan."
way/515581214,Puskesmas Rawa Badak Utara I,tag_supported,not_verified,https://www.openstreetmap.org/way/515581214,batch-6.json,2026-09-05T10:24:51.878712+00:00,2024-05-11T01:00:52Z,5,{},"[""wheelchair=yes""]","[""no_recorded_accessibility_survey_date""]",24/7,,False,-6.1193739,106.9010026,{},"Periksa pintu masuk, kondisi fasilitas, hambatan, jam akses dan foto bertanggal di lapangan."
way/516015315,Puskesmas Kelurahan Warakas,tag_supported,not_verified,https://www.openstreetmap.org/way/516015315,batch-6.json,2026-09-05T10:24:51.878712+00:00,2024-12-03T11:53:50Z,3,{},"[""wheelchair=yes""]","[""no_recorded_accessibility_survey_date""]",24/7,,False,-6.120705,106.8754876,{},"Periksa pintu masuk, kondisi fasilitas, hambatan, jam akses dan foto bertanggal di lapangan."
way/516015357,Klinik Velda,tag_supported,not_verified,https://www.openstreetmap.org/way/516015357,batch-6.json,2026-09-05T10:24:51.878712+00:00,2023-02-27T02:41:55Z,4,{},"[""wheelchair=yes""]","[""no_recorded_accessibility_survey_date""]",24/7,,False,-6.1193116,106.8745026,{},"Periksa pintu masuk, kondisi fasilitas, hambatan, jam akses dan foto bertanggal di lapangan."
way/516528309,Gereja GPIB Sejahtera,tag_supported,not_verified,https://www.openstreetmap.org/way/516528309,batch-6.json,2026-09-05T10:24:51.878712+00:00,2024-04-17T04:21:00Z,2,{},"[""wheelchair=yes""]","[""no_recorded_accessibility_survey_date""]",,https://www.gpibsejahterajkt.org,False,-6.2356972,106.7592817,{},"Periksa pintu masuk, kondisi fasilitas, hambatan, jam akses dan foto bertanggal di lapangan."
way/517115182,Rumah Sakit Royal Taruma,tag_supported,not_verified,https://www.openstreetmap.org/way/517115182,batch-6.json,2026-09-05T10:24:51.878712+00:00,2026-01-29T14:16:49Z,4,{},"[""wheelchair=yes""]","[""no_recorded_accessibility_survey_date""]",,,False,-6.1666566,106.7854227,{},"Periksa pintu masuk, kondisi fasilitas, hambatan, jam akses dan foto bertanggal di lapangan."
way/517559312,Rumah Sakit Umum Daerah (RSUD) Koja,tag_supported,not_verified,https://www.openstreetmap.org/way/517559312,batch-6.json,2026-09-05T10:24:51.878712+00:00,2018-12-05T08:41:11Z,4,{},"[""wheelchair=yes""]","[""no_recorded_accessibility_survey_date""]",24/7,,False,-6.1089611,106.9000678,{},"Periksa pintu masuk, kondisi fasilitas, hambatan, jam akses dan foto bertanggal di lapangan."
way/518174000,RSUD KECAMATAN TANJUNG PRIOK,tag_supported,not_verified,https://www.openstreetmap.org/way/518174000,batch-6.json,2026-09-05T10:24:51.878712+00:00,2018-12-04T09:26:22Z,2,{},"[""wheelchair=yes""]","[""no_recorded_accessibility_survey_date""]",24/7,,False,-6.1161747,106.8889959,{},"Periksa pintu masuk, kondisi fasilitas, hambatan, jam akses dan foto bertanggal di lapangan."
way/519469769,Puskesmas Kecamatan Koja,tag_supported,not_verified,https://www.openstreetmap.org/way/519469769,batch-6.json,2026-09-05T10:24:51.878712+00:00,2026-06-22T07:38:40Z,7,"{""check_date"": ""2023-03-06""}","[""wheelchair=yes""]",[],24/7,https://puskesmaskoja.jakarta.go.id,False,-6.1219114,106.913471,{},"Periksa pintu masuk, kondisi fasilitas, hambatan, jam akses dan foto bertanggal di lapangan."
way/519904459,Puskesmas Kecamatan Tanjung Priok,tag_supported,not_verified,https://www.openstreetmap.org/way/519904459,batch-6.json,2026-09-05T10:24:51.878712+00:00,2024-05-10T03:43:54Z,5,{},"[""wheelchair=yes""]","[""no_recorded_accessibility_survey_date""]","Mo-Th 07:30-16:00, Fr 07:30-16:30",,False,-6.1272065,106.8788044,{},"Periksa pintu masuk, kondisi fasilitas, hambatan, jam akses dan foto bertanggal di lapangan."
way/519904608,,tag_supported,not_verified,https://www.openstreetmap.org/way/519904608,batch-6.json,2026-09-05T10:24:51.878712+00:00,2023-11-04T16:53:22Z,4,{},"[""wheelchair=yes""]","[""no_recorded_accessibility_survey_date"", ""unnamed_object""]",,,False,-6.1298496,106.8623942,{},"Periksa pintu masuk, kondisi fasilitas, hambatan, jam akses dan foto bertanggal di lapangan."
way/521141278,Klinik Cempaka,tag_supported,not_verified,https://www.openstreetmap.org/way/521141278,batch-6.json,2026-09-05T10:24:51.878712+00:00,2019-10-30T04:39:27Z,4,{},"[""wheelchair=yes""]","[""no_recorded_accessibility_survey_date""]",08:00-22:00,,False,-6.1555874,106.863841,{},"Periksa pintu masuk, kondisi fasilitas, hambatan, jam akses dan foto bertanggal di lapangan."
way/521162526,Lion Parcel,tag_supported,not_verified,https://www.openstreetmap.org/way/521162526,batch-6.json,2026-09-05T10:24:51.878712+00:00,2019-04-25T12:25:46Z,2,{},"[""wheelchair=yes""]","[""no_recorded_accessibility_survey_date""]",,,False,-6.1759952,106.7994774,{},"Periksa pintu masuk, kondisi fasilitas, hambatan, jam akses dan foto bertanggal di lapangan."
way/521162527,Soto Betawi H. Mamat,tag_supported,not_verified,https://www.openstreetmap.org/way/521162527,batch-6.json,2026-09-05T10:24:51.878712+00:00,2019-04-25T12:25:46Z,2,{},"[""wheelchair=yes"", ""toilets:wheelchair=yes""]","[""no_recorded_accessibility_survey_date""]",,,False,-6.176095,106.7993532,{},"Periksa pintu masuk, kondisi fasilitas, hambatan, jam akses dan foto bertanggal di lapangan."
way/521457268,Jakarta Derma Clinic,tag_supported,not_verified,https://www.openstreetmap.org/way/521457268,batch-6.json,2026-09-05T10:24:51.878712+00:00,2023-02-21T02:56:29Z,3,{},"[""wheelchair=yes""]","[""no_recorded_accessibility_survey_date""]",Mo-Fr 10:00-20:00,,False,-6.1716574,106.8987035,{},"Periksa pintu masuk, kondisi fasilitas, hambatan, jam akses dan foto bertanggal di lapangan."
way/521481738,Pisang Goreng Madu Bu Nanik,tag_supported,not_verified,https://www.openstreetmap.org/way/521481738,batch-6.json,2026-09-05T10:24:51.878712+00:00,2026-03-04T16:06:31Z,6,{},"[""wheelchair=yes""]","[""no_recorded_accessibility_survey_date""]",Mo-Su 07:00-19:00,https://www.instagram.com/pisanggorengmadubunanik/,False,-6.1747407,106.7837823,{},"Periksa pintu masuk, kondisi fasilitas, hambatan, jam akses dan foto bertanggal di lapangan."
way/521481770,The Harvest,tag_supported,not_verified,https://www.openstreetmap.org/way/521481770,batch-6.json,2026-09-05T10:24:51.878712+00:00,2026-03-04T16:06:31Z,4,{},"[""wheelchair=yes""]","[""no_recorded_accessibility_survey_date""]",Mo-Su 08:00-22:00,https://harvestcakes.com/,False,-6.1742679,106.7833881,{},"Periksa pintu masuk, kondisi fasilitas, hambatan, jam akses dan foto bertanggal di lapangan."
way/521698286,Shop and Drive,tag_supported,not_verified,https://www.openstreetmap.org/way/521698286,batch-6.json,2026-09-05T10:24:51.878712+00:00,2026-03-08T15:56:51Z,3,{},"[""wheelchair=yes""]","[""no_recorded_accessibility_survey_date""]","Mo-Th,Sa-Su 09:00-22:00; PH closed",https://www.shopanddrive.com/,False,-6.1739594,106.7858896,{},"Periksa pintu masuk, kondisi fasilitas, hambatan, jam akses dan foto bertanggal di lapangan."
way/521973195,Fish Streat,tag_supported_needs_review,not_verified,https://www.openstreetmap.org/way/521973195,batch-6.json,2026-09-05T10:24:51.878712+00:00,2019-08-22T01:01:30Z,4,{},"[""wheelchair=yes""]","[""toilets:access=customers"", ""no_recorded_accessibility_survey_date""]",,,False,-6.173052,106.7847368,{},"Periksa pintu masuk, kondisi fasilitas, hambatan, jam akses dan foto bertanggal di lapangan."
way/522047495,Dokter Diah S. Wiryono,tag_supported,not_verified,https://www.openstreetmap.org/way/522047495,batch-6.json,2026-09-05T10:24:51.878712+00:00,2018-12-12T05:24:44Z,3,{},"[""wheelchair=yes""]","[""no_recorded_accessibility_survey_date""]",Mo-Fr 17:00-21:00,,False,-6.1127954,106.8831967,{},"Periksa pintu masuk, kondisi fasilitas, hambatan, jam akses dan foto bertanggal di lapangan."
way/522438785,Praktek Dokter Umum dr. Andy,tag_supported,not_verified,https://www.openstreetmap.org/way/522438785,batch-6.json,2026-09-05T10:24:51.878712+00:00,2018-12-12T05:24:44Z,3,{},"[""wheelchair=yes""]","[""no_recorded_accessibility_survey_date""]",Mo-Sa 16:00-21:00,,False,-6.1394764,106.8416408,{},"Periksa pintu masuk, kondisi fasilitas, hambatan, jam akses dan foto bertanggal di lapangan."
way/523618825,Bank Central Asia,tag_supported,not_verified,https://www.openstreetmap.org/way/523618825,batch-6.json,2026-09-05T10:24:51.878712+00:00,2024-05-04T13:42:49Z,4,{},"[""wheelchair=yes""]","[""no_recorded_accessibility_survey_date""]",,,False,-6.1730794,106.7770819,{},"Periksa pintu masuk, kondisi fasilitas, hambatan, jam akses dan foto bertanggal di lapangan."
way/524561410,Puskesmas Kelurahan Pluit,tag_supported,not_verified,https://www.openstreetmap.org/way/524561410,batch-6.json,2026-09-05T10:24:51.878712+00:00,2026-05-03T20:15:43Z,5,{},"[""wheelchair=yes""]","[""no_recorded_accessibility_survey_date""]",Mo-Sa 10:00-20:00,,False,-6.1121118,106.7711035,{},"Periksa pintu masuk, kondisi fasilitas, hambatan, jam akses dan foto bertanggal di lapangan."
way/524571822,PIK Avenue,tag_supported,not_verified,https://www.openstreetmap.org/way/524571822,batch-6.json,2026-09-05T10:24:51.878712+00:00,2026-05-13T13:41:12Z,8,{},"[""wheelchair=yes""]","[""no_recorded_accessibility_survey_date""]",Mo-Su 10:00-22:00,,False,-6.1091317,106.7404816,{},"Periksa pintu masuk, kondisi fasilitas, hambatan, jam akses dan foto bertanggal di lapangan."
way/524575649,Rumah Sakit Umum Pademangan,tag_supported,not_verified,https://www.openstreetmap.org/way/524575649,batch-6.json,2026-09-05T10:24:51.878712+00:00,2024-05-10T23:34:04Z,5,{},"[""wheelchair=yes""]","[""no_recorded_accessibility_survey_date""]",,,False,-6.1328075,106.840291,{},"Periksa pintu masuk, kondisi fasilitas, hambatan, jam akses dan foto bertanggal di lapangan."
way/524850411,Puskesmas Pademangan Barat II,tag_supported,not_verified,https://www.openstreetmap.org/way/524850411,batch-6.json,2026-09-05T10:24:51.878712+00:00,2024-05-10T03:43:54Z,3,{},"[""wheelchair=yes""]","[""no_recorded_accessibility_survey_date""]",24/7,,False,-6.1354345,106.8379166,{},"Periksa pintu masuk, kondisi fasilitas, hambatan, jam akses dan foto bertanggal di lapangan."
way/524850424,,tag_supported,not_verified,https://www.openstreetmap.org/way/524850424,batch-6.json,2026-09-05T10:24:51.878712+00:00,2018-12-05T06:46:05Z,3,{},"[""wheelchair=yes""]","[""no_recorded_accessibility_survey_date"", ""unnamed_object""]",Mo-Su 16:30-20:30,,False,-6.1355261,106.838681,{},"Periksa pintu masuk, kondisi fasilitas, hambatan, jam akses dan foto bertanggal di lapangan."
way/525515460,Rumah Sakit Atma Jaya,tag_supported,not_verified,https://www.openstreetmap.org/way/525515460,batch-6.json,2026-09-05T10:24:51.878712+00:00,2023-02-21T03:32:06Z,6,{},"[""wheelchair=yes""]","[""no_recorded_accessibility_survey_date""]",24/7,,False,-6.1262799,106.7929855,{},"Periksa pintu masuk, kondisi fasilitas, hambatan, jam akses dan foto bertanggal di lapangan."
way/525570437,Praktek Dokter Umum dr. Devy,tag_supported,not_verified,https://www.openstreetmap.org/way/525570437,batch-6.json,2026-09-05T10:24:51.878712+00:00,2018-12-12T05:24:45Z,3,{},"[""wheelchair=yes""]","[""no_recorded_accessibility_survey_date""]","Mo-Fr 07:00-11:00,16:00-20:00",,False,-6.135785,106.8424907,{},"Periksa pintu masuk, kondisi fasilitas, hambatan, jam akses dan foto bertanggal di lapangan."
way/525766019,Rumah Sakit Duta Indah,tag_supported,not_verified,https://www.openstreetmap.org/way/525766019,batch-6.json,2026-09-05T10:24:51.878712+00:00,2018-12-05T08:25:08Z,2,{},"[""wheelchair=yes""]","[""no_recorded_accessibility_survey_date""]",24/7,,False,-6.1385261,106.783809,{},"Periksa pintu masuk, kondisi fasilitas, hambatan, jam akses dan foto bertanggal di lapangan."
way/525830969,Apotek Mitra Sehat,tag_supported,not_verified,https://www.openstreetmap.org/way/525830969,batch-6.json,2026-09-05T10:24:51.878712+00:00,2018-12-05T06:46:05Z,2,{},"[""wheelchair=yes""]","[""no_recorded_accessibility_survey_date""]",,,False,-6.1357497,106.8329445,{},"Periksa pintu masuk, kondisi fasilitas, hambatan, jam akses dan foto bertanggal di lapangan."
way/526051882,Rumah Sakit Islam Jakarta,tag_supported,not_verified,https://www.openstreetmap.org/way/526051882,batch-6.json,2026-09-05T10:24:51.878712+00:00,2021-03-16T04:24:39Z,3,{},"[""wheelchair=yes""]","[""no_recorded_accessibility_survey_date""]",,,False,-6.13979,106.9207828,{},"Periksa pintu masuk, kondisi fasilitas, hambatan, jam akses dan foto bertanggal di lapangan."
way/526051913,Puskesmas Kecamatan Cilincing,tag_supported,not_verified,https://www.openstreetmap.org/way/526051913,batch-6.json,2026-09-05T10:24:51.878712+00:00,2023-02-21T04:16:05Z,3,{},"[""wheelchair=yes""]","[""no_recorded_accessibility_survey_date""]",Mo-Su 08:00-16:00,,False,-6.1483289,106.9242106,{},"Periksa pintu masuk, kondisi fasilitas, hambatan, jam akses dan foto bertanggal di lapangan."
way/526081060,Rumah Sakit Firdaus,tag_supported,not_verified,https://www.openstreetmap.org/way/526081060,batch-6.json,2026-09-05T10:24:51.878712+00:00,2026-06-25T22:58:44Z,4,{},"[""wheelchair=yes""]","[""no_recorded_accessibility_survey_date""]",24/7,,False,-6.1561392,106.9230698,{},"Periksa pintu masuk, kondisi fasilitas, hambatan, jam akses dan foto bertanggal di lapangan."
way/526123125,Praktek Dokter Umum Dokter Halim,tag_supported,not_verified,https://www.openstreetmap.org/way/526123125,batch-6.json,2026-09-05T10:24:51.878712+00:00,2018-12-12T05:24:45Z,3,{},"[""wheelchair=yes""]","[""no_recorded_accessibility_survey_date""]",17:00-20:00,,False,-6.1337456,106.8440172,{},"Periksa pintu masuk, kondisi fasilitas, hambatan, jam akses dan foto bertanggal di lapangan."
way/526636683,Puskesmas Kelurahan Kali Baru,tag_supported,not_verified,https://www.openstreetmap.org/way/526636683,batch-6.json,2026-09-05T10:24:51.878712+00:00,2024-05-11T01:05:17Z,4,{},"[""wheelchair=yes""]","[""no_recorded_accessibility_survey_date""]",Mo-Sa 08:00-16:00,,False,-6.1018981,106.9291477,{},"Periksa pintu masuk, kondisi fasilitas, hambatan, jam akses dan foto bertanggal di lapangan."
way/526701941,Rumah Sakit Hermina Podomoro,tag_supported,not_verified,https://www.openstreetmap.org/way/526701941,batch-6.json,2026-09-05T10:24:51.878712+00:00,2020-03-30T10:04:58Z,4,{},"[""wheelchair=yes""]","[""no_recorded_accessibility_survey_date""]",24/7,,False,-6.1455484,106.8613679,{},"Periksa pintu masuk, kondisi fasilitas, hambatan, jam akses dan foto bertanggal di lapangan."
way/526701955,Rumah Sakit Royal Progress,tag_supported,not_verified,https://www.openstreetmap.org/way/526701955,batch-6.json,2026-09-05T10:24:51.878712+00:00,2020-03-24T07:48:04Z,3,{},"[""wheelchair=yes""]","[""no_recorded_accessibility_survey_date""]",24/7,,False,-6.1394485,106.8654705,{},"Periksa pintu masuk, kondisi fasilitas, hambatan, jam akses dan foto bertanggal di lapangan."
way/527415739,Shell,tag_supported,not_verified,https://www.openstreetmap.org/way/527415739,batch-6.json,2026-09-05T10:24:51.878712+00:00,2024-05-04T13:26:18Z,3,{},"[""wheelchair=yes""]","[""no_recorded_accessibility_survey_date""]",24/7,,False,-6.1786839,106.7290679,{},"Periksa pintu masuk, kondisi fasilitas, hambatan, jam akses dan foto bertanggal di lapangan."
way/528008117,Toko Kopi TUKU - Bintaro,tag_supported,not_verified,https://www.openstreetmap.org/way/528008117,batch-6.json,2026-09-05T10:24:51.878712+00:00,2026-05-03T19:31:57Z,6,"{""check_date"": ""2026-02-12""}","[""wheelchair=yes""]",[],Mo-Su 07:00-21:00,https://tuku.coffee/,False,-6.2697697,106.7545502,{},"Periksa pintu masuk, kondisi fasilitas, hambatan, jam akses dan foto bertanggal di lapangan."
way/528379762,Puskesmas Kelurahan Sunter Jaya II,tag_supported,not_verified,https://www.openstreetmap.org/way/528379762,batch-6.json,2026-09-05T10:24:51.878712+00:00,2024-07-09T02:46:58Z,3,{},"[""wheelchair=yes""]","[""no_recorded_accessibility_survey_date""]",24/7,,False,-6.1526378,106.8718866,{},"Periksa pintu masuk, kondisi fasilitas, hambatan, jam akses dan foto bertanggal di lapangan."
way/529341836,Goodrich Suites,tag_supported,not_verified,https://www.openstreetmap.org/way/529341836,batch-6.json,2026-09-05T10:24:51.878712+00:00,2023-09-27T14:17:25Z,3,"{""check_date"": ""2023-09-27""}","[""wheelchair=yes""]",[],,https://goodrichsuites.com,False,-6.2644627,106.8087091,{},"Periksa pintu masuk, kondisi fasilitas, hambatan, jam akses dan foto bertanggal di lapangan."
way/529457492,Klinik Almira Medika,tag_supported,not_verified,https://www.openstreetmap.org/way/529457492,batch-6.json,2026-09-05T10:24:51.878712+00:00,2018-12-04T06:37:07Z,2,{},"[""wheelchair=yes""]","[""no_recorded_accessibility_survey_date""]",Mo-Su 16:00-21:00,,False,-6.1172367,106.8740146,{},"Periksa pintu masuk, kondisi fasilitas, hambatan, jam akses dan foto bertanggal di lapangan."
way/532106110,Optik dan Dokter Gigi Sejahtera,tag_supported,not_verified,https://www.openstreetmap.org/way/532106110,batch-6.json,2026-09-05T10:24:51.878712+00:00,2023-02-21T03:19:51Z,3,{},"[""wheelchair=yes""]","[""no_recorded_accessibility_survey_date""]",Mo-Sa 10:00-21:00,,False,-6.1399939,106.8596673,{},"Periksa pintu masuk, kondisi fasilitas, hambatan, jam akses dan foto bertanggal di lapangan."
way/538319726,Plaza Indonesia,tag_supported,not_verified,https://www.openstreetmap.org/way/538319726,batch-6.json,2026-09-05T10:24:51.878712+00:00,2026-08-15T18:26:41Z,14,{},"[""wheelchair=yes""]","[""no_recorded_accessibility_survey_date""]",Mo-Su 10:00-22:00,,False,-6.1934514,106.8218829,{},"Periksa pintu masuk, kondisi fasilitas, hambatan, jam akses dan foto bertanggal di lapangan."
way/555005856,Taman Asri Park,tag_supported,not_verified,https://www.openstreetmap.org/way/555005856,batch-6.json,2026-09-05T10:24:51.878712+00:00,2020-03-05T05:47:30Z,3,{},"[""wheelchair=yes""]","[""no_recorded_accessibility_survey_date""]",,,False,-6.2451633,106.7318004,{},"Periksa pintu masuk, kondisi fasilitas, hambatan, jam akses dan foto bertanggal di lapangan."
way/563917065,Eco Skywalk,tag_supported_needs_review,not_verified,https://www.openstreetmap.org/way/563917065,batch-6.json,2026-09-05T10:24:51.878712+00:00,2026-05-07T22:17:13Z,9,{},"[""wheelchair=yes""]","[""indoor_or_level_requires_entrance_check"", ""no_recorded_accessibility_survey_date""]",,,False,-6.1766283,106.7904451,{},"Periksa pintu masuk, kondisi fasilitas, hambatan, jam akses dan foto bertanggal di lapangan."
way/564196321,Super Indo,tag_supported,not_verified,https://www.openstreetmap.org/way/564196321,batch-6.json,2026-09-05T10:24:51.878712+00:00,2026-06-18T15:06:43Z,10,{},"[""wheelchair=yes""]","[""no_recorded_accessibility_survey_date""]",08:00-21:00,,False,-6.3137658,106.7001542,{},"Periksa pintu masuk, kondisi fasilitas, hambatan, jam akses dan foto bertanggal di lapangan."
way/652175771,Klinik Pratama,tag_supported,not_verified,https://www.openstreetmap.org/way/652175771,batch-6.json,2026-09-05T10:24:51.878712+00:00,2023-02-21T03:34:33Z,2,{},"[""wheelchair=yes""]","[""no_recorded_accessibility_survey_date""]",Mo-Sa 09:00-19:00,,False,-6.1424122,106.8627247,{},"Periksa pintu masuk, kondisi fasilitas, hambatan, jam akses dan foto bertanggal di lapangan."
way/652581662,Bidan Musripah,tag_supported,not_verified,https://www.openstreetmap.org/way/652581662,batch-6.json,2026-09-05T10:24:51.878712+00:00,2018-12-05T06:46:03Z,1,{},"[""wheelchair=yes""]","[""no_recorded_accessibility_survey_date""]",24/7,,False,-6.1344347,106.8362736,{},"Periksa pintu masuk, kondisi fasilitas, hambatan, jam akses dan foto bertanggal di lapangan."
way/652989473,Rumah Duka Grand Heaven,tag_supported_needs_review,not_verified,https://www.openstreetmap.org/way/652989473,batch-6.json,2026-09-05T10:24:51.878712+00:00,2019-06-03T17:19:18Z,2,{},"[""wheelchair=designated"", ""toilets:wheelchair=yes""]","[""toilets:access=customers"", ""no_recorded_accessibility_survey_date""]",24/7,https://heaven.co.id,False,-6.1278034,106.7953336,{},"Periksa pintu masuk, kondisi fasilitas, hambatan, jam akses dan foto bertanggal di lapangan."
way/684767704,D'COST,tag_supported,not_verified,https://www.openstreetmap.org/way/684767704,batch-6.json,2026-09-05T10:24:51.878712+00:00,2019-04-19T11:44:30Z,1,{},"[""wheelchair=yes""]","[""no_recorded_accessibility_survey_date""]",,,False,-6.2731331,106.7426468,{},"Periksa pintu masuk, kondisi fasilitas, hambatan, jam akses dan foto bertanggal di lapangan."
way/686060359,STD RM Sederhana,tag_supported,not_verified,https://www.openstreetmap.org/way/686060359,batch-6.json,2026-09-05T10:24:51.878712+00:00,2026-03-16T14:45:18Z,5,"{""check_date"": ""2026-03-16""}","[""wheelchair=yes""]",[],Mo-Su 08:00-22:00,https://www.restoransederhana.id/,False,-6.174009,106.7833575,{},"Periksa pintu masuk, kondisi fasilitas, hambatan, jam akses dan foto bertanggal di lapangan."
way/720893943,Kantor Pos Jatimakmur,tag_supported,not_verified,https://www.openstreetmap.org/way/720893943,batch-6.json,2026-09-05T10:24:51.878712+00:00,2023-11-29T04:17:23Z,3,{},"[""wheelchair=yes""]","[""no_recorded_accessibility_survey_date""]",,,False,-6.2782539,106.9335363,{},"Periksa pintu masuk, kondisi fasilitas, hambatan, jam akses dan foto bertanggal di lapangan."
way/757092682,"SPBU Sukabakti, Ciputat",tag_supported,not_verified,https://www.openstreetmap.org/way/757092682,batch-6.json,2026-09-05T10:24:51.878712+00:00,2025-09-22T11:08:26Z,8,"{""check_date"": ""2025-09-22""}","[""wheelchair=yes""]",[],24/7,,False,-6.3062054,106.7189477,{},"Periksa pintu masuk, kondisi fasilitas, hambatan, jam akses dan foto bertanggal di lapangan."
way/760257805,,tag_supported_needs_review,not_verified,https://www.openstreetmap.org/way/760257805,batch-6.json,2026-09-05T10:24:51.878712+00:00,2025-05-27T13:35:15Z,5,{},"[""wheelchair=yes""]","[""access=private"", ""no_recorded_accessibility_survey_date"", ""unnamed_object""]",,,False,-6.2132639,106.8020992,{},"Periksa pintu masuk, kondisi fasilitas, hambatan, jam akses dan foto bertanggal di lapangan."
way/762285018,Pertamina,tag_supported,not_verified,https://www.openstreetmap.org/way/762285018,batch-6.json,2026-09-05T10:24:51.878712+00:00,2025-10-16T07:52:05Z,6,{},"[""wheelchair=yes""]","[""no_recorded_accessibility_survey_date""]",24/7,,False,-6.3148218,106.7013869,{},"Periksa pintu masuk, kondisi fasilitas, hambatan, jam akses dan foto bertanggal di lapangan."
way/779464592,,tag_supported,not_verified,https://www.openstreetmap.org/way/779464592,batch-6.json,2026-09-05T10:24:51.878712+00:00,2025-07-12T01:15:43Z,4,{},"[""wheelchair=yes""]","[""no_recorded_accessibility_survey_date"", ""unnamed_object""]",,,False,-6.2133657,106.802133,{},"Periksa pintu masuk, kondisi fasilitas, hambatan, jam akses dan foto bertanggal di lapangan."
way/783792309,RSUD Bakti Pajajaran,tag_supported,not_verified,https://www.openstreetmap.org/way/783792309,batch-6.json,2026-09-05T10:24:51.878712+00:00,2026-07-13T11:02:58Z,5,{},"[""wheelchair=yes""]","[""no_recorded_accessibility_survey_date""]",,,False,-6.4736165,106.831803,{},"Periksa pintu masuk, kondisi fasilitas, hambatan, jam akses dan foto bertanggal di lapangan."
way/809061541,GPIB Bahtera Iman,tag_supported,not_verified,https://www.openstreetmap.org/way/809061541,batch-6.json,2026-09-05T10:24:51.878712+00:00,2026-06-17T03:44:25Z,3,{},"[""wheelchair=yes""]","[""no_recorded_accessibility_survey_date""]",,,False,-6.3103297,106.7133642,{},"Periksa pintu masuk, kondisi fasilitas, hambatan, jam akses dan foto bertanggal di lapangan."
way/809067497,Kepolisian Sub Sektor Serua,tag_supported,not_verified,https://www.openstreetmap.org/way/809067497,batch-6.json,2026-09-05T10:24:51.878712+00:00,2025-10-16T19:09:37Z,5,"{""check_date"": ""2025-09-19""}","[""wheelchair=yes""]",[],24/7,,False,-6.3093303,106.7192673,{},"Periksa pintu masuk, kondisi fasilitas, hambatan, jam akses dan foto bertanggal di lapangan."
way/816911324,Gelanggang Olahraga Ciputat,tag_supported,not_verified,https://www.openstreetmap.org/way/816911324,batch-6.json,2026-09-05T10:24:51.878712+00:00,2025-11-11T18:02:12Z,4,{},"[""wheelchair=yes""]","[""no_recorded_accessibility_survey_date""]",,,False,-6.3105332,106.7468642,{},"Periksa pintu masuk, kondisi fasilitas, hambatan, jam akses dan foto bertanggal di lapangan."
way/816911326,Koramil 06 Ciputat,tag_supported,not_verified,https://www.openstreetmap.org/way/816911326,batch-6.json,2026-09-05T10:24:51.878712+00:00,2023-08-22T02:44:26Z,3,{},"[""wheelchair=yes""]","[""no_recorded_accessibility_survey_date""]",,,False,-6.3107634,106.7470011,{},"Periksa pintu masuk, kondisi fasilitas, hambatan, jam akses dan foto bertanggal di lapangan."
way/844309112,,tag_supported,not_verified,https://www.openstreetmap.org/way/844309112,batch-6.json,2026-09-05T10:24:51.878712+00:00,2025-01-28T03:07:14Z,3,{},"[""ramp:wheelchair=yes""]","[""no_recorded_accessibility_survey_date"", ""unnamed_object""]",,,False,-6.1042965,106.77123,{},"Periksa pintu masuk, kondisi fasilitas, hambatan, jam akses dan foto bertanggal di lapangan."
way/877546087,McDonald's,tag_supported,not_verified,https://www.openstreetmap.org/way/877546087,batch-6.json,2026-09-05T10:24:51.878712+00:00,2025-10-16T07:43:31Z,9,{},"[""wheelchair=yes""]","[""no_recorded_accessibility_survey_date""]",24/7,,False,-6.3144213,106.7004725,{},"Periksa pintu masuk, kondisi fasilitas, hambatan, jam akses dan foto bertanggal di lapangan."
way/881957189,Jakarta International Stadium,tag_supported,not_verified,https://www.openstreetmap.org/way/881957189,batch-6.json,2026-09-05T10:24:51.878712+00:00,2023-09-03T10:48:04Z,6,{},"[""wheelchair=yes""]","[""no_recorded_accessibility_survey_date""]",,,False,-6.1250992,106.8602007,{},"Periksa pintu masuk, kondisi fasilitas, hambatan, jam akses dan foto bertanggal di lapangan."
way/883255313,,tag_supported,not_verified,https://www.openstreetmap.org/way/883255313,batch-6.json,2026-09-05T10:24:51.878712+00:00,2020-12-10T14:32:38Z,1,{},"[""tactile_paving=yes""]","[""no_recorded_accessibility_survey_date"", ""unnamed_object""]",,,False,-6.2545063,106.8554158,{},"Periksa pintu masuk, kondisi fasilitas, hambatan, jam akses dan foto bertanggal di lapangan."
way/883255314,,tag_supported,not_verified,https://www.openstreetmap.org/way/883255314,batch-6.json,2026-09-05T10:24:51.878712+00:00,2020-12-10T14:32:38Z,1,{},"[""tactile_paving=yes""]","[""no_recorded_accessibility_survey_date"", ""unnamed_object""]",,,False,-6.2545523,106.85552,{},"Periksa pintu masuk, kondisi fasilitas, hambatan, jam akses dan foto bertanggal di lapangan."
way/905258628,,tag_supported,not_verified,https://www.openstreetmap.org/way/905258628,batch-7.json,2026-09-05T10:24:51.878712+00:00,2026-05-27T13:54:35Z,3,{},"[""tactile_paving=yes""]","[""no_recorded_accessibility_survey_date"", ""unnamed_object""]",,,False,-6.2102682,106.8508538,{},"Periksa pintu masuk, kondisi fasilitas, hambatan, jam akses dan foto bertanggal di lapangan."
way/917333594,RSUD Pasar Minggu Jakarta,tag_supported,not_verified,https://www.openstreetmap.org/way/917333594,batch-7.json,2026-09-05T10:24:51.878712+00:00,2026-06-22T07:38:40Z,7,{},"[""wheelchair=yes""]","[""no_recorded_accessibility_survey_date""]",24/7,https://rsudpasarminggu.jakarta.go.id/,False,-6.293984,106.8198692,{},"Periksa pintu masuk, kondisi fasilitas, hambatan, jam akses dan foto bertanggal di lapangan."
way/927020149,Rumah Sakit Pusat Otak Nasional Prof. Dr. dr. Mahar Mardjono Jakarta,tag_supported,not_verified,https://www.openstreetmap.org/way/927020149,batch-7.json,2026-09-05T10:24:51.878712+00:00,2026-07-06T10:52:46Z,8,{},"[""wheelchair=yes""]","[""no_recorded_accessibility_survey_date""]",,http://www.rspon.go.id/,False,-6.2463095,106.8696599,{},"Periksa pintu masuk, kondisi fasilitas, hambatan, jam akses dan foto bertanggal di lapangan."
way/933772265,RS Prikasih,tag_supported,not_verified,https://www.openstreetmap.org/way/933772265,batch-7.json,2026-09-05T10:24:51.878712+00:00,2022-09-23T10:24:01Z,4,{},"[""wheelchair=yes""]","[""no_recorded_accessibility_survey_date""]",,,False,-6.3144209,106.7941713,{},"Periksa pintu masuk, kondisi fasilitas, hambatan, jam akses dan foto bertanggal di lapangan."
way/974882100,Grand Indonesia Shopping Town,tag_supported,not_verified,https://www.openstreetmap.org/way/974882100,batch-7.json,2026-09-05T10:24:51.878712+00:00,2026-05-05T23:26:20Z,17,{},"[""wheelchair=yes""]","[""no_recorded_accessibility_survey_date""]",Mo-Su 10:00-22:00,,False,-6.1957623,106.8208806,{},"Periksa pintu masuk, kondisi fasilitas, hambatan, jam akses dan foto bertanggal di lapangan."
way/1018930689,,tag_supported,not_verified,https://www.openstreetmap.org/way/1018930689,batch-7.json,2026-09-05T10:24:51.878712+00:00,2022-01-07T01:04:21Z,1,{},"[""tactile_paving=yes""]","[""no_recorded_accessibility_survey_date"", ""unnamed_object""]",,,False,-6.2101691,106.850602,{},"Periksa pintu masuk, kondisi fasilitas, hambatan, jam akses dan foto bertanggal di lapangan."
way/1062632843,Gedung Pastoral Yohanes Paulus II,tag_supported,not_verified,https://www.openstreetmap.org/way/1062632843,batch-7.json,2026-09-05T10:24:51.878712+00:00,2026-05-20T07:35:25Z,2,{},"[""wheelchair=yes""]","[""no_recorded_accessibility_survey_date""]",,,False,-6.4009125,106.8219251,{},"Periksa pintu masuk, kondisi fasilitas, hambatan, jam akses dan foto bertanggal di lapangan."
way/1098486518,Darussa'adah,tag_supported,not_verified,https://www.openstreetmap.org/way/1098486518,batch-7.json,2026-09-05T10:24:51.878712+00:00,2022-12-14T18:03:44Z,2,{},"[""wheelchair=designated""]","[""no_recorded_accessibility_survey_date""]",,,False,-6.2310378,106.7071474,{},"Periksa pintu masuk, kondisi fasilitas, hambatan, jam akses dan foto bertanggal di lapangan."
way/1102570742,Area Parkir Internal FISIP UI - Gedung F,tag_supported_needs_review,not_verified,https://www.openstreetmap.org/way/1102570742,batch-7.json,2026-09-05T10:24:51.878712+00:00,2022-10-10T10:37:28Z,1,{},"[""wheelchair=yes""]","[""access=permit"", ""no_recorded_accessibility_survey_date""]",Mo-Fr 07:00-21:00,,False,-6.3617729,106.8292252,{},"Periksa pintu masuk, kondisi fasilitas, hambatan, jam akses dan foto bertanggal di lapangan."
way/1102570743,Area Parkir Internal FISIP UI - Gedung Nusantara,tag_supported_needs_review,not_verified,https://www.openstreetmap.org/way/1102570743,batch-7.json,2026-09-05T10:24:51.878712+00:00,2022-10-10T10:37:28Z,1,{},"[""wheelchair=yes""]","[""access=permit"", ""no_recorded_accessibility_survey_date""]",Mo-Fr 07:00-21:00,,False,-6.3635558,106.8290543,{},"Periksa pintu masuk, kondisi fasilitas, hambatan, jam akses dan foto bertanggal di lapangan."
way/1118500925,Kantor Sub Sektor Kranji,tag_supported,not_verified,https://www.openstreetmap.org/way/1118500925,batch-7.json,2026-09-05T10:24:51.878712+00:00,2022-12-01T01:54:19Z,2,{},"[""wheelchair=yes""]","[""no_recorded_accessibility_survey_date""]",,,False,-6.2254363,106.9706546,{},"Periksa pintu masuk, kondisi fasilitas, hambatan, jam akses dan foto bertanggal di lapangan."
way/1144304535,Stasiun Bojong Indah,tag_supported,not_verified,https://www.openstreetmap.org/way/1144304535,batch-7.json,2026-09-05T10:24:51.878712+00:00,2024-01-05T02:40:09Z,5,{},"[""wheelchair=yes""]","[""no_recorded_accessibility_survey_date""]",,,False,-6.1601817,106.7361677,{},"Periksa pintu masuk, kondisi fasilitas, hambatan, jam akses dan foto bertanggal di lapangan."
way/1159366633,,tag_supported,not_verified,https://www.openstreetmap.org/way/1159366633,batch-7.json,2026-09-05T10:24:51.878712+00:00,2024-02-16T11:21:32Z,4,{},"[""ramp:wheelchair=yes""]","[""no_recorded_accessibility_survey_date"", ""unnamed_object""]",,,False,-6.1743927,106.8269025,{},"Periksa pintu masuk, kondisi fasilitas, hambatan, jam akses dan foto bertanggal di lapangan."
way/1159366635,,tag_supported,not_verified,https://www.openstreetmap.org/way/1159366635,batch-7.json,2026-09-05T10:24:51.878712+00:00,2024-02-16T11:20:46Z,4,{},"[""ramp:wheelchair=yes""]","[""no_recorded_accessibility_survey_date"", ""unnamed_object""]",,,False,-6.1744042,106.8274742,{},"Periksa pintu masuk, kondisi fasilitas, hambatan, jam akses dan foto bertanggal di lapangan."
way/1159366638,,tag_supported,not_verified,https://www.openstreetmap.org/way/1159366638,batch-7.json,2026-09-05T10:24:51.878712+00:00,2024-02-16T07:58:19Z,5,{},"[""ramp:wheelchair=yes""]","[""no_recorded_accessibility_survey_date"", ""unnamed_object""]",,,False,-6.1751283,106.8281708,{},"Periksa pintu masuk, kondisi fasilitas, hambatan, jam akses dan foto bertanggal di lapangan."
way/1159366640,,tag_supported,not_verified,https://www.openstreetmap.org/way/1159366640,batch-7.json,2026-09-05T10:24:51.878712+00:00,2024-02-16T07:57:29Z,4,{},"[""ramp:wheelchair=yes""]","[""no_recorded_accessibility_survey_date"", ""unnamed_object""]",,,False,-6.1757162,106.828165,{},"Periksa pintu masuk, kondisi fasilitas, hambatan, jam akses dan foto bertanggal di lapangan."
way/1159366644,,tag_supported,not_verified,https://www.openstreetmap.org/way/1159366644,batch-7.json,2026-09-05T10:24:51.878712+00:00,2024-02-16T11:22:26Z,4,{},"[""ramp:wheelchair=yes""]","[""no_recorded_accessibility_survey_date"", ""unnamed_object""]",,,False,-6.1750932,106.8261608,{},"Periksa pintu masuk, kondisi fasilitas, hambatan, jam akses dan foto bertanggal di lapangan."
way/1159369426,,tag_supported,not_verified,https://www.openstreetmap.org/way/1159369426,batch-7.json,2026-09-05T10:24:51.878712+00:00,2024-02-16T11:20:07Z,5,{},"[""ramp:wheelchair=yes""]","[""no_recorded_accessibility_survey_date"", ""unnamed_object""]",,,False,-6.1764133,106.8274396,{},"Periksa pintu masuk, kondisi fasilitas, hambatan, jam akses dan foto bertanggal di lapangan."
way/1159369427,,tag_supported,not_verified,https://www.openstreetmap.org/way/1159369427,batch-7.json,2026-09-05T10:24:51.878712+00:00,2024-02-16T11:19:38Z,5,{},"[""ramp:wheelchair=yes""]","[""no_recorded_accessibility_survey_date"", ""unnamed_object""]",,,False,-6.176405,106.8268621,{},"Periksa pintu masuk, kondisi fasilitas, hambatan, jam akses dan foto bertanggal di lapangan."
way/1159369429,,tag_supported,not_verified,https://www.openstreetmap.org/way/1159369429,batch-7.json,2026-09-05T10:24:51.878712+00:00,2024-02-16T11:22:17Z,5,{},"[""ramp:wheelchair=yes""]","[""no_recorded_accessibility_survey_date"", ""unnamed_object""]",,,False,-6.1756776,106.8261606,{},"Periksa pintu masuk, kondisi fasilitas, hambatan, jam akses dan foto bertanggal di lapangan."
way/1160410906,,tag_supported,not_verified,https://www.openstreetmap.org/way/1160410906,batch-7.json,2026-09-05T10:24:51.878712+00:00,2024-02-16T07:48:56Z,8,{},"[""tactile_paving=yes""]","[""no_recorded_accessibility_survey_date"", ""unnamed_object""]",,,False,-6.1776814,106.8261581,{},"Periksa pintu masuk, kondisi fasilitas, hambatan, jam akses dan foto bertanggal di lapangan."
way/1160591727,,tag_supported,not_verified,https://www.openstreetmap.org/way/1160591727,batch-7.json,2026-09-05T10:24:51.878712+00:00,2026-03-19T21:19:33Z,3,{},"[""tactile_paving=yes""]","[""no_recorded_accessibility_survey_date"", ""unnamed_object""]",,,False,-6.1801381,106.8250941,{},"Periksa pintu masuk, kondisi fasilitas, hambatan, jam akses dan foto bertanggal di lapangan."
way/1160591731,,tag_supported,not_verified,https://www.openstreetmap.org/way/1160591731,batch-7.json,2026-09-05T10:24:51.878712+00:00,2023-09-14T10:11:12Z,3,{},"[""tactile_paving=yes""]","[""no_recorded_accessibility_survey_date"", ""unnamed_object""]",,,False,-6.1804603,106.826609,{},"Periksa pintu masuk, kondisi fasilitas, hambatan, jam akses dan foto bertanggal di lapangan."
way/1160607644,,tag_supported,not_verified,https://www.openstreetmap.org/way/1160607644,batch-7.json,2026-09-05T10:24:51.878712+00:00,2023-04-08T04:08:43Z,1,{},"[""tactile_paving=yes""]","[""no_recorded_accessibility_survey_date"", ""unnamed_object""]",,,False,-6.1802363,106.8272973,{},"Periksa pintu masuk, kondisi fasilitas, hambatan, jam akses dan foto bertanggal di lapangan."
way/1174957833,,tag_supported,not_verified,https://www.openstreetmap.org/way/1174957833,batch-7.json,2026-09-05T10:24:51.878712+00:00,2024-02-16T07:45:49Z,3,{},"[""tactile_paving=yes""]","[""no_recorded_accessibility_survey_date"", ""unnamed_object""]",,,False,-6.1787936,106.824802,{},"Periksa pintu masuk, kondisi fasilitas, hambatan, jam akses dan foto bertanggal di lapangan."
way/1193274356,Kedutaan Besar Britania Raya,tag_supported,not_verified,https://www.openstreetmap.org/way/1193274356,batch-7.json,2026-09-05T10:24:51.878712+00:00,2026-07-30T02:11:07Z,4,{},"[""wheelchair=yes""]","[""no_recorded_accessibility_survey_date""]","open ""By appointment only""",https://www.gov.uk/world/organisations/british-embassy-jakarta,False,-6.2307341,106.8344752,{},"Periksa pintu masuk, kondisi fasilitas, hambatan, jam akses dan foto bertanggal di lapangan."
way/1193537785,,tag_supported,not_verified,https://www.openstreetmap.org/way/1193537785,batch-7.json,2026-09-05T10:24:51.878712+00:00,2023-07-31T11:50:07Z,1,{},"[""tactile_paving=yes""]","[""no_recorded_accessibility_survey_date"", ""unnamed_object""]",,,False,-6.3191342,106.6812683,{},"Periksa pintu masuk, kondisi fasilitas, hambatan, jam akses dan foto bertanggal di lapangan."
way/1193537792,,tag_supported,not_verified,https://www.openstreetmap.org/way/1193537792,batch-7.json,2026-09-05T10:24:51.878712+00:00,2023-07-31T12:24:51Z,2,{},"[""tactile_paving=yes""]","[""no_recorded_accessibility_survey_date"", ""unnamed_object""]",,,False,-6.3221799,106.6829981,{},"Periksa pintu masuk, kondisi fasilitas, hambatan, jam akses dan foto bertanggal di lapangan."
way/1193537793,,tag_supported,not_verified,https://www.openstreetmap.org/way/1193537793,batch-7.json,2026-09-05T10:24:51.878712+00:00,2023-08-01T10:47:56Z,2,{},"[""tactile_paving=yes""]","[""no_recorded_accessibility_survey_date"", ""unnamed_object""]",,,False,-6.3207291,106.6833759,{},"Periksa pintu masuk, kondisi fasilitas, hambatan, jam akses dan foto bertanggal di lapangan."
way/1193537800,,tag_supported,not_verified,https://www.openstreetmap.org/way/1193537800,batch-7.json,2026-09-05T10:24:51.878712+00:00,2023-07-31T11:57:34Z,2,{},"[""tactile_paving=yes""]","[""no_recorded_accessibility_survey_date"", ""unnamed_object""]",,,False,-6.3185731,106.6805959,{},"Periksa pintu masuk, kondisi fasilitas, hambatan, jam akses dan foto bertanggal di lapangan."
way/1193537802,,tag_supported,not_verified,https://www.openstreetmap.org/way/1193537802,batch-7.json,2026-09-05T10:24:51.878712+00:00,2023-07-31T11:50:07Z,1,{},"[""tactile_paving=yes""]","[""no_recorded_accessibility_survey_date"", ""unnamed_object""]",,,False,-6.3197186,106.6815028,{},"Periksa pintu masuk, kondisi fasilitas, hambatan, jam akses dan foto bertanggal di lapangan."
way/1193537805,,tag_supported,not_verified,https://www.openstreetmap.org/way/1193537805,batch-7.json,2026-09-05T10:24:51.878712+00:00,2023-07-31T11:50:07Z,1,{},"[""tactile_paving=yes""]","[""no_recorded_accessibility_survey_date"", ""unnamed_object""]",,,False,-6.3178596,106.6800487,{},"Periksa pintu masuk, kondisi fasilitas, hambatan, jam akses dan foto bertanggal di lapangan."
way/1193537810,,tag_supported,not_verified,https://www.openstreetmap.org/way/1193537810,batch-7.json,2026-09-05T10:24:51.878712+00:00,2023-07-31T11:50:07Z,1,{},"[""tactile_paving=yes""]","[""no_recorded_accessibility_survey_date"", ""unnamed_object""]",,,False,-6.3173447,106.6799824,{},"Periksa pintu masuk, kondisi fasilitas, hambatan, jam akses dan foto bertanggal di lapangan."
way/1193537814,,tag_supported,not_verified,https://www.openstreetmap.org/way/1193537814,batch-7.json,2026-09-05T10:24:51.878712+00:00,2023-07-31T11:50:07Z,1,{},"[""tactile_paving=yes""]","[""no_recorded_accessibility_survey_date"", ""unnamed_object""]",,,False,-6.3262343,106.6840979,{},"Periksa pintu masuk, kondisi fasilitas, hambatan, jam akses dan foto bertanggal di lapangan."
way/1193537815,,tag_supported,not_verified,https://www.openstreetmap.org/way/1193537815,batch-7.json,2026-09-05T10:24:51.878712+00:00,2023-07-31T11:50:07Z,1,{},"[""tactile_paving=yes""]","[""no_recorded_accessibility_survey_date"", ""unnamed_object""]",,,False,-6.3222533,106.6826804,{},"Periksa pintu masuk, kondisi fasilitas, hambatan, jam akses dan foto bertanggal di lapangan."
way/1193537817,,tag_supported,not_verified,https://www.openstreetmap.org/way/1193537817,batch-7.json,2026-09-05T10:24:51.878712+00:00,2026-05-05T05:45:38Z,2,{},"[""tactile_paving=yes""]","[""no_recorded_accessibility_survey_date"", ""unnamed_object""]",,,False,-6.3243956,106.6834445,{},"Periksa pintu masuk, kondisi fasilitas, hambatan, jam akses dan foto bertanggal di lapangan."
way/1193543692,,tag_supported,not_verified,https://www.openstreetmap.org/way/1193543692,batch-7.json,2026-09-05T10:24:51.878712+00:00,2023-07-31T12:16:15Z,1,{},"[""tactile_paving=yes""]","[""no_recorded_accessibility_survey_date"", ""unnamed_object""]",,,False,-6.318062,106.6803712,{},"Periksa pintu masuk, kondisi fasilitas, hambatan, jam akses dan foto bertanggal di lapangan."
way/1193545269,,tag_supported,not_verified,https://www.openstreetmap.org/way/1193545269,batch-7.json,2026-09-05T10:24:51.878712+00:00,2023-07-31T12:24:51Z,1,{},"[""tactile_paving=yes""]","[""no_recorded_accessibility_survey_date"", ""unnamed_object""]",,,False,-6.3234498,106.683445,{},"Periksa pintu masuk, kondisi fasilitas, hambatan, jam akses dan foto bertanggal di lapangan."
way/1193545270,,tag_supported,not_verified,https://www.openstreetmap.org/way/1193545270,batch-7.json,2026-09-05T10:24:51.878712+00:00,2023-07-31T12:24:51Z,1,{},"[""tactile_paving=yes""]","[""no_recorded_accessibility_survey_date"", ""unnamed_object""]",,,False,-6.3253128,106.6840624,{},"Periksa pintu masuk, kondisi fasilitas, hambatan, jam akses dan foto bertanggal di lapangan."
way/1193545271,,tag_supported,not_verified,https://www.openstreetmap.org/way/1193545271,batch-7.json,2026-09-05T10:24:51.878712+00:00,2023-07-31T12:24:51Z,1,{},"[""tactile_paving=yes""]","[""no_recorded_accessibility_survey_date"", ""unnamed_object""]",,,False,-6.3233444,106.6834096,{},"Periksa pintu masuk, kondisi fasilitas, hambatan, jam akses dan foto bertanggal di lapangan."
way/1193545272,,tag_supported,not_verified,https://www.openstreetmap.org/way/1193545272,batch-7.json,2026-09-05T10:24:51.878712+00:00,2023-07-31T12:24:51Z,1,{},"[""tactile_paving=yes""]","[""no_recorded_accessibility_survey_date"", ""unnamed_object""]",,,False,-6.3232397,106.6833744,{},"Periksa pintu masuk, kondisi fasilitas, hambatan, jam akses dan foto bertanggal di lapangan."
way/1208665705,SMKN 1 Karawang,tag_supported,not_verified,https://www.openstreetmap.org/way/1208665705,batch-7.json,2026-09-05T10:24:51.878712+00:00,2024-01-20T04:26:52Z,2,{},"[""wheelchair=yes""]","[""no_recorded_accessibility_survey_date""]",,,False,-6.2844454,107.2858917,{},"Periksa pintu masuk, kondisi fasilitas, hambatan, jam akses dan foto bertanggal di lapangan."
way/1210658222,The101 Hotel,tag_supported,not_verified,https://www.openstreetmap.org/way/1210658222,batch-7.json,2026-09-05T10:24:51.878712+00:00,2026-06-22T07:44:36Z,9,"{""check_date"": ""2023-09-26""}","[""wheelchair=yes""]",[],,,False,-6.1131722,106.6895695,{},"Periksa pintu masuk, kondisi fasilitas, hambatan, jam akses dan foto bertanggal di lapangan."
way/1217866423,JPO Bersama BTN,tag_supported,not_verified,https://www.openstreetmap.org/way/1217866423,batch-7.json,2026-09-05T10:24:51.878712+00:00,2026-06-22T18:50:00Z,5,{},"[""tactile_paving=yes""]","[""no_recorded_accessibility_survey_date""]",,,False,-6.1227776,106.8604356,{},"Periksa pintu masuk, kondisi fasilitas, hambatan, jam akses dan foto bertanggal di lapangan."
way/1220307917,,tag_supported,not_verified,https://www.openstreetmap.org/way/1220307917,batch-7.json,2026-09-05T10:24:51.878712+00:00,2023-11-02T15:24:33Z,1,{},"[""ramp:wheelchair=yes""]","[""no_recorded_accessibility_survey_date"", ""unnamed_object""]",,,False,-6.127488,106.8305391,{},"Periksa pintu masuk, kondisi fasilitas, hambatan, jam akses dan foto bertanggal di lapangan."
way/1220307920,,tag_supported,not_verified,https://www.openstreetmap.org/way/1220307920,batch-7.json,2026-09-05T10:24:51.878712+00:00,2023-11-02T15:24:33Z,1,{},"[""ramp:wheelchair=yes""]","[""no_recorded_accessibility_survey_date"", ""unnamed_object""]",,,False,-6.1274489,106.8307841,{},"Periksa pintu masuk, kondisi fasilitas, hambatan, jam akses dan foto bertanggal di lapangan."
way/1231693659,Taruma Leisure Waterpark,tag_supported,not_verified,https://www.openstreetmap.org/way/1231693659,batch-7.json,2026-09-05T10:24:51.878712+00:00,2023-12-17T22:19:26Z,3,{},"[""wheelchair=yes""]","[""no_recorded_accessibility_survey_date""]",08:00-18:00,https://tarumaleisurewaterpark.com/,False,-6.3066467,107.2797386,{},"Periksa pintu masuk, kondisi fasilitas, hambatan, jam akses dan foto bertanggal di lapangan."
way/1233296408,The Grand Outlet East Jakarta,tag_supported,not_verified,https://www.openstreetmap.org/way/1233296408,batch-7.json,2026-09-05T10:24:51.878712+00:00,2024-08-05T13:08:17Z,5,{},"[""wheelchair=yes""]","[""no_recorded_accessibility_survey_date""]",10:00-22:00,,False,-6.3571539,107.2423479,{},"Periksa pintu masuk, kondisi fasilitas, hambatan, jam akses dan foto bertanggal di lapangan."
way/1242005032,Rumah Sakit Universitas Indonesia,tag_supported,not_verified,https://www.openstreetmap.org/way/1242005032,batch-7.json,2026-09-05T10:24:51.878712+00:00,2024-01-22T18:05:22Z,1,{},"[""wheelchair=yes""]","[""no_recorded_accessibility_survey_date""]",24/7,,False,-6.3730742,106.8297733,{},"Periksa pintu masuk, kondisi fasilitas, hambatan, jam akses dan foto bertanggal di lapangan."
way/1282469318,Mercure Hotel,tag_supported,not_verified,https://www.openstreetmap.org/way/1282469318,batch-7.json,2026-09-05T10:24:51.878712+00:00,2026-08-15T03:58:46Z,3,"{""check_date"": ""2023-10-07""}","[""wheelchair=yes""]",[],,,False,-6.2396539,106.8307884,{},"Periksa pintu masuk, kondisi fasilitas, hambatan, jam akses dan foto bertanggal di lapangan."
way/1298591115,,tag_supported,not_verified,https://www.openstreetmap.org/way/1298591115,batch-7.json,2026-09-05T10:24:51.878712+00:00,2024-07-04T12:46:08Z,2,{},"[""tactile_paving=yes""]","[""no_recorded_accessibility_survey_date"", ""unnamed_object""]",,,False,-6.2431356,106.7987185,{},"Periksa pintu masuk, kondisi fasilitas, hambatan, jam akses dan foto bertanggal di lapangan."
way/1299039812,,tag_supported,not_verified,https://www.openstreetmap.org/way/1299039812,batch-7.json,2026-09-05T10:24:51.878712+00:00,2024-07-04T12:46:08Z,1,{},"[""tactile_paving=yes""]","[""no_recorded_accessibility_survey_date"", ""unnamed_object""]",,,False,-6.23532,106.7989209,{},"Periksa pintu masuk, kondisi fasilitas, hambatan, jam akses dan foto bertanggal di lapangan."
way/1299039814,,tag_supported,not_verified,https://www.openstreetmap.org/way/1299039814,batch-7.json,2026-09-05T10:24:51.878712+00:00,2024-07-09T15:28:24Z,2,{},"[""tactile_paving=yes""]","[""no_recorded_accessibility_survey_date"", ""unnamed_object""]",,,False,-6.2382749,106.7992885,{},"Periksa pintu masuk, kondisi fasilitas, hambatan, jam akses dan foto bertanggal di lapangan."
way/1299039817,,tag_supported,not_verified,https://www.openstreetmap.org/way/1299039817,batch-7.json,2026-09-05T10:24:51.878712+00:00,2024-07-04T12:46:08Z,1,{},"[""tactile_paving=yes""]","[""no_recorded_accessibility_survey_date"", ""unnamed_object""]",,,False,-6.2383195,106.7981069,{},"Periksa pintu masuk, kondisi fasilitas, hambatan, jam akses dan foto bertanggal di lapangan."
way/1299039819,,tag_supported,not_verified,https://www.openstreetmap.org/way/1299039819,batch-7.json,2026-09-05T10:24:51.878712+00:00,2024-07-04T12:46:08Z,1,{},"[""tactile_paving=yes""]","[""no_recorded_accessibility_survey_date"", ""unnamed_object""]",,,False,-6.2358013,106.7981816,{},"Periksa pintu masuk, kondisi fasilitas, hambatan, jam akses dan foto bertanggal di lapangan."
way/1299039825,,tag_supported,not_verified,https://www.openstreetmap.org/way/1299039825,batch-7.json,2026-09-05T10:24:51.878712+00:00,2024-07-04T12:46:08Z,1,{},"[""tactile_paving=yes""]","[""no_recorded_accessibility_survey_date"", ""unnamed_object""]",,,False,-6.2417803,106.7975641,{},"Periksa pintu masuk, kondisi fasilitas, hambatan, jam akses dan foto bertanggal di lapangan."
way/1299039826,,tag_supported,not_verified,https://www.openstreetmap.org/way/1299039826,batch-7.json,2026-09-05T10:24:51.878712+00:00,2026-03-12T18:03:06Z,2,{},"[""tactile_paving=yes""]","[""no_recorded_accessibility_survey_date"", ""unnamed_object""]",,,False,-6.241166,106.7990291,{},"Periksa pintu masuk, kondisi fasilitas, hambatan, jam akses dan foto bertanggal di lapangan."
way/1299039829,,tag_supported,not_verified,https://www.openstreetmap.org/way/1299039829,batch-7.json,2026-09-05T10:24:51.878712+00:00,2024-07-04T12:46:08Z,1,{},"[""tactile_paving=yes""]","[""no_recorded_accessibility_survey_date"", ""unnamed_object""]",,,False,-6.2425799,106.7988613,{},"Periksa pintu masuk, kondisi fasilitas, hambatan, jam akses dan foto bertanggal di lapangan."
way/1299042497,,tag_supported,not_verified,https://www.openstreetmap.org/way/1299042497,batch-7.json,2026-09-05T10:24:51.878712+00:00,2024-07-04T12:58:11Z,1,{},"[""tactile_paving=yes""]","[""no_recorded_accessibility_survey_date"", ""unnamed_object""]",,,False,-6.2309263,106.7983425,{},"Periksa pintu masuk, kondisi fasilitas, hambatan, jam akses dan foto bertanggal di lapangan."
way/1299051674,,tag_supported,not_verified,https://www.openstreetmap.org/way/1299051674,batch-7.json,2026-09-05T10:24:51.878712+00:00,2026-03-17T09:39:24Z,2,{},"[""tactile_paving=yes""]","[""no_recorded_accessibility_survey_date"", ""unnamed_object""]",,,False,-6.2441241,106.7990999,{},"Periksa pintu masuk, kondisi fasilitas, hambatan, jam akses dan foto bertanggal di lapangan."
way/1299051676,,tag_supported,not_verified,https://www.openstreetmap.org/way/1299051676,batch-7.json,2026-09-05T10:24:51.878712+00:00,2024-07-04T13:24:58Z,1,{},"[""tactile_paving=yes""]","[""no_recorded_accessibility_survey_date"", ""unnamed_object""]",,,False,-6.2451514,106.798471,{},"Periksa pintu masuk, kondisi fasilitas, hambatan, jam akses dan foto bertanggal di lapangan."
way/1299051677,,tag_supported,not_verified,https://www.openstreetmap.org/way/1299051677,batch-7.json,2026-09-05T10:24:51.878712+00:00,2024-07-04T13:24:58Z,1,{},"[""tactile_paving=yes""]","[""no_recorded_accessibility_survey_date"", ""unnamed_object""]",,,False,-6.2444482,106.7982723,{},"Periksa pintu masuk, kondisi fasilitas, hambatan, jam akses dan foto bertanggal di lapangan."
way/1299051687,,tag_supported,not_verified,https://www.openstreetmap.org/way/1299051687,batch-7.json,2026-09-05T10:24:51.878712+00:00,2024-07-04T13:24:58Z,1,{},"[""tactile_paving=yes""]","[""no_recorded_accessibility_survey_date"", ""unnamed_object""]",,,False,-6.2441527,106.7979385,{},"Periksa pintu masuk, kondisi fasilitas, hambatan, jam akses dan foto bertanggal di lapangan."
way/1299089704,,tag_supported,not_verified,https://www.openstreetmap.org/way/1299089704,batch-7.json,2026-09-05T10:24:51.878712+00:00,2024-07-04T17:10:17Z,1,{},"[""tactile_paving=yes""]","[""no_recorded_accessibility_survey_date"", ""unnamed_object""]",,,False,-6.257128,106.7975203,{},"Periksa pintu masuk, kondisi fasilitas, hambatan, jam akses dan foto bertanggal di lapangan."
way/1299995679,,tag_supported,not_verified,https://www.openstreetmap.org/way/1299995679,batch-7.json,2026-09-05T10:24:51.878712+00:00,2024-07-08T13:21:44Z,1,{},"[""tactile_paving=yes""]","[""no_recorded_accessibility_survey_date"", ""unnamed_object""]",,,False,-6.2666128,106.7974625,{},"Periksa pintu masuk, kondisi fasilitas, hambatan, jam akses dan foto bertanggal di lapangan."
way/1299995680,,tag_supported,not_verified,https://www.openstreetmap.org/way/1299995680,batch-7.json,2026-09-05T10:24:51.878712+00:00,2024-07-08T13:21:44Z,1,{},"[""tactile_paving=yes""]","[""no_recorded_accessibility_survey_date"", ""unnamed_object""]",,,False,-6.2648068,106.797641,{},"Periksa pintu masuk, kondisi fasilitas, hambatan, jam akses dan foto bertanggal di lapangan."
way/1299995681,,tag_supported,not_verified,https://www.openstreetmap.org/way/1299995681,batch-7.json,2026-09-05T10:24:51.878712+00:00,2024-07-08T13:21:44Z,1,{},"[""tactile_paving=yes""]","[""no_recorded_accessibility_survey_date"", ""unnamed_object""]",,,False,-6.2659587,106.7975139,{},"Periksa pintu masuk, kondisi fasilitas, hambatan, jam akses dan foto bertanggal di lapangan."
way/1299995687,,tag_supported,not_verified,https://www.openstreetmap.org/way/1299995687,batch-7.json,2026-09-05T10:24:51.878712+00:00,2024-07-08T13:21:44Z,1,{},"[""tactile_paving=yes""]","[""no_recorded_accessibility_survey_date"", ""unnamed_object""]",,,False,-6.2695376,106.7975449,{},"Periksa pintu masuk, kondisi fasilitas, hambatan, jam akses dan foto bertanggal di lapangan."
way/1299995689,,tag_supported,not_verified,https://www.openstreetmap.org/way/1299995689,batch-7.json,2026-09-05T10:24:51.878712+00:00,2024-07-08T13:21:44Z,1,{},"[""tactile_paving=yes""]","[""no_recorded_accessibility_survey_date"", ""unnamed_object""]",,,False,-6.2658698,106.7975218,{},"Periksa pintu masuk, kondisi fasilitas, hambatan, jam akses dan foto bertanggal di lapangan."
way/1299995690,,tag_supported,not_verified,https://www.openstreetmap.org/way/1299995690,batch-7.json,2026-09-05T10:24:51.878712+00:00,2024-07-08T13:21:44Z,1,{},"[""tactile_paving=yes""]","[""no_recorded_accessibility_survey_date"", ""unnamed_object""]",,,False,-6.2657204,106.7975112,{},"Periksa pintu masuk, kondisi fasilitas, hambatan, jam akses dan foto bertanggal di lapangan."
way/1299995692,,tag_supported,not_verified,https://www.openstreetmap.org/way/1299995692,batch-7.json,2026-09-05T10:24:51.878712+00:00,2026-04-18T06:35:16Z,2,{},"[""tactile_paving=yes""]","[""no_recorded_accessibility_survey_date"", ""unnamed_object""]",,,False,-6.2666024,106.7972142,{},"Periksa pintu masuk, kondisi fasilitas, hambatan, jam akses dan foto bertanggal di lapangan."
way/1299995694,,tag_supported,not_verified,https://www.openstreetmap.org/way/1299995694,batch-7.json,2026-09-05T10:24:51.878712+00:00,2024-07-08T15:43:09Z,2,{},"[""tactile_paving=yes""]","[""no_recorded_accessibility_survey_date"", ""unnamed_object""]",,,False,-6.2724038,106.7973956,{},"Periksa pintu masuk, kondisi fasilitas, hambatan, jam akses dan foto bertanggal di lapangan."
way/1300045447,,tag_supported,not_verified,https://www.openstreetmap.org/way/1300045447,batch-7.json,2026-09-05T10:24:51.878712+00:00,2024-07-08T15:43:09Z,1,{},"[""tactile_paving=yes""]","[""no_recorded_accessibility_survey_date"", ""unnamed_object""]",,,False,-6.2805194,106.7965076,{},"Periksa pintu masuk, kondisi fasilitas, hambatan, jam akses dan foto bertanggal di lapangan."
way/1300045448,,tag_supported,not_verified,https://www.openstreetmap.org/way/1300045448,batch-7.json,2026-09-05T10:24:51.878712+00:00,2024-07-08T15:43:09Z,1,{},"[""tactile_paving=yes""]","[""no_recorded_accessibility_survey_date"", ""unnamed_object""]",,,False,-6.2782022,106.797251,{},"Periksa pintu masuk, kondisi fasilitas, hambatan, jam akses dan foto bertanggal di lapangan."
way/1300045459,,tag_supported,not_verified,https://www.openstreetmap.org/way/1300045459,batch-7.json,2026-09-05T10:24:51.878712+00:00,2024-07-08T15:43:09Z,1,{},"[""tactile_paving=yes""]","[""no_recorded_accessibility_survey_date"", ""unnamed_object""]",,,False,-6.2775324,106.7974247,{},"Periksa pintu masuk, kondisi fasilitas, hambatan, jam akses dan foto bertanggal di lapangan."
way/1300045462,,tag_supported,not_verified,https://www.openstreetmap.org/way/1300045462,batch-7.json,2026-09-05T10:24:51.878712+00:00,2024-07-08T15:43:09Z,1,{},"[""tactile_paving=yes""]","[""no_recorded_accessibility_survey_date"", ""unnamed_object""]",,,False,-6.2773893,106.7978255,{},"Periksa pintu masuk, kondisi fasilitas, hambatan, jam akses dan foto bertanggal di lapangan."
way/1300045464,,tag_supported,not_verified,https://www.openstreetmap.org/way/1300045464,batch-7.json,2026-09-05T10:24:51.878712+00:00,2024-07-08T15:43:09Z,1,{},"[""tactile_paving=yes""]","[""no_recorded_accessibility_survey_date"", ""unnamed_object""]",,,False,-6.2783694,106.7974611,{},"Periksa pintu masuk, kondisi fasilitas, hambatan, jam akses dan foto bertanggal di lapangan."
way/1300045466,,tag_supported,not_verified,https://www.openstreetmap.org/way/1300045466,batch-7.json,2026-09-05T10:24:51.878712+00:00,2024-07-08T15:43:09Z,1,{},"[""tactile_paving=yes""]","[""no_recorded_accessibility_survey_date"", ""unnamed_object""]",,,False,-6.2791962,106.7972714,{},"Periksa pintu masuk, kondisi fasilitas, hambatan, jam akses dan foto bertanggal di lapangan."
way/1300045468,,tag_supported,not_verified,https://www.openstreetmap.org/way/1300045468,batch-7.json,2026-09-05T10:24:51.878712+00:00,2024-07-08T15:43:09Z,1,{},"[""tactile_paving=yes""]","[""no_recorded_accessibility_survey_date"", ""unnamed_object""]",,,False,-6.2799225,106.79711,{},"Periksa pintu masuk, kondisi fasilitas, hambatan, jam akses dan foto bertanggal di lapangan."
way/1300045481,,tag_supported,not_verified,https://www.openstreetmap.org/way/1300045481,batch-7.json,2026-09-05T10:24:51.878712+00:00,2024-07-08T15:43:09Z,1,{},"[""tactile_paving=yes""]","[""no_recorded_accessibility_survey_date"", ""unnamed_object""]",,,False,-6.2744521,106.7978229,{},"Periksa pintu masuk, kondisi fasilitas, hambatan, jam akses dan foto bertanggal di lapangan."
way/1308095368,Gedung F RSUD Kota Bekasi,tag_supported,not_verified,https://www.openstreetmap.org/way/1308095368,batch-7.json,2026-09-05T10:24:51.878712+00:00,2024-08-16T07:06:47Z,1,{},"[""wheelchair=yes""]","[""no_recorded_accessibility_survey_date""]",,,False,-6.2427698,107.0017961,{},"Periksa pintu masuk, kondisi fasilitas, hambatan, jam akses dan foto bertanggal di lapangan."
way/1314070488,,tag_supported,not_verified,https://www.openstreetmap.org/way/1314070488,batch-7.json,2026-09-05T10:24:51.878712+00:00,2024-09-08T00:35:43Z,1,"{""check_date"": ""2024-09-08""}","[""wheelchair=yes""]","[""unnamed_object""]",,,False,-6.2169672,106.8067573,{},"Periksa pintu masuk, kondisi fasilitas, hambatan, jam akses dan foto bertanggal di lapangan."
way/1318828528,Resinda Hotel Karawang,tag_supported,not_verified,https://www.openstreetmap.org/way/1318828528,batch-7.json,2026-09-05T10:24:51.878712+00:00,2025-11-27T20:45:20Z,8,{},"[""wheelchair=designated""]","[""no_recorded_accessibility_survey_date""]",,https://resindahotel.com/,False,-6.3033703,107.2775166,{},"Periksa pintu masuk, kondisi fasilitas, hambatan, jam akses dan foto bertanggal di lapangan."
way/1366780765,,tag_supported,not_verified,https://www.openstreetmap.org/way/1366780765,batch-7.json,2026-09-05T10:24:51.878712+00:00,2025-03-13T10:18:32Z,1,{},"[""tactile_paving=yes""]","[""no_recorded_accessibility_survey_date"", ""unnamed_object""]",,,False,-6.1778846,106.8255644,{},"Periksa pintu masuk, kondisi fasilitas, hambatan, jam akses dan foto bertanggal di lapangan."
way/1368999005,,tag_supported,not_verified,https://www.openstreetmap.org/way/1368999005,batch-7.json,2026-09-05T10:24:51.878712+00:00,2025-05-19T09:38:10Z,2,{},"[""wheelchair=yes""]","[""no_recorded_accessibility_survey_date"", ""unnamed_object""]",,,False,-6.3444444,106.7357191,{},"Periksa pintu masuk, kondisi fasilitas, hambatan, jam akses dan foto bertanggal di lapangan."
way/1368999007,,tag_supported,not_verified,https://www.openstreetmap.org/way/1368999007,batch-7.json,2026-09-05T10:24:51.878712+00:00,2025-05-19T09:38:10Z,2,{},"[""wheelchair=yes""]","[""no_recorded_accessibility_survey_date"", ""unnamed_object""]",,,False,-6.3443931,106.7359013,{},"Periksa pintu masuk, kondisi fasilitas, hambatan, jam akses dan foto bertanggal di lapangan."
way/1375152885,,tag_supported,not_verified,https://www.openstreetmap.org/way/1375152885,batch-7.json,2026-09-05T10:24:51.878712+00:00,2025-05-07T09:02:38Z,2,{},"[""wheelchair=yes""]","[""no_recorded_accessibility_survey_date"", ""unnamed_object""]",,,False,-6.2610072,107.2745156,{},"Periksa pintu masuk, kondisi fasilitas, hambatan, jam akses dan foto bertanggal di lapangan."
way/1375152888,,tag_supported,not_verified,https://www.openstreetmap.org/way/1375152888,batch-7.json,2026-09-05T10:24:51.878712+00:00,2025-05-07T09:01:52Z,2,{},"[""wheelchair=yes""]","[""no_recorded_accessibility_survey_date"", ""unnamed_object""]",,,False,-6.2464568,107.2753455,{},"Periksa pintu masuk, kondisi fasilitas, hambatan, jam akses dan foto bertanggal di lapangan."
way/1375152891,,tag_supported,not_verified,https://www.openstreetmap.org/way/1375152891,batch-7.json,2026-09-05T10:24:51.878712+00:00,2025-05-07T09:01:29Z,2,{},"[""wheelchair=yes""]","[""no_recorded_accessibility_survey_date"", ""unnamed_object""]",,,False,-6.2491541,107.2763398,{},"Periksa pintu masuk, kondisi fasilitas, hambatan, jam akses dan foto bertanggal di lapangan."
way/1375152895,,tag_supported,not_verified,https://www.openstreetmap.org/way/1375152895,batch-7.json,2026-09-05T10:24:51.878712+00:00,2025-05-07T09:00:56Z,2,{},"[""wheelchair=yes""]","[""no_recorded_accessibility_survey_date"", ""unnamed_object""]",,,False,-6.2549298,107.2774156,{},"Periksa pintu masuk, kondisi fasilitas, hambatan, jam akses dan foto bertanggal di lapangan."
way/1375152897,,tag_supported,not_verified,https://www.openstreetmap.org/way/1375152897,batch-7.json,2026-09-05T10:24:51.878712+00:00,2025-05-07T09:00:09Z,2,{},"[""wheelchair=yes""]","[""no_recorded_accessibility_survey_date"", ""unnamed_object""]",,,False,-6.2567042,107.2749549,{},"Periksa pintu masuk, kondisi fasilitas, hambatan, jam akses dan foto bertanggal di lapangan."
way/1386035291,Jembatan Juara Situ 7 Muara,tag_supported,not_verified,https://www.openstreetmap.org/way/1386035291,batch-7.json,2026-09-05T10:24:51.878712+00:00,2025-05-13T06:26:53Z,2,{},"[""wheelchair=yes""]","[""no_recorded_accessibility_survey_date""]",,,False,-6.388603,106.7509192,{},"Periksa pintu masuk, kondisi fasilitas, hambatan, jam akses dan foto bertanggal di lapangan."
way/1386035292,,tag_supported,not_verified,https://www.openstreetmap.org/way/1386035292,batch-7.json,2026-09-05T10:24:51.878712+00:00,2025-05-13T06:26:53Z,2,{},"[""wheelchair=yes""]","[""no_recorded_accessibility_survey_date"", ""unnamed_object""]",,,False,-6.388224,106.7503205,{},"Periksa pintu masuk, kondisi fasilitas, hambatan, jam akses dan foto bertanggal di lapangan."
way/1386042923,,tag_supported,not_verified,https://www.openstreetmap.org/way/1386042923,batch-7.json,2026-09-05T10:24:51.878712+00:00,2025-05-13T06:26:53Z,1,{},"[""wheelchair=yes""]","[""no_recorded_accessibility_survey_date"", ""unnamed_object""]",,,False,-6.3899839,106.7522293,{},"Periksa pintu masuk, kondisi fasilitas, hambatan, jam akses dan foto bertanggal di lapangan."
way/1388141204,Masjid Agung Al-Mujahidin,tag_supported_needs_review,not_verified,https://www.openstreetmap.org/way/1388141204,batch-7.json,2026-09-05T10:24:51.878712+00:00,2025-11-03T03:23:58Z,3,{},"[""wheelchair=yes""]","[""indoor_or_level_requires_entrance_check"", ""no_recorded_accessibility_survey_date""]",,,False,-6.3442357,106.7343185,{},"Periksa pintu masuk, kondisi fasilitas, hambatan, jam akses dan foto bertanggal di lapangan."
way/1389275311,,tag_supported,not_verified,https://www.openstreetmap.org/way/1389275311,batch-7.json,2026-09-05T10:24:51.878712+00:00,2025-05-27T13:35:15Z,2,{},"[""wheelchair=yes""]","[""no_recorded_accessibility_survey_date"", ""unnamed_object""]",,,False,-6.213266,106.8019261,{},"Periksa pintu masuk, kondisi fasilitas, hambatan, jam akses dan foto bertanggal di lapangan."
way/1389275314,,tag_supported,not_verified,https://www.openstreetmap.org/way/1389275314,batch-7.json,2026-09-05T10:24:51.878712+00:00,2025-05-27T13:35:15Z,2,{},"[""wheelchair=yes""]","[""no_recorded_accessibility_survey_date"", ""unnamed_object""]",,,False,-6.2132096,106.8022431,{},"Periksa pintu masuk, kondisi fasilitas, hambatan, jam akses dan foto bertanggal di lapangan."
way/1390073984,,tag_supported,not_verified,https://www.openstreetmap.org/way/1390073984,batch-7.json,2026-09-05T10:24:51.878712+00:00,2025-05-27T13:35:15Z,1,{},"[""wheelchair=yes""]","[""no_recorded_accessibility_survey_date"", ""unnamed_object""]",,,False,-6.2132188,106.8020889,{},"Periksa pintu masuk, kondisi fasilitas, hambatan, jam akses dan foto bertanggal di lapangan."
way/1390073985,,tag_supported,not_verified,https://www.openstreetmap.org/way/1390073985,batch-7.json,2026-09-05T10:24:51.878712+00:00,2025-05-28T00:24:15Z,2,{},"[""wheelchair=yes""]","[""no_recorded_accessibility_survey_date"", ""unnamed_object""]",,,False,-6.2131885,106.802132,{},"Periksa pintu masuk, kondisi fasilitas, hambatan, jam akses dan foto bertanggal di lapangan."
way/1394541620,,tag_supported,not_verified,https://www.openstreetmap.org/way/1394541620,batch-7.json,2026-09-05T10:24:51.878712+00:00,2025-06-12T12:49:25Z,1,{},"[""wheelchair=yes"", ""amenity=toilets + wheelchair=yes""]","[""no_recorded_accessibility_survey_date"", ""unnamed_object""]",,,False,-6.1731,107.0555271,{},"Periksa pintu masuk, kondisi fasilitas, hambatan, jam akses dan foto bertanggal di lapangan."
way/1395012752,Toilet Umum Danisa,tag_supported,not_verified,https://www.openstreetmap.org/way/1395012752,batch-7.json,2026-09-05T10:24:51.878712+00:00,2025-06-13T15:25:12Z,1,{},"[""wheelchair=yes"", ""amenity=toilets + wheelchair=yes""]","[""no_recorded_accessibility_survey_date""]",,,False,-6.1685571,107.0565277,{},"Periksa pintu masuk, kondisi fasilitas, hambatan, jam akses dan foto bertanggal di lapangan."
way/1396666331,Masjid Jami Al-Hidayah,tag_supported,not_verified,https://www.openstreetmap.org/way/1396666331,batch-7.json,2026-09-05T10:24:51.878712+00:00,2025-06-19T19:07:28Z,1,{},"[""wheelchair=yes""]","[""no_recorded_accessibility_survey_date""]",,,False,-6.2252857,106.9622674,{},"Periksa pintu masuk, kondisi fasilitas, hambatan, jam akses dan foto bertanggal di lapangan."
way/1396666334,Kantor Polisi Subsektor Bintara,tag_supported,not_verified,https://www.openstreetmap.org/way/1396666334,batch-7.json,2026-09-05T10:24:51.878712+00:00,2025-06-19T19:07:28Z,1,{},"[""wheelchair=yes""]","[""no_recorded_accessibility_survey_date""]",24/7,,False,-6.2306671,106.9598314,{},"Periksa pintu masuk, kondisi fasilitas, hambatan, jam akses dan foto bertanggal di lapangan."
way/1409678178,,tag_supported,not_verified,https://www.openstreetmap.org/way/1409678178,batch-7.json,2026-09-05T10:24:51.878712+00:00,2025-06-26T07:20:59Z,1,{},"[""wheelchair=yes"", ""amenity=toilets + wheelchair=yes""]","[""no_recorded_accessibility_survey_date"", ""unnamed_object""]",,,False,-6.066331,106.6982842,{},"Periksa pintu masuk, kondisi fasilitas, hambatan, jam akses dan foto bertanggal di lapangan."
way/1410823225,,tag_supported_needs_review,not_verified,https://www.openstreetmap.org/way/1410823225,batch-7.json,2026-09-05T10:24:51.878712+00:00,2025-06-30T04:29:27Z,1,{},"[""wheelchair=yes""]","[""access=no"", ""no_recorded_accessibility_survey_date"", ""unnamed_object""]",,,False,-6.374556,106.7686808,{},"Periksa pintu masuk, kondisi fasilitas, hambatan, jam akses dan foto bertanggal di lapangan."
way/1455973878,Gedung C Rumah Sakit Pusat Otak Nasional Prof. Dr. dr. Mahar Mardjono Jakarta,tag_supported,not_verified,https://www.openstreetmap.org/way/1455973878,batch-7.json,2026-09-05T10:24:51.878712+00:00,2025-12-06T12:16:22Z,2,"{""check_date"": ""2025-12-04""}","[""wheelchair=yes""]",[],,http://www.rspon.co.id/,False,-6.2465322,106.8695248,{},"Periksa pintu masuk, kondisi fasilitas, hambatan, jam akses dan foto bertanggal di lapangan."
way/1455973879,Gedung D Rumah Sakit Pusat Otak Nasional Prof. Dr. dr. Mahar Mardjono Jakarta,tag_supported,not_verified,https://www.openstreetmap.org/way/1455973879,batch-7.json,2026-09-05T10:24:51.878712+00:00,2026-02-18T20:18:31Z,5,"{""check_date"": ""2025-12-04""}","[""wheelchair=yes""]",[],,http://www.rspon.co.id/,False,-6.24607,106.8690479,{},"Periksa pintu masuk, kondisi fasilitas, hambatan, jam akses dan foto bertanggal di lapangan."
way/1458983149,,tag_supported,not_verified,https://www.openstreetmap.org/way/1458983149,batch-7.json,2026-09-05T10:24:51.878712+00:00,2025-12-16T10:13:08Z,1,{},"[""wheelchair=yes""]","[""no_recorded_accessibility_survey_date"", ""unnamed_object""]",Mo-Su 07:00-23:00,,False,-6.3327893,107.3096356,{},"Periksa pintu masuk, kondisi fasilitas, hambatan, jam akses dan foto bertanggal di lapangan."
way/1463849085,Unicare Aesthetic And Wellness Clinic,tag_supported,not_verified,https://www.openstreetmap.org/way/1463849085,batch-7.json,2026-09-05T10:24:51.878712+00:00,2026-06-22T07:38:40Z,4,{},"[""wheelchair=yes""]","[""no_recorded_accessibility_survey_date""]",Mo-Su 10:00-21:00,,False,-6.1268583,106.7049449,{},"Periksa pintu masuk, kondisi fasilitas, hambatan, jam akses dan foto bertanggal di lapangan."
way/1484489276,Hero Supermarket,tag_supported,not_verified,https://www.openstreetmap.org/way/1484489276,batch-7.json,2026-09-05T10:24:51.878712+00:00,2026-03-02T08:45:46Z,1,{},"[""wheelchair=yes""]","[""no_recorded_accessibility_survey_date""]",Mo-Su 07:00-22:00,,False,-6.3642235,106.9592734,{},"Periksa pintu masuk, kondisi fasilitas, hambatan, jam akses dan foto bertanggal di lapangan."
way/1498819883,Optik melawai,tag_supported,not_verified,https://www.openstreetmap.org/way/1498819883,batch-7.json,2026-09-05T10:24:51.878712+00:00,2026-04-12T15:30:37Z,1,{},"[""wheelchair=yes""]","[""no_recorded_accessibility_survey_date""]",Mo-Su 09:00-22:00,,False,-6.2340761,106.9690814,{},"Periksa pintu masuk, kondisi fasilitas, hambatan, jam akses dan foto bertanggal di lapangan."
way/1512783506,,tag_supported,not_verified,https://www.openstreetmap.org/way/1512783506,batch-7.json,2026-09-05T10:24:51.878712+00:00,2026-05-13T02:06:10Z,1,{},"[""wheelchair=yes""]","[""no_recorded_accessibility_survey_date"", ""unnamed_object""]",,,False,-6.329302,106.6823705,{},"Periksa pintu masuk, kondisi fasilitas, hambatan, jam akses dan foto bertanggal di lapangan."
way/1512783507,,tag_supported,not_verified,https://www.openstreetmap.org/way/1512783507,batch-7.json,2026-09-05T10:24:51.878712+00:00,2026-05-13T02:06:10Z,1,{},"[""wheelchair=yes""]","[""no_recorded_accessibility_survey_date"", ""unnamed_object""]",,,False,-6.3293734,106.6822213,{},"Periksa pintu masuk, kondisi fasilitas, hambatan, jam akses dan foto bertanggal di lapangan."
way/1512783508,,tag_supported,not_verified,https://www.openstreetmap.org/way/1512783508,batch-7.json,2026-09-05T10:24:51.878712+00:00,2026-05-13T02:06:10Z,1,{},"[""wheelchair=yes""]","[""no_recorded_accessibility_survey_date"", ""unnamed_object""]",,,False,-6.3292592,106.6821476,{},"Periksa pintu masuk, kondisi fasilitas, hambatan, jam akses dan foto bertanggal di lapangan."
way/1514024005,,tag_supported,not_verified,https://www.openstreetmap.org/way/1514024005,batch-7.json,2026-09-05T10:24:51.878712+00:00,2026-05-15T16:41:44Z,1,{},"[""tactile_paving=yes""]","[""no_recorded_accessibility_survey_date"", ""unnamed_object""]",,,False,-6.1877969,106.8241004,{},"Periksa pintu masuk, kondisi fasilitas, hambatan, jam akses dan foto bertanggal di lapangan."
way/1514024007,,tag_supported,not_verified,https://www.openstreetmap.org/way/1514024007,batch-7.json,2026-09-05T10:24:51.878712+00:00,2026-05-15T16:41:44Z,1,{},"[""tactile_paving=yes""]","[""no_recorded_accessibility_survey_date"", ""unnamed_object""]",,,False,-6.1871603,106.8233236,{},"Periksa pintu masuk, kondisi fasilitas, hambatan, jam akses dan foto bertanggal di lapangan."
way/1524070505,,tag_supported,not_verified,https://www.openstreetmap.org/way/1524070505,batch-7.json,2026-09-05T10:24:51.878712+00:00,2026-05-28T15:44:13Z,1,{},"[""tactile_paving=yes""]","[""no_recorded_accessibility_survey_date"", ""unnamed_object""]",,,False,-6.2099873,106.8506744,{},"Periksa pintu masuk, kondisi fasilitas, hambatan, jam akses dan foto bertanggal di lapangan."
way/1528471073,JPO Bersama BTN,tag_supported,not_verified,https://www.openstreetmap.org/way/1528471073,batch-7.json,2026-09-05T10:24:51.878712+00:00,2026-06-22T18:50:00Z,2,{},"[""tactile_paving=yes""]","[""no_recorded_accessibility_survey_date""]",,,False,-6.1212226,106.8616239,{},"Periksa pintu masuk, kondisi fasilitas, hambatan, jam akses dan foto bertanggal di lapangan."
way/1528471074,,tag_supported,not_verified,https://www.openstreetmap.org/way/1528471074,batch-7.json,2026-09-05T10:24:51.878712+00:00,2026-06-22T18:50:00Z,2,{},"[""tactile_paving=yes""]","[""no_recorded_accessibility_survey_date"", ""unnamed_object""]",,,False,-6.1197147,106.8617921,{},"Periksa pintu masuk, kondisi fasilitas, hambatan, jam akses dan foto bertanggal di lapangan."
way/1531485674,JPO Bersama BTN,tag_supported,not_verified,https://www.openstreetmap.org/way/1531485674,batch-7.json,2026-09-05T10:24:51.878712+00:00,2026-06-22T18:50:00Z,1,{},"[""tactile_paving=yes""]","[""no_recorded_accessibility_survey_date""]",,,False,-6.1206746,106.8614241,{},"Periksa pintu masuk, kondisi fasilitas, hambatan, jam akses dan foto bertanggal di lapangan."
way/1531485675,JPO Bersama BTN,tag_supported,not_verified,https://www.openstreetmap.org/way/1531485675,batch-7.json,2026-09-05T10:24:51.878712+00:00,2026-06-22T18:50:00Z,1,{},"[""tactile_paving=yes""]","[""no_recorded_accessibility_survey_date""]",,,False,-6.1216228,106.8613812,{},"Periksa pintu masuk, kondisi fasilitas, hambatan, jam akses dan foto bertanggal di lapangan."
way/1537505502,,tag_supported,not_verified,https://www.openstreetmap.org/way/1537505502,batch-7.json,2026-09-05T10:24:51.878712+00:00,2026-07-11T16:20:55Z,2,{},"[""wheelchair=designated""]","[""no_recorded_accessibility_survey_date"", ""unnamed_object""]",,,False,-6.1370522,106.814528,{},"Periksa pintu masuk, kondisi fasilitas, hambatan, jam akses dan foto bertanggal di lapangan."
way/1554920270,,tag_supported_needs_review,not_verified,https://www.openstreetmap.org/way/1554920270,batch-7.json,2026-09-05T10:24:51.878712+00:00,2026-09-04T01:14:43Z,1,{},"[""wheelchair=yes""]","[""access=permit"", ""no_recorded_accessibility_survey_date"", ""unnamed_object""]",,,False,-6.1622017,107.160724,{},"Periksa pintu masuk, kondisi fasilitas, hambatan, jam akses dan foto bertanggal di lapangan."
